Iteration	Posterior	Likelihood	Prior	matrix_probs[1]	matrix_probs[2]	matrix_probs[3]	matrix_probs[4]	neo_beta	rate_log_sd	tree_length	two_beta
0	-10398.02	-10899.3	501.282	0.415691	0.364134	0.0220624	0.198113	1.261733	1.104331	6.448832	2.204729
6	-10399.21	-10899.4	500.186	0.4207	0.358465	0.0203346	0.2005	1.434811	1.057968	6.923164	2.359599
12	-10393.92	-10894.67	500.7428	0.505453	0.313485	0.0214878	0.159574	1.362016	1.09163	6.639361	2.359599
18	-10390.78	-10891.41	500.6347	0.486908	0.358072	0.0234825	0.131537	1.332443	1.083696	6.591645	2.70911
24	-10388.04	-10888.97	500.9292	0.512852	0.333383	0.0152192	0.138546	1.296358	1.155981	6.389842	2.770304
30	-10401.47	-10902.63	501.1667	0.473274	0.374655	0.0242176	0.127854	1.317684	1.155981	6.389842	2.378022
36	-10407.75	-10907.84	500.0881	0.479192	0.37216	0.0196442	0.129004	1.451648	1.038044	6.747607	3.030489
42	-10389.33	-10889.15	499.8233	0.458062	0.371672	0.0289543	0.141311	1.398765	1.086304	7.001081	2.694412
48	-10388.95	-10888.92	499.972	0.416312	0.434705	0.0418833	0.1071	1.322823	1.124244	6.937357	2.694412
54	-10385.99	-10887.39	501.3976	0.379463	0.393623	0.0730818	0.153832	1.409546	1.194028	6.170725	2.454436
60	-10389.02	-10889.56	500.5476	0.526579	0.266492	0.101415	0.105513	1.295946	1.137937	6.737922	2.398311
66	-10390.99	-10891.36	500.3699	0.442974	0.207427	0.289267	0.0603315	1.295946	1.150203	6.590256	3.092339
72	-10389.01	-10890.09	501.077	0.533118	0.249638	0.144635	0.0726088	1.394352	1.125293	6.564046	2.001006
78	-10398.81	-10898.22	499.4025	0.471901	0.218288	0.241577	0.0682344	1.318307	0.9834308	6.867718	4.219665
84	-10390.94	-10889.55	498.6084	0.451344	0.199259	0.273425	0.0759713	1.313613	0.9239073	7.511611	3.553548
90	-10377.54	-10878.29	500.7539	0.59142	0.103198	0.200307	0.105075	1.377852	1.046843	6.5803	2.551064
96	-10382.56	-10882.78	500.2151	0.477765	0.26057	0.169609	0.0920554	1.577444	1.069431	6.065637	4.993431
102	-10395.32	-10898.88	503.5655	0.477765	0.26057	0.169609	0.0920554	1.433527	1.186844	5.439972	1.361992
108	-10404.55	-10906.62	502.073	0.482584	0.263198	0.119951	0.134267	1.520629	1.173348	5.381176	3.609871
114	-10408.4	-10909.14	500.742	0.564769	0.0903947	0.187704	0.157132	1.65838	1.175103	5.876244	4.222419
120	-10393.13	-10892.63	499.5064	0.581338	0.0776921	0.20009	0.14088	1.677626	1.055834	6.827621	3.421647
126	-10394.1	-10894.51	500.4104	0.581338	0.0776921	0.20009	0.14088	1.47274	1.179502	6.169989	4.111028
132	-10382.97	-10883.15	500.1758	0.566115	0.070454	0.201774	0.161657	1.555486	1.238311	6.114053	4.546471
138	-10386.09	-10887.08	500.9861	0.582292	0.0774545	0.201452	0.138801	1.555486	1.139615	6.133632	3.104001
144	-10375.34	-10875.78	500.446	0.567388	0.0819596	0.237196	0.113456	1.592507	1.106723	6.569548	2.67721
150	-10387.86	-10887.89	500.0363	0.583906	0.0552333	0.244101	0.116759	1.307409	1.101665	6.82732	2.979414
156	-10407.68	-10907.5	499.821	0.621317	0.0454145	0.225437	0.107831	1.393478	1.139306	6.530722	4.18171
162	-10414.17	-10914.99	500.821	0.632803	0.046254	0.211119	0.109825	1.414807	1.139306	6.423827	2.700009
168	-10396.05	-10896.9	500.8431	0.61646	0.0618401	0.237872	0.0838279	1.445046	1.090618	6.423827	2.700009
174	-10390.92	-10891.45	500.5378	0.570325	0.0769265	0.244269	0.10848	1.445046	1.156977	6.484539	2.903463
180	-10389.78	-10888.89	499.1086	0.598953	0.0807879	0.25653	0.0637292	1.349738	1.138119	6.902585	4.315333
186	-10397.68	-10898.34	500.6673	0.51214	0.0931192	0.309664	0.085077	1.276292	1.066478	6.639078	2.628381
192	-10406.39	-10905.92	499.5318	0.563711	0.0539928	0.340846	0.0414503	1.472192	1.062111	7.076339	2.872317
198	-10407.12	-10906.7	499.5773	0.550078	0.0526871	0.356787	0.0404479	1.267871	1.114409	7.076339	3.013419
204	-10397.53	-10899.12	501.5959	0.492736	0.0624807	0.384941	0.0598429	1.342501	1.174654	6.121291	2.41289
210	-10380.92	-10881.78	500.8591	0.48398	0.0602993	0.3781	0.077621	1.294394	1.140986	6.480525	2.64386
216	-10386.33	-10887	500.6696	0.508576	0.0892759	0.303809	0.0983384	1.636085	1.07419	6.49908	2.527615
222	-10365.07	-10866.54	501.4692	0.563263	0.0418829	0.336477	0.058377	1.229808	1.166447	5.876745	3.550501
228	-10382.58	-10882.21	499.631	0.553491	0.032316	0.358078	0.056115	1.574331	1.16889	6.67498	3.663745
234	-10394.07	-10893.9	499.822	0.564772	0.010389	0.332619	0.0922203	1.386823	1.055125	6.764476	3.514256
240	-10409.92	-10910.6	500.6829	0.533867	0.0638845	0.375903	0.0263462	1.292996	1.157369	6.429395	3.057562
246	-10400.44	-10900.79	500.3444	0.535479	0.0438246	0.36682	0.0538763	1.276527	1.091831	6.717341	2.870455
252	-10418.18	-10917.96	499.7769	0.635361	0.0328776	0.167774	0.163986	1.276527	1.088993	6.792126	3.625651
258	-10429.71	-10928.14	498.432	0.646524	0.0375093	0.154716	0.161251	2.327039	1.130176	6.792126	4.568964
264	-10382.77	-10883.18	500.4095	0.301533	0.512638	0.135935	0.0498941	1.035621	1.052053	7.412845	1.391268
270	-10378.6	-10880.74	502.1424	0.293449	0.474471	0.119641	0.11244	1.031995	1.122073	6.456605	1.363393
276	-10392.44	-10894.64	502.1955	0.29526	0.545022	0.0305591	0.129159	1.045913	1.233826	5.815722	2.688593
282	-10406.58	-10909.49	502.9075	0.331244	0.519219	0.0244441	0.125093	1.045913	1.213933	6.05738	1.21517
288	-10392.36	-10894.6	502.2441	0.33213	0.520609	0.0428505	0.10441	1.13983	1.135538	6.345074	1.347029
294	-10390.66	-10892.82	502.1654	0.407647	0.411609	0.0525935	0.12815	1.236602	1.203839	5.940685	2.169435
300	-10375.27	-10877.44	502.1632	0.407647	0.411609	0.0525935	0.12815	1.236602	1.206023	5.940685	2.169435
306	-10398.26	-10898.71	500.4453	0.517695	0.294955	0.0754641	0.111886	1.236602	1.16856	6.614764	2.951014
312	-10401.34	-10901.61	500.2679	0.533882	0.295382	0.0553526	0.115384	1.242485	1.141401	6.206299	4.796947
318	-10416.41	-10916.01	499.6032	0.408478	0.465727	0.012571	0.113225	1.290701	1.178567	6.522668	4.796947
324	-10403.11	-10901.67	498.5578	0.535705	0.298978	0.0226716	0.142646	1.232963	1.056223	6.763743	6.759921
330	-10396.03	-10893.85	497.817	0.581068	0.127486	0.0881409	0.203304	1.454913	1.062723	7.355387	5.283143
336	-10416.88	-10914.01	497.1254	0.617481	0.104556	0.0822979	0.195665	1.639029	1.193767	6.260562	13.70645
342	-10401.31	-10899.49	498.1854	0.689211	0.0448872	0.0642607	0.201641	1.845305	1.149506	6.69818	6.417753
348	-10400.44	-10899.79	499.3423	0.568121	0.153027	0.0673902	0.211461	1.845305	1.139559	6.372888	5.039886
354	-10392.91	-10892.89	499.9802	0.441536	0.256099	0.135271	0.167095	1.609971	1.063513	6.912641	2.462267
360	-10401.35	-10903.29	501.9432	0.52082	0.235093	0.112106	0.131982	1.335991	1.189689	5.568666	3.490325
366	-10395.78	-10898.62	502.8349	0.469892	0.212104	0.198928	0.119076	1.313285	1.189689	5.596293	2.036829
372	-10393.76	-10895.24	501.4746	0.469121	0.343266	0.0586957	0.128917	1.438278	1.223061	5.748709	3.519348
378	-10396.61	-10898.73	502.1206	0.403865	0.363898	0.0950431	0.137194	1.44563	1.250408	5.712179	2.497331
384	-10384.34	-10886.52	502.1845	0.421627	0.339724	0.158715	0.0799349	1.077922	1.047277	6.168901	1.993144
390	-10392.2	-10894.14	501.9384	0.393813	0.395344	0.091759	0.119084	1.274496	1.230577	5.839225	2.687315
396	-10399.52	-10901.05	501.5282	0.414055	0.365751	0.0885167	0.131677	1.275506	1.103075	6.458994	1.835146
402	-10403.49	-10905.42	501.9339	0.319856	0.370809	0.191	0.118335	1.093863	1.14541	5.995979	2.646477
408	-10398.72	-10900.82	502.0955	0.486699	0.350408	0.0327469	0.130146	1.442804	1.083388	5.995979	2.036132
414	-10409.92	-10910.2	500.2789	0.467373	0.336494	0.0725599	0.123573	1.39144	1.078741	6.953975	2.171251
420	-10402.46	-10903.72	501.2612	0.459128	0.301912	0.117568	0.121392	1.118745	1.008794	6.598103	2.171251
426	-10400.43	-10900.58	500.1486	0.446537	0.238068	0.238982	0.0764134	1.222113	0.9684349	7.323287	1.785535
432	-10394.88	-10894.78	499.9079	0.454516	0.188962	0.320858	0.0356643	1.162324	1.023851	6.717866	3.970935
438	-10391.67	-10891.85	500.1816	0.487863	0.143057	0.289955	0.0791257	1.132203	1.018576	6.878314	2.991906
444	-10391.17	-10892.61	501.444	0.520388	0.118461	0.309286	0.0518649	1.33936	1.073516	6.065673	2.973443
450	-10405.04	-10907.27	502.2383	0.452852	0.183315	0.321556	0.0422779	1.101528	1.098394	6.29184	1.550156
456	-10395.84	-10897.78	501.9341	0.4418	0.186127	0.325541	0.0465326	1.09052	1.064716	6.41689	1.69214
462	-10392.64	-10894.17	501.5269	0.436967	0.302615	0.214394	0.0460236	1.247685	1.181419	6.493198	1.69214
468	-10403.08	-10904.26	501.1781	0.513121	0.181076	0.251759	0.0540445	1.271314	1.106993	6.288718	2.785377
474	-10406.08	-10907.65	501.5723	0.566158	0.09643	0.277781	0.0596307	1.245748	1.15101	6.227403	2.326799
480	-10405.89	-10907.78	501.8903	0.514869	0.176179	0.252616	0.0563361	1.151445	1.125702	6.071778	2.447148
486	-10410.64	-10911.65	501.0033	0.546388	0.113228	0.271383	0.0690015	1.382679	1.162794	6.333359	2.683555
492	-10399.71	-10900.34	500.6318	0.518555	0.0973535	0.288585	0.0955072	1.455937	1.02507	6.639528	2.498637
498	-10410.35	-10909.43	499.082	0.516614	0.100731	0.287505	0.0951498	1.46181	1.041947	7.392845	2.696143
504	-10400.17	-10900.06	499.8891	0.375226	0.352471	0.207282	0.0650209	1.068996	1.072942	7.296892	2.254682
510	-10395.78	-10897.54	501.7564	0.366575	0.344346	0.220545	0.068534	1.057554	1.060745	6.472606	1.830877
516	-10391.94	-10892.58	500.6406	0.508015	0.269226	0.131259	0.0914993	1.353044	1.022855	6.841246	2.085559
522	-10400.43	-10901.06	500.6344	0.413337	0.327389	0.117694	0.14158	1.25407	1.045853	6.765621	2.387573
528	-10380	-10880.19	500.1897	0.415188	0.328855	0.118221	0.137735	1.25407	1.045853	6.955719	2.524676
534	-10409.03	-10909.31	500.2831	0.43375	0.29501	0.106054	0.165186	1.13049	1.075946	6.709072	3.259555
540	-10397.97	-10896.89	498.9128	0.483245	0.232842	0.180932	0.10298	1.251429	1.020131	6.925941	5.114692
546	-10404.63	-10904.94	500.3027	0.423365	0.331172	0.14707	0.0983931	1.09551	1.02998	7.159557	2.059576
552	-10402.4	-10901.46	499.0645	0.482332	0.295799	0.109772	0.112097	1.281969	1.09161	6.805953	5.047189
558	-10397.73	-10898.8	501.0647	0.462022	0.325451	0.10515	0.107377	1.311705	1.129377	6.205896	3.126806
564	-10401.05	-10902.64	501.5887	0.379859	0.386239	0.106468	0.127433	1.301784	1.128554	6.168471	2.418271
570	-10409.65	-10910.95	501.3037	0.370129	0.376346	0.129355	0.124169	1.050895	1.058845	6.756253	1.751318
576	-10404.95	-10906.12	501.1693	0.256347	0.540936	0.0869906	0.115726	1.050895	1.100638	6.829006	1.699167
582	-10413.63	-10915.88	502.2475	0.325846	0.51205	0.0635475	0.0985556	1.050895	1.19782	6.25118	1.568781
588	-10397.38	-10898.88	501.5006	0.430577	0.329115	0.147042	0.0932668	1.077466	1.122486	6.51044	1.966578
594	-10390.04	-10891.45	501.4142	0.306768	0.424988	0.198276	0.0699684	0.941743	1.092093	6.793783	1.624029
600	-10396.11	-10898.27	502.1613	0.294743	0.425603	0.153304	0.126349	1.065951	1.113215	6.324104	1.59467
606	-10390.74	-10891.69	500.9507	0.36202	0.450202	0.0828783	0.104899	1.01882	1.114781	6.939064	1.738749
612	-10385.81	-10888.23	502.4202	0.396157	0.426113	0.0784437	0.0992865	1.121397	1.250445	5.929997	1.936648
618	-10395.67	-10897.09	501.4263	0.302493	0.515786	0.0821656	0.0995555	0.929507	1.185683	6.730364	1.653259
624	-10397.34	-10901.44	504.1018	0.311625	0.531358	0.0544556	0.102561	1.051654	1.200447	5.237944	1.559291
630	-10383.92	-10887.54	503.6164	0.39808	0.416925	0.0539806	0.131015	1.161746	1.231399	5.237944	1.994916
636	-10406.84	-10910	503.1586	0.50014	0.327481	0.0502993	0.12208	1.510632	1.228542	5.275579	2.097913
642	-10398.47	-10900.79	502.3244	0.457049	0.286251	0.0398167	0.216883	1.510632	1.228403	5.528313	2.645175
648	-10400.07	-10902.42	502.3489	0.455428	0.285236	0.112067	0.147269	1.371064	1.154834	5.615245	2.665861
654	-10404.13	-10906.44	502.3015	0.466477	0.292156	0.114785	0.126581	1.238462	1.174136	5.810726	2.353689
660	-10406.16	-10907.39	501.2308	0.415584	0.32097	0.150676	0.112771	1.050496	1.072342	6.609731	2.187944
666	-10400.06	-10900.93	500.8698	0.416167	0.277742	0.193021	0.11307	1.246401	1.110888	6.396989	2.994429
672	-10392.91	-10894.5	501.5847	0.400173	0.388229	0.105846	0.105753	1.253638	1.169964	6.188682	2.373985
678	-10408.1	-10909.99	501.8926	0.402202	0.390197	0.0880885	0.119512	1.00043	1.170338	6.251065	2.120721
684	-10411.88	-10913.13	501.2449	0.402202	0.390197	0.0880885	0.119512	1.243656	1.079538	6.623615	1.876459
690	-10431.32	-10933.15	501.8292	0.310898	0.498615	0.0313788	0.159108	1.028644	1.159195	6.618172	1.342282
696	-10408.85	-10911.38	502.5287	0.285169	0.469077	0.0998125	0.145941	1.017428	1.125114	6.166009	1.546752
702	-10411.47	-10914.48	503.011	0.347394	0.428245	0.091124	0.133237	0.9589551	1.140959	5.928945	1.54142
708	-10398.17	-10901.24	503.0702	0.331404	0.438738	0.0933567	0.136502	0.9361645	1.15338	5.928945	1.484933
714	-10419.29	-10921.31	502.0216	0.336952	0.433188	0.119534	0.110326	0.9155335	1.083307	6.26712	2.140401
720	-10384.68	-10886.77	502.0976	0.389539	0.354451	0.138245	0.117766	1.101693	1.156707	6.07443	2.166907
726	-10408.24	-10910.92	502.6723	0.382326	0.34213	0.200824	0.074721	1.096364	1.180625	6.054232	1.463661
732	-10404.02	-10905.25	501.2316	0.372006	0.389569	0.118562	0.119864	1.230874	1.093854	6.538077	2.100761
738	-10412.19	-10913.17	500.9873	0.463551	0.225222	0.235707	0.0755201	1.360821	1.114749	6.538077	2.245786
744	-10418.56	-10920.31	501.7448	0.456469	0.224362	0.245141	0.0740278	1.242847	1.085869	6.547982	1.433592
750	-10408.96	-10910.07	501.114	0.479389	0.214901	0.234804	0.0709062	1.123742	1.049142	6.682657	2.09633
756	-10402.6	-10904.81	502.2058	0.459234	0.260581	0.224932	0.0552532	1.121377	1.124149	6.289548	1.540458
762	-10399.97	-10901.43	501.4649	0.440224	0.356773	0.117984	0.0850185	1.418612	1.124149	6.52136	1.586269
768	-10394.18	-10894.22	500.0406	0.478402	0.252254	0.176953	0.0923916	1.437764	1.076542	7.097679	2.078549
774	-10397.41	-10897.25	499.8323	0.472037	0.145922	0.268844	0.113197	1.230598	0.9900674	7.240764	2.383678
780	-10409.18	-10911.71	502.5276	0.407464	0.237268	0.257557	0.0977119	1.208504	1.136785	6.206445	1.243509
786	-10393.15	-10896.07	502.9161	0.448722	0.278589	0.23337	0.039319	1.018886	1.114153	6.106281	1.245356
792	-10413.93	-10916.04	502.1155	0.381967	0.289364	0.248617	0.0800524	0.8319273	1.120615	6.14078	2.407512
798	-10415.3	-10915.5	500.2033	0.345338	0.435544	0.161545	0.0575729	1.04717	1.088699	7.401388	1.599108
804	-10396.88	-10896.89	500.0034	0.330171	0.416415	0.189483	0.0639319	1.04717	0.9685553	7.495434	1.775941
810	-10410.28	-10911.14	500.8593	0.374182	0.271503	0.264928	0.089387	1.005579	1.043276	7.017839	1.775941
816	-10404.07	-10907.32	503.2537	0.381048	0.276485	0.269789	0.0726787	1.261053	1.227777	5.556823	1.609192
822	-10435.4	-10936.03	500.6321	0.452276	0.265469	0.210529	0.0717255	1.25595	1.086083	6.653421	2.640617
828	-10395.95	-10899.3	503.3474	0.424989	0.281641	0.217276	0.0760947	1.0081	1.213214	5.231298	2.640617
834	-10401.87	-10905.25	503.3785	0.315521	0.438628	0.182082	0.063769	1.093941	1.204157	5.692698	1.388907
840	-10408.12	-10910.22	502.1087	0.419705	0.315719	0.185452	0.0791252	1.063666	1.212279	6.215195	1.785845
846	-10404.51	-10907.29	502.7839	0.362484	0.341975	0.241035	0.0545058	0.9691156	1.071639	6.019017	1.686419
852	-10418.33	-10919.38	501.0503	0.397285	0.279304	0.214913	0.108498	1.349915	1.166183	6.167852	3.148848
858	-10405.14	-10905.84	500.7008	0.399047	0.341142	0.130664	0.129147	1.28679	1.110255	6.60162	2.601281
864	-10406.74	-10907.93	501.1882	0.368527	0.464249	0.11	0.0572233	1.075912	1.110255	6.543407	2.333145
870	-10422.78	-10924.92	502.1425	0.33255	0.433488	0.186622	0.0473395	0.9488751	1.185642	6.543407	1.210404
876	-10409.36	-10911.44	502.0778	0.337038	0.353649	0.25065	0.0586636	0.8014295	1.145833	6.183725	2.356939
882	-10406.9	-10906.96	500.0666	0.400448	0.382975	0.122943	0.0936338	1.084264	1.081291	7.303579	1.963006
888	-10415.57	-10915.81	500.2451	0.409869	0.368458	0.125836	0.0958366	1.082182	0.985186	6.979264	2.718057
894	-10408.07	-10909.5	501.4378	0.409869	0.368458	0.125836	0.0958366	1.231112	1.145112	6.652571	1.508728
900	-10398.25	-10900.94	502.6926	0.4037	0.384501	0.123942	0.0878578	0.9303486	1.145112	5.95715	1.901347
906	-10403.34	-10905.8	502.4584	0.34934	0.443549	0.146471	0.0606398	0.8692898	1.169559	6.261554	1.547278
912	-10400.36	-10902.42	502.0548	0.33261	0.41396	0.205185	0.0482443	0.7733558	1.115014	6.644288	1.377709
918	-10397.65	-10899.13	501.4744	0.332317	0.398181	0.184631	0.0848715	1.037253	1.019982	6.735168	1.653797
924	-10402.21	-10902.3	500.0922	0.392475	0.351032	0.154749	0.101743	1.129094	1.040169	7.279992	1.984067
930	-10401.68	-10902.99	501.3054	0.375933	0.364611	0.167855	0.0916012	1.035467	1.116782	6.552871	2.189075
936	-10407.16	-10908.61	501.4444	0.387543	0.375872	0.142155	0.0944302	1.317786	1.090376	6.552871	1.690742
942	-10399.14	-10899.9	500.7563	0.431455	0.411634	0.0517804	0.10513	1.12663	1.097899	6.80147	2.215669
948	-10423.95	-10926.15	502.1976	0.440317	0.420089	0.00936612	0.130227	1.176914	1.070574	6.349447	1.423139
954	-10405.59	-10907.06	501.4694	0.305891	0.583258	0.00478313	0.106068	1.113543	1.196941	6.349447	2.266291
960	-10408.7	-10910.43	501.7305	0.397954	0.450675	0.00239956	0.148971	1.113543	1.098239	6.349447	2.041476
966	-10414.47	-10916.27	501.8042	0.366873	0.491207	0.00137853	0.140542	1.145099	1.216269	6.228803	2.041476
972	-10405.87	-10906.95	501.0801	0.335743	0.439942	0.0798194	0.144495	0.9605714	1.024232	6.846029	1.985297
978	-10403.72	-10904.87	501.1486	0.454469	0.263686	0.2022	0.0796453	1.295764	0.9965143	6.556314	2.220759
984	-10397.68	-10899.22	501.5405	0.387531	0.324205	0.217897	0.0703666	0.9949924	1.136866	6.725202	1.508451
990	-10399.44	-10900.34	500.8947	0.284717	0.476244	0.187342	0.0516979	0.9721511	1.025157	7.362713	1.068948
996	-10403.92	-10905.43	501.5081	0.329768	0.386198	0.224156	0.0598782	0.8709822	1.090822	6.574491	2.119697
1002	-10401.48	-10903.96	502.4866	0.336061	0.467952	0.0660525	0.129935	1.05707	1.168037	6.131307	1.574706
1008	-10408.43	-10911.28	502.8519	0.367134	0.418756	0.07216	0.141949	1.021352	1.170882	5.948574	1.57748
1014	-10400.78	-10902.95	502.1729	0.333883	0.479821	0.0930189	0.0932764	0.9586375	1.126972	6.33636	1.665597
1020	-10411.22	-10910.87	499.6496	0.558275	0.0847595	0.270055	0.0869109	1.398781	1.058406	6.568448	4.557449
1026	-10394.39	-10894.29	499.9067	0.58062	0.0613454	0.262072	0.0959626	1.366311	1.058358	6.950937	2.800171
1032	-10413.65	-10914.63	500.9738	0.534798	0.102177	0.267933	0.0950931	1.598927	1.035864	6.396316	2.459744
1038	-10410.22	-10910.98	500.7615	0.438544	0.261601	0.21971	0.0801454	1.405494	1.133049	6.563572	2.420017
1044	-10408.62	-10911.19	502.563	0.449835	0.267129	0.200827	0.082209	1.070918	1.185198	5.967647	1.81132
1050	-10428.5	-10929.71	501.2175	0.376358	0.356141	0.190719	0.0767813	0.9865719	1.168313	6.724567	1.877207
1056	-10401.93	-10903.31	501.3736	0.424063	0.285519	0.13158	0.158838	1.217356	1.135652	6.444981	2.101699
1062	-10422.83	-10924.2	501.3648	0.410311	0.350715	0.0957328	0.143242	1.315534	1.100345	6.444981	2.038472
1068	-10414.55	-10915.75	501.1964	0.396908	0.371924	0.0926056	0.138563	1.171796	1.116083	6.444981	2.443219
1074	-10408.14	-10908.72	500.5876	0.38055	0.400632	0.0475916	0.171227	1.133794	1.133693	6.738349	2.571689
1080	-10418.35	-10918	499.6505	0.480987	0.314324	0.0655869	0.139102	1.617875	1.0523	7.115702	2.398899
1086	-10399.15	-10899.45	500.2966	0.472159	0.237292	0.185537	0.105012	1.24712	1.163135	6.674627	3.007031
1092	-10401.73	-10903.19	501.4597	0.515128	0.167881	0.202422	0.114569	1.378638	1.180331	5.968588	3.007031
1098	-10416.58	-10917.14	500.5573	0.540738	0.159014	0.19173	0.108518	1.378638	1.142215	6.060505	4.475145
1104	-10412.54	-10911.95	499.4113	0.549346	0.267804	0.0863742	0.0964756	1.434887	1.062363	7.073148	3.137738
1110	-10410.3	-10910.52	500.217	0.514754	0.242281	0.145977	0.0969873	1.464003	1.105678	6.49345	3.491345
1116	-10407.06	-10906.67	499.6108	0.578099	0.104167	0.163941	0.153793	1.585796	1.140159	6.74625	3.491345
1122	-10397.86	-10896.84	498.9779	0.606848	0.167443	0.119621	0.106088	1.570101	1.057213	6.791038	4.806076
1128	-10419.25	-10917.4	498.1455	0.6465	0.0674764	0.173004	0.11302	1.533924	1.055559	7.296144	4.642368
1134	-10395.34	-10894.7	499.3531	0.522028	0.0668911	0.277438	0.133644	1.374059	1.072323	6.774898	4.391468
1140	-10404.85	-10905.34	500.4906	0.51292	0.156128	0.272597	0.0583557	1.203649	1.007402	6.535664	3.4599
1146	-10401.7	-10901.75	500.0467	0.506998	0.165871	0.26945	0.0576819	1.203649	0.9895792	6.994314	2.796639
1152	-10390.52	-10888.38	497.8657	0.506998	0.165871	0.26945	0.0576819	1.177387	1.038688	7.503011	5.171156
1158	-10380.05	-10879.54	499.4961	0.512857	0.156231	0.272564	0.0583486	1.248863	1.025326	7.456371	2.214427
1164	-10404.09	-10902.77	498.6774	0.590923	0.0317796	0.314053	0.0632448	1.569272	1.03496	7.233189	3.769869
1170	-10395.27	-10896.22	500.9448	0.577131	0.0383447	0.322755	0.0617688	1.114582	1.06873	6.212221	3.769869
1176	-10397.71	-10897.06	499.3491	0.592314	0.0942206	0.263111	0.0503541	1.114582	1.06173	7.099109	3.697976
1182	-10396.76	-10898.62	501.8581	0.527266	0.0882708	0.321759	0.0627046	1.084076	1.088169	6.249006	2.172967
1188	-10401.1	-10901.22	500.1212	0.452097	0.218251	0.275887	0.0537652	1.13505	1.055773	6.765344	3.390157
1194	-10401.53	-10901.9	500.3691	0.501126	0.24192	0.164925	0.0920294	1.287799	1.045523	6.617167	3.200912
1200	-10394.65	-10895.88	501.2271	0.464733	0.255185	0.222461	0.0576214	0.9748087	1.159697	6.456609	2.58977
1206	-10385.94	-10887.09	501.1471	0.438927	0.296543	0.210108	0.0544217	1.195323	1.189592	6.367074	2.58977
1212	-10400.84	-10901.44	500.6005	0.497862	0.20209	0.238319	0.0617289	1.195323	1.078429	6.72916	2.572808
1218	-10417.24	-10916.89	499.6446	0.53377	0.136966	0.255508	0.0737559	1.348877	1.02816	6.921394	3.418496
1224	-10397.37	-10896.45	499.0802	0.606326	0.0844774	0.225415	0.0837816	1.595322	1.017925	7.229003	3.049008
1230	-10424.71	-10924.21	499.4982	0.607614	0.00210648	0.27913	0.111149	1.332633	1.032041	7.094226	3.130177
1236	-10408.26	-10909.84	501.5766	0.61075	0.00611051	0.271417	0.111723	1.535013	1.220372	5.756362	3.167958
1242	-10401.73	-10901.21	499.4778	0.613107	0.00227533	0.272464	0.112154	1.623672	1.114747	6.600951	4.264248
1248	-10424.09	-10923.56	499.4729	0.64397	0.00184237	0.220619	0.133569	1.767062	1.109217	6.511612	4.386912
1254	-10423.47	-10922.43	498.9622	0.644072	0.00103119	0.221061	0.133836	1.767062	1.085154	6.786603	4.442586
1260	-10393.11	-10894.27	501.1645	0.479606	0.205007	0.207884	0.107503	1.31099	1.077594	6.169057	3.161883
1266	-10392.36	-10893.63	501.2677	0.473245	0.182497	0.248558	0.0956996	1.209075	1.026999	6.56248	2.109079
1272	-10371.2	-10871.9	500.7034	0.408049	0.29896	0.235103	0.0578886	0.9895388	1.0449	7.090349	1.820865
1278	-10389.7	-10890.05	500.3418	0.392913	0.306604	0.241114	0.0593688	1.181431	1.050866	7.199184	1.777857
1284	-10387.12	-10889.75	502.631	0.339721	0.333468	0.26224	0.0645706	0.8993947	1.098147	6.155468	1.622078
1290	-10406.44	-10909.32	502.8785	0.370807	0.326504	0.216537	0.0861526	0.9109082	1.096896	5.785264	2.165214
1296	-10398.18	-10898.45	500.2727	0.483461	0.187329	0.282323	0.0468867	1.132095	1.016619	7.138764	2.123096
1302	-10403.33	-10903.11	499.7812	0.508282	0.113247	0.329176	0.0492939	1.440179	1.016619	7.101559	2.52279
1308	-10405.45	-10907.13	501.6844	0.508282	0.113247	0.329176	0.0492939	1.291806	1.077843	6.203902	2.271898
1314	-10424.2	-10924.74	500.5427	0.436027	0.282244	0.242363	0.0393666	1.205482	1.032703	7.054732	1.857995
1320	-10426.98	-10927.95	500.9766	0.431689	0.199622	0.312399	0.0562905	1.29144	1.067237	6.912166	1.511451
1326	-10409.65	-10911.18	501.5312	0.436285	0.244156	0.290689	0.0288693	0.9220482	1.07766	6.666787	1.812297
1332	-10415.23	-10916.36	501.1331	0.444409	0.308808	0.204145	0.0426368	1.240759	1.113502	6.666787	1.87731
1338	-10409.27	-10911.32	502.0464	0.396114	0.307995	0.243689	0.0522024	0.9394583	1.101238	6.343842	1.862922
1344	-10439.83	-10942.08	502.257	0.398863	0.310132	0.195679	0.0953258	1.013922	1.101238	6.311745	1.583346
1350	-10405.43	-10908.82	503.3993	0.232296	0.464966	0.250295	0.0524433	0.6707423	1.131197	5.900701	1.510446
1356	-10403.42	-10907.02	503.5965	0.240378	0.481143	0.22421	0.054268	0.7804129	1.148423	5.745661	1.456266
1362	-10414.81	-10917.94	503.1311	0.200269	0.498709	0.265201	0.0358204	0.6621685	1.179062	6.128821	1.297544
1368	-10415.86	-10919.21	503.3425	0.193105	0.496177	0.276208	0.0345093	0.5795789	1.118667	6.128821	1.228465
1374	-10412.93	-10916.45	503.5218	0.260291	0.546359	0.125797	0.0675527	0.6349724	1.066239	6.215864	0.8780018
1380	-10410.62	-10913.92	503.3018	0.242742	0.459295	0.226904	0.0710593	0.7140569	1.211976	5.817594	1.656375
1386	-10407.61	-10911.65	504.0391	0.242613	0.554845	0.128383	0.0741588	0.7140569	1.177251	5.77894	0.9650463
1392	-10404.99	-10908.66	503.6713	0.265666	0.607567	0.00965547	0.117111	0.9901052	1.190218	5.753551	1.081195
1398	-10413.86	-10915.33	501.4716	0.532498	0.313895	0.0132611	0.140346	1.175817	1.20485	5.804445	3.820063
1404	-10399.92	-10902.2	502.278	0.531512	0.299146	0.012638	0.156705	1.582057	1.277716	5.416404	2.866972
1410	-10412.34	-10913.28	500.943	0.529325	0.297915	0.0166998	0.15606	1.638426	1.220203	5.925588	3.593947
1416	-10391.95	-10893.27	501.3194	0.535772	0.28379	0.0224774	0.157961	1.616061	1.217503	5.925588	2.968451
1422	-10398.89	-10899.31	500.4157	0.539944	0.285147	0.0119556	0.162954	1.46942	1.210995	6.304712	3.563717
1428	-10405.99	-10907.18	501.1883	0.447453	0.357633	0.00844827	0.186466	1.366711	1.086654	6.304712	2.618589
1434	-10402.38	-10903.48	501.0946	0.492131	0.328287	0.00778373	0.171798	1.222724	1.150645	6.389591	2.626919
1440	-10403.59	-10905.27	501.6762	0.345792	0.404787	0.0375888	0.211832	1.222724	1.152616	6.300309	2.023318
1446	-10422.02	-10921.32	499.2984	0.481744	0.306709	0.0409385	0.170608	1.436077	1.049744	6.902827	3.951296
1452	-10421.99	-10921.73	499.741	0.461184	0.293619	0.0391913	0.206006	1.529819	1.081485	7.016352	2.608255
1458	-10417.79	-10919.77	501.9751	0.449123	0.278138	0.0721206	0.200618	1.195563	1.189546	5.906776	2.61636
1464	-10417.45	-10919.28	501.8238	0.361141	0.411245	0.154535	0.0730785	1.415973	1.155261	6.238031	1.750065
1470	-10413.17	-10914.31	501.1313	0.389103	0.426384	0.071677	0.112836	1.19997	1.156604	6.347332	2.715263
1476	-10402.2	-10903.16	500.9651	0.370792	0.406319	0.115362	0.107526	1.03166	1.037149	6.514025	2.94268
1482	-10400.81	-10901.66	500.8518	0.449763	0.32735	0.0802428	0.142645	1.269805	1.002881	6.724007	2.226756
1488	-10400.6	-10901.29	500.6881	0.448323	0.326302	0.0799859	0.14539	1.352752	1.01176	6.766724	2.226756
1494	-10405.51	-10906.2	500.6863	0.4796	0.279302	0.085566	0.155533	1.24268	1.007592	6.887664	2.064652
1500	-10406.98	-10907.2	500.2105	0.452705	0.339924	0.0807677	0.126603	1.266179	1.047465	7.110662	2.064652
1506	-10401.59	-10902.8	501.2091	0.30068	0.494888	0.117588	0.0868446	0.9497152	1.048634	7.071498	1.308604
1512	-10416.47	-10917.83	501.3583	0.503467	0.274445	0.132631	0.0894564	1.162557	0.9797072	6.554378	2.130689
1518	-10428.86	-10929.36	500.505	0.582326	0.109962	0.204244	0.103468	1.433029	1.160141	6.556839	2.752936
1524	-10409.97	-10911.41	501.4412	0.432524	0.383678	0.0134467	0.170351	1.10899	1.120391	6.627755	1.728856
1530	-10404.14	-10906.63	502.4916	0.363543	0.481219	0.0120566	0.143182	1.092179	1.19514	6.042396	1.691218
1536	-10414.4	-10916.08	501.6775	0.393745	0.396301	0.0797368	0.130217	1.143736	1.114457	6.347905	2.055637
1542	-10394.22	-10895.82	501.6021	0.400652	0.355592	0.149269	0.0944872	1.098914	1.133392	6.626343	1.534356
1548	-10405.69	-10907.21	501.5206	0.341522	0.44324	0.119306	0.0959318	0.9528706	1.149969	6.626343	1.789304
1554	-10413.23	-10914.67	501.4456	0.345324	0.448174	0.120634	0.0858686	1.027408	1.156402	6.626343	1.781552
1560	-10400.27	-10900.06	499.7851	0.508088	0.214911	0.171839	0.105162	1.283654	0.9778434	7.109838	2.771369
1566	-10402.29	-10903.6	501.3111	0.574314	0.0886971	0.21812	0.118869	1.337895	1.071583	6.185279	2.836556
1572	-10408.19	-10908.83	500.6428	0.541045	0.0487951	0.323848	0.0863118	1.337895	1.062844	6.725236	2.347475
1578	-10428.72	-10929.88	501.1655	0.565044	0.0928403	0.270122	0.0719929	1.268214	1.137232	6.436616	2.347475
1584	-10416.55	-10916.42	499.8766	0.518792	0.0983947	0.308883	0.0739312	1.383438	1.070786	6.538669	4.196552
1590	-10409.5	-10910.62	501.1275	0.540115	0.0613374	0.321578	0.0769699	1.283115	1.135987	6.172986	3.156602
1596	-10413.12	-10913.91	500.7896	0.567994	0.0860552	0.237964	0.107987	1.283115	1.168247	5.877638	4.834813
1602	-10396.26	-10896.15	499.891	0.531484	0.14592	0.266292	0.056305	1.33258	1.012968	6.986951	2.839869
1608	-10408.08	-10908.79	500.718	0.575085	0.0758537	0.288137	0.0609241	1.371907	1.095394	6.272668	3.487012
1614	-10412.25	-10913.1	500.8573	0.541033	0.209066	0.105545	0.144356	1.477187	1.111272	6.366954	2.766227
1620	-10399.05	-10899.44	500.3934	0.537062	0.106257	0.213385	0.143296	1.477187	1.081584	6.366954	3.620252
1626	-10410.44	-10911.19	500.7512	0.565718	0.0941717	0.198396	0.141714	1.237552	1.097318	6.022183	4.583598
1632	-10390.89	-10891.48	500.5923	0.57373	0.0992826	0.242469	0.0845181	1.318044	1.166912	6.229788	3.82967
1638	-10401.04	-10901.33	500.295	0.550581	0.0952768	0.232686	0.121456	1.381413	1.141481	6.15818	4.651416
1644	-10414.48	-10915.45	500.9715	0.570495	0.0826188	0.221037	0.125849	1.338042	1.044695	6.377905	2.855515
1650	-10411.96	-10914.18	502.2172	0.43681	0.188766	0.311857	0.0625672	1.035566	1.162251	6.052854	2.138176
1656	-10408.45	-10910.69	502.2412	0.483828	0.217106	0.241847	0.057219	1.093935	1.176359	6.023263	2.08182
1662	-10400.99	-10902.74	501.7518	0.505515	0.157063	0.272864	0.0645575	1.508376	1.153995	5.969255	2.4091
1668	-10395.15	-10896.08	500.9275	0.582674	0.0571606	0.285754	0.0744112	1.18855	1.175809	6.05244	4.030926
1674	-10400.94	-10901.93	500.9865	0.56023	0.103629	0.304494	0.0316468	1.388028	1.136015	6.272782	2.924762
1680	-10390.68	-10893.22	502.5415	0.573819	0.100897	0.294471	0.0308125	1.004383	1.244776	5.460453	3.238235
1686	-10383.16	-10885.26	502.1019	0.560506	0.119474	0.193019	0.127002	1.286878	1.154315	5.60288	3.238235
1692	-10393.75	-10894.03	500.2762	0.535964	0.138006	0.129415	0.196616	1.37622	1.161034	6.343376	3.948059
1698	-10410.94	-10910.91	499.9777	0.506051	0.178563	0.129745	0.185642	1.37622	1.018031	6.688253	3.573372
1704	-10402.52	-10903.21	500.6921	0.559896	0.157011	0.137213	0.145879	1.752957	1.104046	5.94369	4.060296
1710	-10419.89	-10921.98	502.0938	0.594732	0.16678	0.0848023	0.153685	1.474962	1.146659	5.278189	4.060296
1716	-10413.96	-10916.09	502.1218	0.542854	0.133652	0.200336	0.123158	1.365271	1.165258	5.362365	3.857753
1722	-10427.75	-10928.76	501.0176	0.504361	0.195083	0.186131	0.114425	1.365271	1.10761	5.999415	3.857753
1728	-10420.07	-10921.76	501.6839	0.53135	0.15201	0.196091	0.120549	1.390162	1.164199	5.610071	3.792556
1734	-10405.37	-10907.52	502.1529	0.586953	0.0881468	0.184342	0.140558	1.637683	1.241264	5.594648	2.5388
1740	-10429.66	-10931.93	502.2727	0.601419	0.0322556	0.159079	0.207246	1.637111	1.234296	5.12216	3.819133
1746	-10424.88	-10926.53	501.6453	0.540549	0.112096	0.168618	0.178736	1.52127	1.203402	6.069725	2.210354
1752	-10415.44	-10917.43	501.9912	0.507013	0.188846	0.179592	0.124548	1.266658	1.149216	5.994049	2.315247
1758	-10420.99	-10923.16	502.1709	0.501265	0.201228	0.17437	0.123136	1.294119	1.112484	5.994049	2.079909
1764	-10415.75	-10918.56	502.8113	0.512682	0.148236	0.213141	0.125941	1.238117	1.139159	5.492388	2.510174
1770	-10420.93	-10922.91	501.9745	0.392088	0.34117	0.167669	0.0990724	1.292889	1.134405	6.170977	1.88233
1776	-10409.44	-10910.85	501.4034	0.382963	0.418091	0.102179	0.0967668	1.321108	1.14282	6.326001	2.221655
1782	-10408.12	-10909.94	501.8201	0.417914	0.329044	0.0748494	0.178193	1.213629	1.094298	6.238085	2.073828
1788	-10420.99	-10922.24	501.2493	0.44956	0.353961	0.0805173	0.115962	1.511009	1.063222	6.295782	2.396184
1794	-10408.13	-10908.46	500.3288	0.474168	0.214086	0.139353	0.172394	1.495205	1.04031	6.68214	2.769212
1800	-10411.41	-10910.18	498.7656	0.480473	0.285303	0.0500673	0.184157	1.362245	0.992909	7.611061	2.769212
1806	-10417.91	-10918.16	500.2477	0.509368	0.249471	0.0440326	0.197129	1.415013	1.023178	6.593594	3.328679
1812	-10406.78	-10908.41	501.6355	0.535944	0.223417	0.0439371	0.196701	1.517918	1.195762	5.695338	3.328679
1818	-10407.25	-10909.28	502.0255	0.566484	0.235992	0.0639119	0.133613	1.334703	1.155251	5.947673	2.289888
1824	-10419.72	-10921.51	501.7887	0.578368	0.219963	0.0652527	0.136416	1.575151	1.18351	5.946768	2.289888
1830	-10411.54	-10913.01	501.4668	0.571972	0.036111	0.177842	0.214075	1.575151	1.161494	5.865113	3.058386
1836	-10403.36	-10904.75	501.3879	0.637641	0.0751993	0.173818	0.113342	1.427099	1.161494	5.977926	3.058386
1842	-10429.73	-10930.32	500.589	0.617869	0.0793026	0.183302	0.119526	1.555601	1.122751	5.908248	4.72108
1848	-10413.06	-10913.57	500.51	0.679555	0.0039554	0.18503	0.13146	1.555601	1.185963	6.041959	4.229468
1854	-10407.49	-10909.2	501.7091	0.679555	0.0039554	0.18503	0.13146	1.630044	1.21177	5.422248	3.914318
1860	-10414.02	-10915.46	501.4408	0.636684	0.00448458	0.209784	0.149047	1.617069	1.20834	5.735602	3.372994
1866	-10420.54	-10921.94	501.4018	0.635529	0.00447645	0.177819	0.182175	1.306854	1.158896	5.761382	3.961875
1872	-10418.3	-10917.89	499.5824	0.660927	0.00476284	0.175605	0.158705	1.907922	1.160299	6.477112	3.961875
1878	-10408.88	-10909.36	500.478	0.662216	0.00282078	0.175948	0.159015	1.767836	1.159017	6.211866	3.402291
1884	-10412.63	-10913.27	500.6337	0.658623	0.00823122	0.174993	0.158152	1.767836	1.133798	6.343062	2.77112
1890	-10405.94	-10906.47	500.5302	0.657787	0.00949035	0.174771	0.157951	1.356699	1.114191	6.009252	4.846872
1896	-10400.42	-10901.26	500.8445	0.593956	0.00259529	0.265614	0.137835	1.280325	1.100602	6.683408	2.191636
1902	-10390.22	-10891.24	501.0151	0.539373	0.00235679	0.319521	0.138749	1.283014	1.085428	6.359297	2.855824
1908	-10395.16	-10896.04	500.884	0.598717	0.00702788	0.245334	0.148921	1.731633	1.114092	6.060995	3.304327
1914	-10383.08	-10884.24	501.1647	0.562136	0.0946705	0.230344	0.112849	1.217113	1.123048	6.060995	3.591632
1920	-10377.38	-10878.05	500.6701	0.534175	0.139702	0.218887	0.107236	1.338491	1.125677	6.21358	3.780731
1926	-10394.57	-10894.34	499.776	0.606899	0.0443196	0.248687	0.100095	1.481161	1.075103	6.657201	3.780731
1932	-10380.06	-10878.66	498.5973	0.610002	0.0329974	0.214769	0.142231	1.700712	1.043099	7.222433	3.737179
1938	-10387.23	-10886.61	499.3844	0.63709	0.0392021	0.20214	0.121568	1.51549	1.124368	6.717256	4.181743
1944	-10385.49	-10884.05	498.5541	0.631257	0.0470085	0.20128	0.120455	1.732636	1.056638	6.833068	5.299358
1950	-10391.68	-10890.28	498.6046	0.598527	0.0860236	0.166726	0.148724	1.669755	1.057348	6.833068	5.299358
1956	-10387.57	-10886.4	498.8302	0.50277	0.240409	0.131891	0.12493	1.462927	0.9923263	7.533861	2.755002
1962	-10404.2	-10905.28	501.0779	0.484084	0.249444	0.136847	0.129625	1.269608	1.102008	6.311453	2.890193
1968	-10412.21	-10913.54	501.3296	0.410606	0.281381	0.154368	0.153646	1.146416	1.062928	6.22232	3.001614
1974	-10403.35	-10905.92	502.5685	0.39797	0.412702	0.0494902	0.139838	1.225883	1.154698	5.93639	1.728337
1980	-10396.13	-10898.96	502.8301	0.463629	0.311193	0.0644858	0.160692	1.350715	1.172526	5.354944	2.654261
1986	-10419.27	-10919.87	500.6	0.469381	0.291089	0.0687697	0.17076	1.332293	1.062087	6.264506	3.869226
1992	-10394.23	-10894.85	500.6159	0.546174	0.248962	0.0588172	0.146047	1.743245	1.022139	6.23879	3.347023
1998	-10405.83	-10905.63	499.8001	0.544037	0.262492	0.0585871	0.134884	1.743245	1.108428	6.521099	3.733152
2004	-10383.87	-10884.98	501.1076	0.487519	0.253024	0.221682	0.0377757	1.170812	1.154893	6.389392	2.676916
2010	-10406.75	-10907.43	500.679	0.466747	0.242243	0.245199	0.0458111	1.129502	1.03784	6.914042	2.112763
2016	-10415.96	-10915.63	499.6714	0.508069	0.175158	0.266907	0.0498668	1.329584	1.064677	6.723588	4.02953
2022	-10425.59	-10925.9	500.3062	0.409939	0.334249	0.0991159	0.156696	1.39488	1.121297	6.888794	2.23862
2028	-10403.49	-10905.24	501.7494	0.408913	0.333413	0.101371	0.156304	1.168351	1.140528	6.445305	1.669417
2034	-10414.98	-10916.33	501.3502	0.35655	0.335675	0.187815	0.11996	1.148349	1.113372	6.777399	1.470137
2040	-10409.68	-10909.92	500.2411	0.360275	0.339182	0.189778	0.110765	1.088524	1.071323	7.301797	1.751048
2046	-10410.81	-10911.48	500.6689	0.381762	0.329331	0.184266	0.10464	1.096127	1.046093	7.261883	1.356143
2052	-10412.9	-10914.97	502.0646	0.352737	0.350789	0.180918	0.115555	0.9616501	1.075066	6.565869	1.356143
2058	-10402.56	-10903.38	500.8237	0.369256	0.327171	0.25183	0.0517431	1.090027	1.071698	6.749424	2.345085
2064	-10415.98	-10917.47	501.493	0.393597	0.282819	0.26843	0.0551539	1.166119	1.064967	6.381085	2.265644
2070	-10410.31	-10910.61	500.2968	0.507489	0.253475	0.0787989	0.160238	1.361103	1.036759	6.906989	2.368339
2076	-10418.4	-10919.27	500.8707	0.476339	0.299297	0.0739622	0.150402	1.404854	1.097542	6.564524	2.310841
2082	-10417.42	-10918.03	500.6062	0.477727	0.300168	0.0712643	0.150841	1.413088	1.061646	6.722997	2.310841
2088	-10417.23	-10918.28	501.0426	0.395666	0.42038	0.059023	0.12493	1.250769	1.088067	6.383076	2.7848
2094	-10422.4	-10922.21	499.8034	0.372044	0.330707	0.218795	0.0784541	1.1805	1.109855	7.033006	2.91522
2100	-10393.19	-10894.19	500.9914	0.405627	0.324169	0.206631	0.0635725	1.033125	1.036254	6.779067	2.159074
2106	-10406.2	-10908.25	502.0486	0.386176	0.370379	0.196722	0.0467232	1.019448	1.107997	6.459839	1.493228
2112	-10390.02	-10893.08	503.0622	0.330929	0.317392	0.292743	0.0589361	1.019448	1.156367	5.996037	1.259843
2118	-10380.65	-10882.64	501.9879	0.339084	0.430394	0.148083	0.08244	0.8844505	1.130458	6.609371	1.378097
2124	-10385.32	-10887.59	502.2674	0.318082	0.403737	0.200847	0.077334	0.8236581	1.108353	6.504131	1.378097
2130	-10379.3	-10881.5	502.1944	0.35152	0.418262	0.144755	0.0854636	0.9086398	1.093524	6.504131	1.378097
2136	-10404.13	-10906.15	502.0126	0.355337	0.361462	0.209344	0.0738575	1.214033	1.178636	6.067911	2.122249
2142	-10410.93	-10911.54	500.6061	0.471661	0.249705	0.203253	0.075381	1.23956	1.128823	7.091144	1.540093
2148	-10392.9	-10893.93	501.034	0.457499	0.272234	0.19715	0.0731175	1.192053	1.039872	6.708493	2.063942
2154	-10380.33	-10880.89	500.555	0.531114	0.155131	0.228873	0.0848826	1.228834	1.042824	6.872594	2.254408
2160	-10409.2	-10909.98	500.7722	0.388692	0.34017	0.164961	0.106177	1.073784	1.034913	6.73256	2.546039
2166	-10395.93	-10895.87	499.9443	0.39768	0.348036	0.145652	0.108632	1.038569	1.015728	7.213835	2.528257
2172	-10390.31	-10890.56	500.2413	0.410421	0.253662	0.28658	0.0493366	1.186806	1.026986	7.13778	2.082947
2178	-10406.48	-10906.04	499.556	0.405581	0.25067	0.283201	0.0605486	1.062629	0.9369833	7.321861	2.909643
2184	-10401.52	-10901.66	500.1391	0.347434	0.279442	0.315707	0.057417	1.077611	1.030887	7.282815	1.993505
2190	-10412.49	-10913.73	501.2372	0.435695	0.218862	0.279764	0.0656785	1.132076	1.082456	6.264551	3.016566
2196	-10425.29	-10925.19	499.9004	0.543823	0.131748	0.24245	0.0819782	1.819107	1.026592	6.912775	2.383728
2202	-10405.49	-10906.39	500.9047	0.420826	0.192237	0.2723	0.114636	1.154126	0.9789593	6.912775	1.863227
2208	-10417.89	-10917.19	499.3086	0.507905	0.215811	0.137927	0.138357	1.634083	0.9911245	7.018541	3.321689
2214	-10415.86	-10915.71	499.8481	0.469311	0.253745	0.127446	0.149498	1.377342	1.064753	6.899452	3.026325
2220	-10402.68	-10903.4	500.7193	0.419443	0.253759	0.193185	0.133613	1.158757	1.074832	6.894358	2.019596
2226	-10405.29	-10906.73	501.4364	0.434783	0.265336	0.20025	0.0996306	1.158757	1.149862	6.390416	2.211286
2232	-10395.67	-10895.86	500.1849	0.435807	0.244188	0.220139	0.0998653	1.370342	1.070786	6.636931	3.284034
2238	-10384.48	-10885.3	500.8148	0.524885	0.172081	0.182756	0.120277	1.281413	1.061298	6.553639	2.645305
2244	-10381.02	-10880.68	499.659	0.535158	0.160747	0.194407	0.109688	1.182123	1.064499	7.290154	2.461135
2250	-10381.73	-10881.3	499.572	0.532874	0.173221	0.193577	0.100329	1.150199	1.051057	6.770293	4.43025
2256	-10389.67	-10890.79	501.1209	0.550409	0.158972	0.195967	0.0946523	1.208523	1.091818	6.464088	2.487593
2262	-10395.37	-10896.5	501.1307	0.521504	0.119377	0.288042	0.0710772	1.465925	1.056782	6.464088	2.18696
2268	-10385.6	-10885.95	500.3542	0.498899	0.248423	0.15361	0.0990681	1.308225	1.07355	6.883138	2.365407
2274	-10376.32	-10875.68	499.3614	0.447201	0.270003	0.171919	0.110877	1.246146	1.088957	7.13887	3.262603
2280	-10371.24	-10873.25	502.0086	0.330608	0.402224	0.186604	0.080564	1.246146	1.164922	6.378453	1.396189
2286	-10384.52	-10885.57	501.0424	0.329617	0.401018	0.176338	0.0930265	1.089145	1.046688	7.040156	1.406715
2292	-10362.84	-10863.56	500.7221	0.319921	0.393004	0.196785	0.0902901	1.175796	1.083016	6.960638	1.823695
2298	-10389.03	-10889.65	500.6225	0.531061	0.111286	0.280072	0.0775809	1.411712	1.125347	6.457184	2.947601
2304	-10402.52	-10901.9	499.3724	0.558177	0.0504275	0.309853	0.0815422	1.613072	1.045896	6.86076	3.673086
2310	-10404.84	-10903.92	499.0837	0.616602	0.0215155	0.271805	0.0900772	1.861038	1.045896	6.908604	3.673086
2316	-10404.22	-10903.39	499.1766	0.563757	0.0632289	0.290657	0.0823573	1.861038	1.133236	6.712109	4.031293
2322	-10397.42	-10898.36	500.9395	0.515645	0.102409	0.287461	0.0944856	1.534956	1.148521	6.306052	2.676407
2328	-10415.86	-10916.3	500.4385	0.515645	0.102409	0.287461	0.0944856	1.534956	1.173214	6.20524	3.832441
2334	-10419.89	-10920.62	500.7314	0.358211	0.412598	0.118509	0.110682	1.419506	1.142213	6.566893	2.42349
2340	-10405.7	-10908.23	502.5268	0.503166	0.226476	0.156151	0.114208	1.47994	1.162787	5.687465	2.064542
2346	-10409.49	-10911.09	501.5905	0.478689	0.267653	0.17826	0.0753977	1.35264	1.094572	6.296882	2.064542
2352	-10398.82	-10900.31	501.4902	0.455618	0.30295	0.169668	0.0717637	1.212353	1.108443	6.296882	2.367464
2358	-10411.32	-10913.7	502.3769	0.384398	0.347592	0.182076	0.0859339	1.125775	1.107155	6.111396	1.744942
2364	-10396.4	-10898.75	502.3489	0.568361	0.116106	0.204771	0.110762	1.382715	1.140671	5.808314	2.153435
2370	-10435.25	-10937.51	502.2584	0.338456	0.457559	0.113766	0.0902187	1.276869	1.147149	6.164631	1.549241
2376	-10410.26	-10912.27	502.0095	0.291944	0.494056	0.0662865	0.147713	1.276869	1.124153	6.312418	1.549241
2382	-10416.08	-10918.54	502.4666	0.29193	0.494031	0.0663332	0.147706	0.9476758	0.9858318	6.312418	1.549241
2388	-10409.66	-10912.13	502.4701	0.306809	0.480876	0.0570815	0.155234	1.039472	0.9858318	6.394381	1.271026
2394	-10414.58	-10913.12	498.5329	0.395105	0.384885	0.0957636	0.124246	1.220449	0.9902692	7.738808	2.975393
2400	-10411.7	-10912.09	500.3852	0.371055	0.422326	0.0899346	0.116684	1.271875	0.9464962	7.100265	1.984639
2406	-10421.95	-10922.26	500.3089	0.466727	0.386811	0.0493251	0.0971377	1.449433	1.056559	6.640651	2.964579
2412	-10415.32	-10916.31	500.9896	0.352308	0.411866	0.122424	0.113402	0.9903497	1.020583	6.929645	1.866572
2418	-10418.05	-10919.9	501.8514	0.334832	0.449545	0.116352	0.099271	0.9955757	1.0982	6.373461	1.976161
2424	-10410.67	-10911.06	500.3914	0.494321	0.273704	0.141292	0.0906826	1.139264	1.050517	6.847067	2.68405
2430	-10400.46	-10900.74	500.2809	0.46689	0.258515	0.133451	0.141144	1.323003	1.022678	6.816974	2.719125
2436	-10397.61	-10898.96	501.3478	0.472015	0.252386	0.133939	0.14166	1.400586	1.033096	6.065459	3.111703
2442	-10396.45	-10898.06	501.6139	0.388509	0.455606	0.0779042	0.0779805	1.101431	1.184635	6.299298	2.22649
2448	-10395.5	-10898.01	502.5053	0.377517	0.409384	0.125433	0.0876658	0.9364112	1.08579	6.045047	2.005573
2454	-10389.56	-10891.45	501.89	0.377517	0.409384	0.125433	0.0876658	1.171	1.144922	6.322322	1.76717
2460	-10403.87	-10906.62	502.7506	0.503435	0.20029	0.16727	0.129005	1.343308	1.240552	5.528126	2.21589
2466	-10376.69	-10877.29	500.6013	0.484263	0.242575	0.1609	0.112262	1.29046	1.15838	6.559803	2.797909
2472	-10389.25	-10889.41	500.1582	0.416443	0.272084	0.185555	0.125918	1.29046	1.068458	6.811644	2.906537
2478	-10402.46	-10903.21	500.7497	0.423424	0.291017	0.15753	0.128029	1.17433	1.053548	7.014979	1.701628
2484	-10412	-10912.08	500.0866	0.386758	0.339945	0.189942	0.083355	1.198633	0.9996761	6.931453	2.912496
2490	-10412.78	-10914.34	501.5674	0.499237	0.268187	0.153455	0.0791212	1.396074	1.150762	6.378789	1.774205
2496	-10409.78	-10912.24	502.4581	0.489767	0.284838	0.136895	0.0884998	1.196149	1.099803	5.895623	2.075763
2502	-10417.86	-10918.29	500.429	0.505525	0.294002	0.109125	0.0913472	1.438662	1.099803	6.543712	3.006765
2508	-10399.88	-10899.48	499.594	0.481129	0.248451	0.103859	0.166561	1.439718	0.9956566	6.882638	3.554256
2514	-10396.81	-10896.15	499.3363	0.519093	0.186893	0.112054	0.181959	1.514315	1.041442	6.841228	3.984236
2520	-10381.51	-10881.71	500.2044	0.522528	0.188129	0.191238	0.0981045	1.284762	1.049754	6.841228	2.781646
2526	-10390.02	-10891.41	501.3859	0.414606	0.286364	0.19661	0.102421	1.132476	1.12765	6.306954	2.580278
2532	-10388.4	-10890.28	501.8824	0.431603	0.298104	0.214907	0.0553859	1.14684	1.154867	6.198134	2.092882
2538	-10410.54	-10912.17	501.6324	0.451635	0.310444	0.174086	0.063835	1.074004	1.20079	6.198134	2.485437
2544	-10406.91	-10908.79	501.8816	0.37017	0.438698	0.138811	0.0523206	1.177307	1.157302	6.058376	2.413156
2550	-10403.79	-10904.89	501.1013	0.374212	0.443488	0.151496	0.0308038	1.026234	1.157302	6.825754	1.750688
2556	-10401.78	-10902.67	500.8903	0.328436	0.389238	0.250387	0.0319389	0.9723044	1.060534	7.052956	1.676815
2562	-10419.1	-10920.55	501.4525	0.301775	0.404691	0.260327	0.0332068	0.9576802	1.044106	6.459021	2.443513
2568	-10384.84	-10886.08	501.2417	0.448969	0.293945	0.157395	0.0996914	1.13184	1.141999	6.427011	2.443513
2574	-10387.34	-10888.16	500.821	0.420662	0.299625	0.1736	0.106113	1.13184	1.100653	7.008874	1.621078
2580	-10400.63	-10900.79	500.1599	0.433849	0.365739	0.0392079	0.161204	1.13184	1.090501	7.002748	2.544925
2586	-10399.63	-10900.25	500.612	0.453089	0.381958	0.0409466	0.124007	1.337012	1.049704	6.736751	2.381654
2592	-10408.14	-10908.93	500.7897	0.362208	0.424735	0.0751612	0.137895	1.101044	1.082307	6.742727	2.381654
2598	-10400.98	-10901.79	500.8101	0.314017	0.509977	0.022481	0.153525	1.039675	1.042859	6.816733	2.297885
2604	-10406.41	-10907.85	501.4381	0.370059	0.430424	0.045602	0.153915	1.102648	1.042859	6.746762	1.567489
2610	-10393.9	-10894.34	500.4469	0.48025	0.260825	0.0591806	0.199745	1.418522	1.039772	6.871819	2.170425
2616	-10398.29	-10897.98	499.6908	0.477135	0.35616	0.016035	0.15067	1.437224	1.035509	6.950264	3.092552
2622	-10397.25	-10896.78	499.5342	0.505037	0.296725	0.038758	0.159481	1.286319	1.08914	7.143084	2.892995
2628	-10393.9	-10892.07	498.163	0.468701	0.342298	0.0510844	0.137917	1.286319	1.009508	7.584811	4.031935
2634	-10383.43	-10884.01	500.5848	0.417881	0.321259	0.13142	0.12944	1.271316	1.09312	6.970286	1.848901
2640	-10385.61	-10886.61	500.9934	0.476853	0.285712	0.0897272	0.147707	1.295498	1.074489	6.342621	2.940765
2646	-10399.29	-10899.97	500.6779	0.549048	0.20906	0.116822	0.12507	1.359934	1.113517	6.162895	3.933209
2652	-10410.62	-10912.83	502.2116	0.501596	0.184997	0.238565	0.0748418	1.487198	1.172646	5.681531	2.507114
2658	-10408.52	-10911.09	502.5648	0.500735	0.18468	0.25623	0.0583558	1.054913	1.136984	5.90092	2.052318
2664	-10411.51	-10914.13	502.6237	0.444194	0.260955	0.248404	0.0464463	1.260307	1.171131	5.83471	1.831833
2670	-10409.66	-10912.69	503.0297	0.450282	0.234122	0.222862	0.0927335	1.249761	1.240521	5.366254	2.359877
2676	-10406.89	-10908.8	501.9186	0.429454	0.293939	0.195667	0.0809411	1.132283	1.201113	6.228837	1.926139
2682	-10401.78	-10903.2	501.4151	0.403887	0.325072	0.200709	0.0703313	1.100121	1.133126	6.419722	2.268462
2688	-10393.31	-10894.24	500.9315	0.525278	0.186057	0.261034	0.0276311	1.013466	1.068488	6.586476	2.758822
2694	-10378.4	-10880.21	501.8062	0.440657	0.207903	0.31018	0.0412599	1.108172	1.095288	6.270346	2.148064
2700	-10391.04	-10893.46	502.4264	0.408244	0.261735	0.255007	0.0750148	1.026702	1.166663	6.098715	1.758932
2706	-10403.04	-10904.85	501.8149	0.366003	0.369688	0.197056	0.0672531	1.089743	1.14376	6.447635	1.67273
2712	-10400.27	-10903.1	502.8313	0.363871	0.370436	0.198088	0.0676052	1.090175	1.123919	5.931366	1.614868
2718	-10391.03	-10893.06	502.0267	0.361952	0.357221	0.220588	0.0602382	0.9625448	1.079955	6.346022	1.880445
2724	-10399.3	-10901.39	502.0918	0.333791	0.329428	0.288816	0.0479654	0.8643684	1.07642	6.704666	1.155983
2730	-10397.2	-10899.04	501.8415	0.405346	0.294045	0.257795	0.0428136	0.9679388	1.015064	6.704666	1.378482
2736	-10387.21	-10888.74	501.5297	0.409767	0.297253	0.260607	0.0323734	1.228437	1.111769	6.594287	1.569459
2742	-10392.85	-10895.04	502.1966	0.360899	0.322824	0.229527	0.0867492	0.9135177	1.109947	6.371809	1.634025
2748	-10392.09	-10892.42	500.3342	0.361259	0.358015	0.229756	0.0509705	0.9226045	1.036534	7.482192	1.476642
2754	-10382.55	-10883.32	500.7759	0.36235	0.359096	0.23045	0.0481039	1.020016	0.9950635	7.096362	1.740155
2760	-10393.09	-10893.62	500.5312	0.387594	0.314446	0.246505	0.0514551	0.9687003	1.009998	7.307116	1.604799
2766	-10406.2	-10906.06	499.858	0.367503	0.298147	0.233728	0.100622	1.197105	1.063848	7.307116	2.112319
2772	-10412.23	-10913.13	500.9005	0.31243	0.447091	0.115476	0.125004	1.289815	1.095981	6.681907	2.112319
2778	-10408.26	-10910.67	502.4097	0.335407	0.479971	0.123968	0.0606533	1.065752	1.112599	6.404455	1.153175
2784	-10417.19	-10920.16	502.9632	0.297048	0.476047	0.151352	0.0755524	0.877503	1.078214	6.156652	1.288201
2790	-10399.71	-10901.62	501.9103	0.297048	0.476047	0.151352	0.0755524	0.9316743	1.129065	6.434266	1.798724
2796	-10407.16	-10909.12	501.9559	0.313219	0.505492	0.101063	0.0802254	0.8772063	1.162672	6.468183	1.691841
2802	-10415.33	-10915.9	500.5743	0.288357	0.557718	0.0800675	0.0738574	0.9206789	1.053409	7.269653	1.643275
2808	-10397.07	-10898.63	501.5621	0.368961	0.362999	0.173537	0.0945027	1.108314	1.022958	6.861201	1.207024
2814	-10409.39	-10909.45	500.0553	0.38986	0.378886	0.133103	0.0981503	1.108314	1.002623	7.19905	2.323407
2820	-10446.3	-10947.16	500.8614	0.558059	0.0894926	0.196005	0.156444	1.578216	1.046231	6.218278	3.178343
2826	-10420.37	-10920.81	500.4364	0.538852	0.0820328	0.228055	0.151059	1.756117	1.049193	6.594968	2.502289
2832	-10398.74	-10898.57	499.8231	0.57474	0.125428	0.1466	0.153231	1.647008	1.082652	6.606847	3.587727
2838	-10394.41	-10894.35	499.9385	0.56797	0.106412	0.199349	0.12627	1.60683	1.02063	6.767345	3.02658
2844	-10390.51	-10890.31	499.7987	0.500293	0.276927	0.111556	0.111224	1.310994	0.9657539	7.093192	2.778428
2850	-10401.61	-10900.34	498.7261	0.482239	0.29513	0.0693413	0.153289	1.395853	1.036088	7.142827	4.309004
2856	-10402.03	-10901.93	499.9033	0.518114	0.317085	0.0453625	0.119438	1.374099	0.969469	6.730659	3.66025
2862	-10390.05	-10890.94	500.8897	0.490543	0.201587	0.231938	0.0759325	1.234285	1.009998	6.730659	2.192551
2868	-10414.48	-10916.44	501.9613	0.486107	0.246752	0.22984	0.037301	1.076087	1.079238	6.112342	2.408733
2874	-10416.78	-10919.18	502.4062	0.551465	0.244955	0.08015	0.12343	1.534659	1.210524	5.597269	2.330619
2880	-10422.41	-10924.76	502.3532	0.386329	0.294499	0.250016	0.0691553	1.190047	1.150302	6.199596	1.455059
2886	-10412.63	-10914.87	502.2458	0.459832	0.27774	0.175802	0.0866259	1.268953	1.154043	6.033079	1.862112
2892	-10398.69	-10900.4	501.7128	0.419173	0.292974	0.160258	0.127595	1.194758	1.175042	6.033079	2.688012
2898	-10400.51	-10901.89	501.3891	0.43097	0.30122	0.164768	0.103042	1.155916	1.08864	6.445615	2.22455
2904	-10405.74	-10907.2	501.4639	0.421869	0.322429	0.154837	0.100866	1.038229	1.060109	6.283863	2.773983
2910	-10397.1	-10899.78	502.6735	0.453658	0.148767	0.285798	0.111777	1.260615	1.087027	5.781716	2.002272
2916	-10390.7	-10892.63	501.9305	0.495835	0.170844	0.239608	0.0937123	1.387654	1.108935	6.105676	2.018564
2922	-10407	-10910.06	503.0607	0.352581	0.42667	0.190374	0.0303748	1.059408	1.12787	5.829279	1.595226
2928	-10396.82	-10900.55	503.7324	0.318386	0.385289	0.247391	0.048934	0.8159428	1.137184	5.591664	1.595226
2934	-10401.22	-10903.54	502.3183	0.304004	0.42838	0.205577	0.0620392	0.96179	1.015821	6.347772	1.595226
2940	-10402.4	-10905.31	502.9061	0.344438	0.441318	0.147891	0.0663527	1.087321	1.140013	6.057662	1.251821
2946	-10406.92	-10909.28	502.3545	0.246588	0.506301	0.169668	0.0774432	0.7925388	1.096201	6.519599	1.29973
2952	-10402.27	-10905.13	502.857	0.24092	0.564042	0.119375	0.075663	0.8056594	1.098301	6.305123	1.16818
2958	-10398.39	-10900.8	502.4121	0.295095	0.530299	0.10347	0.0711366	0.9065006	1.146001	6.305123	1.490643
2964	-10387.27	-10888.11	500.8372	0.386318	0.446824	0.0737304	0.0931273	1.039783	1.143894	6.881346	1.956997
2970	-10400.14	-10901.37	501.2294	0.350439	0.405325	0.159758	0.0844781	0.9565575	1.115282	6.881346	1.605165
2976	-10388.44	-10888.88	500.4427	0.390682	0.366934	0.144626	0.0977578	1.306449	1.134259	6.804242	2.363479
2982	-10406.03	-10909.43	503.4031	0.344509	0.39474	0.155585	0.105166	0.8946099	1.156862	5.511563	2.070707
2988	-10385.66	-10889.17	503.5109	0.351568	0.401909	0.158411	0.0881116	0.9414819	1.209068	5.598633	1.604144
2994	-10400.82	-10905.29	504.4735	0.355415	0.406306	0.149203	0.0890756	0.9184612	1.288146	5.036602	1.604144
3000	-10391.56	-10896.36	504.8031	0.355415	0.406306	0.149203	0.0890756	1.085655	1.223614	4.903554	1.38114
3006	-10392.42	-10897.01	504.5904	0.375749	0.380984	0.162151	0.081116	0.9254799	1.251092	5.039096	1.496556
3012	-10387.64	-10889.77	502.1245	0.379668	0.384958	0.108007	0.127368	1.269926	1.173121	6.03979	1.978129
3018	-10390.62	-10892.6	501.9832	0.379668	0.384958	0.108007	0.127368	1.062516	1.175352	6.400871	1.568318
3024	-10394.19	-10895.91	501.7214	0.406655	0.341241	0.115684	0.136421	1.322631	1.101994	6.400871	1.675466
3030	-10403.35	-10904.71	501.3532	0.416317	0.358872	0.121661	0.10315	1.26747	1.150341	6.400871	2.157206
3036	-10402.91	-10902.59	499.6862	0.38017	0.328475	0.157673	0.133682	1.033215	0.9841208	7.342107	2.613755
3042	-10407.26	-10907.16	499.8933	0.31307	0.417844	0.158997	0.110088	1.080276	1.051772	7.077701	2.885169
3048	-10392.28	-10894.55	502.2744	0.417072	0.360996	0.120395	0.101537	1.154263	1.127305	6.263771	1.475551
3054	-10405.23	-10906.26	501.0342	0.443716	0.295052	0.155791	0.105441	1.174062	1.15026	6.440936	2.645522
3060	-10384.31	-10885	500.6881	0.441983	0.293899	0.175289	0.0888294	1.089554	1.081569	7.051625	1.759975
3066	-10414.08	-10915.07	500.996	0.387332	0.401838	0.0991731	0.111658	1.235274	1.079606	6.813804	1.755545
3072	-10400.65	-10901.79	501.1377	0.384725	0.32846	0.199137	0.0876783	1.190834	1.08332	6.647543	2.019257
3078	-10406.17	-10908.1	501.9309	0.456433	0.239267	0.218444	0.0858559	1.152976	1.095947	6.223394	2.036099
3084	-10422.31	-10924.22	501.9055	0.258565	0.506397	0.183962	0.0510759	0.8928409	1.085262	6.62869	1.472477
3090	-10417.72	-10917.67	499.9504	0.512339	0.224059	0.15654	0.107062	1.163793	1.110058	6.549559	4.341185
3096	-10401.37	-10902.09	500.7273	0.421252	0.278789	0.194778	0.105181	1.28774	1.073476	6.753217	2.203183
3102	-10426.03	-10927.48	501.4438	0.421963	0.293303	0.162169	0.122565	1.110283	1.055752	6.455652	2.229559
3108	-10402.91	-10904.31	501.4044	0.467628	0.325044	0.139425	0.067903	1.110283	1.0711	6.468724	2.229559
3114	-10391.29	-10892.95	501.6678	0.557557	0.167258	0.224491	0.0506942	1.22499	1.190113	6.204128	2.223437
3120	-10403.67	-10906.33	502.6567	0.614382	0.087467	0.220238	0.0779135	1.443061	1.220979	5.591277	2.090951
3126	-10411.91	-10913.51	501.5983	0.491471	0.191418	0.196965	0.120146	1.886185	1.21289	5.382495	3.868282
3132	-10419.53	-10922.35	502.8175	0.547971	0.204292	0.113778	0.133958	1.452635	1.23492	5.318177	2.541068
3138	-10406.19	-10909.72	503.5283	0.506389	0.307359	0.105144	0.0811076	1.519079	1.259601	5.1984	1.747919
3144	-10417.15	-10919.35	502.2009	0.567627	0.226857	0.117859	0.0876571	1.52066	1.2659	5.1984	3.820295
3150	-10412.66	-10915.12	502.4526	0.584118	0.0681163	0.227814	0.119952	1.528596	1.236293	5.625997	2.161595
3156	-10414.64	-10916.59	501.9465	0.521217	0.156546	0.203282	0.118956	1.28367	1.161809	5.805469	2.869093
3162	-10393.01	-10893.62	500.6107	0.497743	0.304435	0.0894448	0.108377	1.252194	1.069261	6.726198	2.498791
3168	-10394.3	-10896.45	502.1482	0.408643	0.42142	0.0764224	0.0935145	1.016347	1.170142	6.242375	1.785108
3174	-10389.29	-10890.28	500.9932	0.427138	0.304126	0.170989	0.0977469	1.569719	1.131939	6.613756	1.785108
3180	-10408.48	-10909.67	501.1818	0.440667	0.313758	0.141489	0.104086	1.381274	1.086266	6.68615	1.645705
3186	-10407.15	-10907.06	499.9088	0.444674	0.316611	0.133682	0.105033	1.163752	1.060229	7.176225	2.437438
3192	-10396.21	-10895.69	499.4778	0.455674	0.324443	0.0530291	0.166853	1.377107	1.060229	7.302797	2.434898
3198	-10392.39	-10891.8	499.4122	0.513479	0.25747	0.0637592	0.165292	1.3858	1.036588	7.234509	2.754869
3204	-10403.58	-10902.75	499.169	0.451025	0.30496	0.0455692	0.198446	1.656961	1.087436	7.129649	3.007589
3210	-10388.54	-10888.67	500.1316	0.449033	0.303614	0.0497832	0.19757	1.405908	1.12472	6.861816	2.548386
3216	-10388.42	-10889.74	501.3139	0.523984	0.292803	0.0580928	0.12512	1.353033	1.205192	6.203666	2.548386
3222	-10409.61	-10911.16	501.547	0.317109	0.494015	0.0592814	0.129595	1.119613	1.231311	6.203666	2.486042
3228	-10410.56	-10912.92	502.3588	0.263974	0.590115	0.0380301	0.10788	1.08855	1.195948	6.185906	1.537876
3234	-10401.15	-10902.74	501.5968	0.26503	0.594092	0.0294499	0.111427	1.049927	1.116736	6.596812	1.683365
3240	-10400.08	-10901.12	501.0471	0.306075	0.556353	0.0271889	0.110384	1.120501	1.058057	7.030389	1.374885
3246	-10401.51	-10903.61	502.0985	0.317616	0.493328	0.0457938	0.143262	0.948459	1.093902	6.697209	1.056436
3252	-10393.76	-10896.18	502.4122	0.293839	0.504688	0.0465922	0.154881	0.9480717	1.110247	6.323326	1.444365
3258	-10408.95	-10911.4	502.4528	0.261444	0.536391	0.0643588	0.137806	0.9491139	1.133284	6.288217	1.444365
3264	-10399.06	-10902.32	503.2669	0.308073	0.47481	0.0810469	0.13607	1.244907	1.258055	5.364676	2.014832
3270	-10417.32	-10919.14	501.8197	0.431471	0.364528	0.0691318	0.134869	1.259369	1.271386	6.011078	2.351119
3276	-10398.31	-10899.08	500.776	0.454842	0.295164	0.0800489	0.169945	1.236709	1.066676	6.888654	1.873176
3282	-10399.3	-10900.74	501.4375	0.405492	0.26314	0.179861	0.151507	1.136582	1.188359	6.392084	2.18129
3288	-10390.62	-10892.16	501.5355	0.451617	0.293072	0.0865707	0.168741	1.136582	1.097877	6.392084	2.170846
3294	-10392.9	-10894.52	501.6229	0.421897	0.339594	0.0808736	0.157636	1.121728	1.132671	6.392084	2.023615
3300	-10386.74	-10887.51	500.7749	0.322543	0.406507	0.176881	0.0940682	1.217284	1.112104	6.825273	1.992689
3306	-10393.87	-10895.75	501.8762	0.444978	0.299235	0.215833	0.0399538	0.9976952	1.141225	6.598526	1.384748
3312	-10395.34	-10898.59	503.2516	0.479582	0.244327	0.232618	0.0434729	1.00022	1.198127	5.571867	1.928858
3318	-10424.29	-10927.16	502.874	0.471903	0.240415	0.229985	0.0576975	1.042807	1.157914	5.519023	2.597975
3324	-10410.08	-10913.51	503.4341	0.346954	0.421872	0.129928	0.101246	0.9181779	1.243483	5.446693	2.038509
3330	-10394.91	-10896.1	501.192	0.364737	0.443495	0.0853332	0.106435	1.163908	1.057686	6.603639	2.125238
3336	-10418.87	-10920.56	501.6913	0.369399	0.403808	0.168087	0.0587063	1.235632	1.05083	6.652722	1.323613
3342	-10399.92	-10902.02	502.0991	0.369399	0.403808	0.168087	0.0587063	1.060679	1.099512	6.114715	2.197201
3348	-10396.88	-10898.44	501.5546	0.36221	0.400634	0.175767	0.0613888	1.1088	1.040978	6.731917	1.459069
3354	-10404.29	-10907.06	502.772	0.370571	0.30043	0.289391	0.0396072	0.9327425	1.13013	5.732689	2.374516
3360	-10400.15	-10904.23	504.0809	0.230399	0.466233	0.270667	0.0327016	0.7535882	1.247994	5.762221	0.84425
3366	-10406.49	-10909.53	503.0477	0.257634	0.41943	0.245919	0.0770167	0.9054308	1.126729	6.023529	1.379451
3372	-10402.7	-10905.3	502.5987	0.342045	0.29569	0.326491	0.0357737	0.9054308	1.133809	6.264056	1.379451
3378	-10393.99	-10896.28	502.2906	0.328474	0.421221	0.125716	0.124588	1.131471	1.169735	5.975381	2.093707
3384	-10397.14	-10899.52	502.3792	0.333934	0.428223	0.111183	0.126659	1.118428	1.092452	6.176895	1.621678
3390	-10404.83	-10907.82	502.9864	0.366562	0.502426	0.0307725	0.100239	1.204789	1.156983	6.043757	1.058918
3396	-10393.86	-10894.64	500.777	0.325766	0.476006	0.103261	0.0949679	1.047341	1.111793	6.72971	2.470078
3402	-10415.63	-10917.39	501.7571	0.309074	0.451615	0.0979696	0.141341	0.9696972	1.134384	6.665714	1.41829
3408	-10412.76	-10914.16	501.3982	0.383264	0.39463	0.0939764	0.12813	0.9646321	1.182277	6.259663	2.873334
3414	-10415.86	-10917.86	502.0008	0.280419	0.446776	0.179058	0.0937474	1.03737	1.092776	6.552132	1.351367
3420	-10427.22	-10929.14	501.927	0.366116	0.372223	0.139264	0.122397	0.9925233	1.111001	6.434776	1.722483
3426	-10430.46	-10931.68	501.2193	0.39383	0.400399	0.0769268	0.128845	1.3407	1.191242	6.016608	3.30949
3432	-10438.2	-10937.14	498.9407	0.47157	0.270282	0.204403	0.0537443	1.19652	1.105107	6.672086	6.13495
3438	-10420.27	-10921.44	501.1659	0.441553	0.267216	0.208364	0.0828666	1.250999	1.081754	6.559832	2.126596
3444	-10432.78	-10932.57	499.7945	0.441553	0.267216	0.208364	0.0828666	1.067767	1.075525	6.886799	3.6615
3450	-10419.86	-10920.49	500.6319	0.481094	0.266106	0.162513	0.0902872	1.189777	1.042995	6.886799	2.160948
3456	-10407.88	-10909.19	501.318	0.475055	0.21761	0.201159	0.106176	1.511033	1.042995	6.416049	2.017653
3462	-10392.46	-10893.48	501.0175	0.455844	0.321842	0.123249	0.0990655	1.392405	1.146349	6.367954	2.575077
3468	-10384.69	-10886.66	501.9685	0.445841	0.311979	0.119472	0.122709	1.390685	1.169438	6.118659	1.854929
3474	-10384.45	-10884.82	500.3708	0.533094	0.178627	0.163395	0.124885	1.390685	1.024517	6.937271	2.162875
3480	-10406.72	-10907.36	500.6401	0.436319	0.234796	0.176011	0.152875	1.390685	1.095366	6.937271	1.717555
3486	-10393.22	-10895.92	502.7007	0.300848	0.474153	0.119589	0.105409	1.154523	1.137436	6.056373	1.412139
3492	-10393.9	-10896.96	503.0627	0.308349	0.384815	0.221288	0.0855485	1.03586	1.126913	5.927631	1.412139
3498	-10391.21	-10893.83	502.6119	0.32432	0.422945	0.188388	0.0643466	0.9653962	1.14911	6.178032	1.457231
3504	-10395	-10897.75	502.7557	0.313523	0.436021	0.182116	0.0683399	1.138078	1.14911	6.033574	1.401899
3510	-10405.65	-10907.41	501.7607	0.324526	0.435952	0.209446	0.0300758	0.9331221	1.128147	6.640793	1.516838
3516	-10415.11	-10917	501.8943	0.319126	0.428699	0.205962	0.0462135	0.9552779	1.209116	6.497542	1.549154
3522	-10403.98	-10905.68	501.6933	0.321247	0.431547	0.216561	0.0306443	0.7562006	1.136279	6.497542	2.163007
3528	-10395.57	-10898.55	502.9869	0.198188	0.523349	0.248426	0.0300372	0.6184423	1.174101	6.205982	1.356537
3534	-10401.45	-10904.55	503.0984	0.189709	0.500961	0.275295	0.0340347	0.6562115	1.170245	6.205982	1.196554
3540	-10400.75	-10904.58	503.8265	0.193854	0.511905	0.259463	0.0347782	0.4914152	1.14741	6.111983	0.8328167
3546	-10392.76	-10896.72	503.9634	0.209718	0.503218	0.25506	0.0320039	0.6818024	1.227502	5.885785	0.8328167
3552	-10385.24	-10887.92	502.6786	0.216191	0.533143	0.22272	0.0279461	0.6117918	1.117597	6.559904	1.058531
3558	-10384.32	-10887.84	503.518	0.218188	0.499128	0.251168	0.0315156	0.6117918	1.147455	6.08794	1.058531
3564	-10400.26	-10903.99	503.7284	0.303599	0.432533	0.23391	0.0299577	0.8200632	1.173776	5.788403	1.153546
3570	-10405.42	-10909.27	503.8561	0.260333	0.457756	0.25334	0.0285708	0.7106957	1.124031	5.685875	1.396724
3576	-10410.83	-10913.25	502.4182	0.280482	0.493185	0.191171	0.0351629	0.8337449	1.154553	6.372656	1.417486
3582	-10418.43	-10920.73	502.3021	0.316482	0.410257	0.211125	0.0621362	0.7728879	1.177688	6.301496	1.759664
3588	-10408.62	-10910.56	501.9368	0.323734	0.450396	0.0885463	0.137324	0.9639735	1.141609	6.373093	1.850802
3594	-10425.12	-10925.2	500.0802	0.542681	0.0654842	0.277316	0.114519	1.414218	1.114434	6.818987	2.756113
3600	-10406.24	-10908.71	502.4695	0.330335	0.46141	0.133432	0.0748231	0.9899303	1.099269	6.215628	1.571897
3606	-10410.65	-10912.37	501.7252	0.340229	0.416462	0.113379	0.129931	1.171516	1.110063	6.421645	1.787412
3612	-10391.78	-10894.27	502.4873	0.330456	0.4045	0.139365	0.125679	0.9718467	1.070566	6.333621	1.356099
3618	-10378.73	-10881.71	502.9815	0.358647	0.439007	0.109114	0.0932312	0.9934413	1.173493	5.781622	1.824455
3624	-10390.9	-10892.78	501.8731	0.354621	0.469151	0.0507579	0.12547	1.249055	1.070667	6.374299	1.670889
3630	-10416.24	-10917.95	501.7049	0.344654	0.435583	0.0858998	0.133863	0.9592936	1.072252	6.574314	1.768021
3636	-10406.86	-10909.21	502.347	0.337222	0.426191	0.10561	0.130977	1.109422	1.175418	6.1384	1.656272
3642	-10388.86	-10891.63	502.7699	0.356695	0.450801	0.123395	0.0691095	1.109422	1.148426	5.995318	1.498265
3648	-10394.51	-10895.78	501.265	0.354322	0.447802	0.129227	0.0686497	1.119067	1.114776	6.526666	2.201703
3654	-10385.98	-10886.5	500.5152	0.542497	0.134497	0.205816	0.117191	1.403384	1.046283	6.526666	3.057004
3660	-10403.1	-10903.35	500.2461	0.542497	0.134497	0.205816	0.117191	1.687082	1.07375	6.526666	3.057004
3666	-10399.84	-10898.22	498.3797	0.557872	0.136441	0.186803	0.118884	1.598728	1.079264	7.584172	3.005196
3672	-10392.03	-10892.43	500.4041	0.516616	0.188373	0.163613	0.131398	1.380317	1.046908	6.833701	2.370146
3678	-10390.01	-10890.03	500.0212	0.467027	0.254183	0.160004	0.118786	1.414622	1.062121	6.811961	2.957265
3684	-10405.43	-10906.16	500.7292	0.509209	0.184879	0.196	0.109912	1.192475	1.006977	6.605852	2.845678
3690	-10398.95	-10898.66	499.714	0.531223	0.15818	0.199002	0.111595	1.460121	1.086096	6.926149	3.009737
3696	-10393.39	-10892.82	499.4304	0.598854	0.0510066	0.224337	0.125803	1.658976	1.073406	6.926149	3.228084
3702	-10397.99	-10897.63	499.6386	0.528921	0.161828	0.19814	0.111112	1.402939	1.077383	6.926149	3.239861
3708	-10387.6	-10887.52	499.9238	0.535386	0.151583	0.200561	0.11247	1.407508	1.016689	6.926149	2.854705
3714	-10397.78	-10898.45	500.6714	0.596259	0.0530598	0.217391	0.13329	1.317458	1.166895	5.908508	4.906459
3720	-10414.99	-10914.32	499.3306	0.691831	0.0785353	0.0944359	0.135198	1.862626	1.094578	6.793412	3.517832
3726	-10387.81	-10887.56	499.7543	0.535104	0.177669	0.182656	0.10457	1.389636	1.092697	6.778312	3.517832
3732	-10420.3	-10919.79	499.4828	0.608927	0.0658841	0.206798	0.118391	1.434935	1.081134	6.909414	3.517832
3738	-10420.67	-10920.69	500.0244	0.565856	0.12941	0.142358	0.162375	1.62175	0.9975422	6.512672	3.736346
3744	-10410.74	-10912.27	501.5307	0.468014	0.329376	0.055016	0.147594	1.215785	1.130866	6.059426	2.942465
3750	-10405.34	-10906.47	501.1272	0.432169	0.30415	0.127392	0.13629	1.138882	1.084444	6.782098	1.772971
3756	-10421.08	-10922.31	501.2246	0.403677	0.386982	0.0820365	0.127305	1.181152	1.134884	6.142779	3.251718
3762	-10400.03	-10902.08	502.0446	0.428172	0.29886	0.190395	0.0825724	1.150171	1.14654	6.268369	1.721255
3768	-10408.95	-10910.33	501.3807	0.379709	0.330897	0.197971	0.0914238	1.049085	1.117207	6.694584	1.727131
3774	-10400.34	-10902.11	501.7696	0.303693	0.463276	0.141849	0.0911817	0.9799499	1.080191	6.694584	1.393489
3780	-10406.52	-10909.62	503.1025	0.311755	0.475575	0.154015	0.0586558	1.017444	1.229077	5.927104	1.276377
3786	-10407.91	-10910.75	502.837	0.354604	0.403495	0.175183	0.0667177	1.117215	1.098146	6.110863	1.234889
3792	-10412.88	-10913.68	500.802	0.426534	0.282497	0.210718	0.080251	1.15348	1.068376	7.164851	1.32283
3798	-10380.83	-10881.79	500.958	0.386442	0.269656	0.259733	0.0841684	0.9861453	1.034058	6.881831	2.012073
3804	-10391.9	-10891.39	499.4896	0.479123	0.224628	0.182563	0.113686	1.272339	1.031241	7.057739	3.361972
3810	-10389.55	-10890.25	500.7019	0.454909	0.302751	0.134399	0.107941	1.189515	1.015747	6.850169	2.196321
3816	-10378.37	-10879.91	501.5475	0.353335	0.445131	0.0988581	0.102676	1.225089	1.001578	6.698189	1.456934
3822	-10375.13	-10876.37	501.2348	0.419003	0.399928	0.0888192	0.0922496	0.9565013	1.083284	6.704071	2.05665
3828	-10377.79	-10880.13	502.3458	0.208179	0.564947	0.160736	0.0661379	0.7020269	1.107712	6.553097	1.333608
3834	-10385.93	-10887.54	501.6125	0.221066	0.598528	0.118415	0.0619906	0.8197443	1.131216	7.031966	1.016555
3840	-10387.45	-10888.81	501.3584	0.218004	0.590236	0.116775	0.074985	0.9293661	1.043736	7.031966	1.254054
3846	-10390.73	-10893	502.2637	0.225224	0.609784	0.0875237	0.0774685	0.7866562	1.07751	6.655235	1.155443
3852	-10401.02	-10903.39	502.3699	0.218264	0.575049	0.0838632	0.122824	0.8571832	1.077451	6.32226	1.644272
3858	-10403.57	-10903.74	500.1705	0.268921	0.561177	0.0788607	0.0910414	1.375357	1.088419	7.071754	2.026959
3864	-10383.13	-10885.54	502.4111	0.374328	0.389174	0.109771	0.126726	1.293682	1.11118	6.087022	1.561455
3870	-10398.02	-10900.73	502.7051	0.363122	0.377524	0.106485	0.152868	0.9633686	1.11118	6.123516	1.511369
3876	-10394.86	-10896.48	501.6127	0.409397	0.351737	0.0980737	0.140793	1.449829	1.160228	6.33013	1.758555
3882	-10401.91	-10904.05	502.1428	0.408751	0.351182	0.0897951	0.150272	1.360634	1.203897	5.79585	2.418365
3888	-10407.27	-10910.41	503.1427	0.450114	0.311728	0.0726785	0.165479	1.227295	1.219964	5.340941	2.322767
3894	-10403.27	-10906.02	502.7508	0.440461	0.354937	0.0426712	0.16193	1.344212	1.188767	5.323576	2.853969
3900	-10408.07	-10907.41	499.3451	0.4239	0.341592	0.0786669	0.155842	1.56214	1.029203	6.75489	4.23321
3906	-10402.85	-10902.97	500.1209	0.439178	0.353903	0.0454607	0.161458	1.495224	1.083477	6.665627	3.090571
3912	-10399.67	-10899.33	499.6629	0.462627	0.342613	0.0384528	0.156307	1.562476	1.135804	6.687575	3.640965
3918	-10405.01	-10905.74	500.731	0.444191	0.32896	0.0767707	0.150079	1.365087	1.104288	6.302306	3.359757
3924	-10402.45	-10903.1	500.643	0.58282	0.175226	0.0227037	0.219251	1.817944	1.026168	6.165783	3.425309
3930	-10405.69	-10907.18	501.4902	0.361934	0.417755	0.181411	0.0389	0.8445701	1.024314	7.025769	1.239425
3936	-10414.24	-10915.38	501.137	0.333501	0.397058	0.23016	0.0392803	1.028115	1.022624	7.11633	1.239425
3942	-10389.5	-10891.19	501.6912	0.448852	0.104815	0.336327	0.110006	1.390187	1.127411	6.001124	2.608128
3948	-10392.39	-10893.23	500.8399	0.521917	0.0792191	0.265354	0.133509	1.657745	1.098458	6.458839	2.323592
3954	-10400.3	-10901.14	500.8385	0.575684	0.16669	0.110363	0.147263	1.657745	1.157736	6.037042	3.495392
3960	-10418.32	-10918.02	499.7002	0.544015	0.22283	0.105069	0.128086	1.705773	1.087458	6.901994	2.765396
3966	-10413.92	-10913.81	499.8805	0.565795	0.233459	0.0793278	0.121418	1.348448	1.117266	6.612822	3.883213
3972	-10395.83	-10894.92	499.0956	0.48799	0.258927	0.102777	0.150306	1.491826	1.039289	7.198426	3.235021
3978	-10397.34	-10898.16	500.8153	0.409009	0.29539	0.136371	0.159231	1.252515	1.064702	6.586085	2.588063
3984	-10396.65	-10896.96	500.3085	0.437384	0.278056	0.13387	0.150689	1.375832	1.034362	6.521244	3.50303
3990	-10390.63	-10890.88	500.2444	0.530454	0.203783	0.116575	0.149188	1.39353	1.075805	6.524973	3.50303
3996	-10396.51	-10897.78	501.2698	0.496103	0.232288	0.101552	0.170057	1.523362	1.159162	6.231586	2.383143
4002	-10408.36	-10909.51	501.1427	0.494114	0.203631	0.11881	0.183445	1.44053	1.014873	6.562311	2.010442
4008	-10390.21	-10890.99	500.7837	0.405757	0.437014	0.0235405	0.133688	1.280561	1.090898	6.793024	2.010442
4014	-10377.13	-10878.82	501.6895	0.420331	0.409928	0.0312512	0.13849	1.38775	1.090898	6.314788	1.854133
4020	-10403.04	-10904.78	501.7372	0.394333	0.371075	0.104668	0.129924	1.38775	1.176203	6.071545	2.279266
4026	-10399.18	-10899.86	500.6732	0.405679	0.361333	0.0707066	0.162282	1.514464	1.090822	6.32117	3.193157
4032	-10378.8	-10879.66	500.86	0.43112	0.375863	0.0735499	0.119467	1.344299	1.185535	6.572903	2.255799
4038	-10378.33	-10877.24	498.9166	0.365326	0.426453	0.0793434	0.128877	1.088849	0.9809343	7.882475	2.185959
4044	-10390.91	-10893.01	502.0987	0.378919	0.442321	0.0705817	0.108178	1.237317	1.107705	6.022659	2.185959
4050	-10392.47	-10895.62	503.1501	0.264354	0.496603	0.18624	0.0528022	1.05841	1.192757	6.062436	0.9658158
4056	-10392.29	-10894.74	502.4536	0.314523	0.499186	0.133214	0.0530768	0.8315563	1.127089	6.254224	1.666838
4062	-10411.92	-10913.75	501.838	0.276061	0.438142	0.239211	0.0465862	0.7967819	1.120174	6.624439	1.637677
4068	-10420.4	-10921.86	501.465	0.263033	0.534543	0.158036	0.0443877	0.8589679	1.112977	6.794816	1.637677
4074	-10419.19	-10920.83	501.6348	0.419825	0.36144	0.0600788	0.158656	1.232828	1.129686	6.152986	2.485061
4080	-10402.88	-10904.35	501.4707	0.439313	0.304157	0.0769569	0.179574	1.232828	1.132881	6.083964	2.937421
4086	-10409.83	-10909.06	499.2329	0.499507	0.254853	0.0937789	0.151861	1.643238	1.043063	6.930672	3.649568
4092	-10418.43	-10918.82	500.388	0.563431	0.176132	0.0739549	0.186481	1.424998	1.140361	6.338101	3.706104
4098	-10418.69	-10919.29	500.5998	0.536441	0.198613	0.0827603	0.182186	1.751846	1.112282	6.338101	2.895976
4104	-10421.21	-10920.86	499.6532	0.563732	0.114462	0.130351	0.191455	1.580559	1.053013	6.648856	3.927686
4110	-10419.38	-10920.37	500.9866	0.507133	0.27139	0.049245	0.172233	1.358439	1.220846	6.004984	3.691704
4116	-10443.8	-10943.57	499.7734	0.50402	0.249216	0.0489428	0.197821	1.236994	0.9820211	6.806359	3.85659
4122	-10393.46	-10894.34	500.8853	0.373326	0.414337	0.159038	0.0532994	0.9406008	1.103723	6.612947	2.815373
4128	-10396.07	-10897.52	501.4555	0.461907	0.287298	0.142844	0.107951	1.139511	1.107356	6.612947	1.724743
4134	-10399.45	-10899.23	499.7776	0.442094	0.287495	0.177715	0.092696	1.059641	1.032613	7.194477	2.784868
4140	-10383.91	-10883.3	499.3924	0.460643	0.299557	0.143215	0.0965852	1.305495	1.058696	7.288135	2.708002
4146	-10400.14	-10899.37	499.2257	0.54786	0.206656	0.130611	0.114872	1.432691	1.074422	7.106603	3.335913
4152	-10413.9	-10913.71	499.8102	0.598509	0.105893	0.17554	0.120058	1.497194	1.108297	6.725195	3.395126
4158	-10408.37	-10908.81	500.4386	0.498707	0.228162	0.162198	0.110932	1.474226	1.220933	6.352771	3.335577
4164	-10419.76	-10921.31	501.5498	0.453375	0.238832	0.159525	0.148269	1.338612	1.224269	6.06754	2.560769
4170	-10432.6	-10932.26	499.6684	0.429825	0.400844	0.019671	0.14966	1.365682	1.091399	6.990982	3.015727
4176	-10432.09	-10931.37	499.2761	0.534541	0.266102	0.013235	0.186121	1.584411	1.081434	6.673268	4.548976
4182	-10416.41	-10915.96	499.5421	0.503759	0.281331	0.0548882	0.160022	1.275501	1.080011	7.03897	3.239339
4188	-10419.14	-10919.87	500.7339	0.509723	0.250882	0.0928655	0.146529	1.662906	1.099647	6.313723	2.888973
4194	-10407.82	-10909.28	501.4514	0.452083	0.352045	0.101414	0.0944583	1.105515	1.058656	6.426133	2.298621
4200	-10393.98	-10895.06	501.0731	0.419394	0.267012	0.220104	0.0934898	1.082856	1.057811	6.686861	2.184833
4206	-10401.49	-10903.51	502.0215	0.424611	0.308458	0.158874	0.108057	0.999627	1.057811	6.2174	2.184833
4212	-10391.73	-10893.3	501.5751	0.433003	0.320043	0.146983	0.0999699	1.277617	1.026491	6.439275	1.917692
4218	-10398.84	-10899.98	501.1447	0.423161	0.312769	0.18076	0.0833106	0.9778473	1.055961	6.812387	1.917692
4224	-10405.5	-10906.23	500.724	0.430554	0.318233	0.166447	0.0847661	1.183288	1.002435	6.925554	2.001543
4230	-10406.94	-10910.03	503.0835	0.41553	0.326099	0.151461	0.106911	1.127955	1.067923	5.811953	1.597748
4236	-10400.17	-10902.06	501.8931	0.424251	0.317434	0.208401	0.0499147	1.069721	1.205034	6.073027	2.439429
4242	-10395.14	-10897.24	502.0914	0.364824	0.384128	0.208125	0.0429229	1.046503	1.203892	6.302308	1.640797
4248	-10404.62	-10906.37	501.7511	0.405811	0.28891	0.24757	0.057709	1.034586	1.136854	6.634895	1.413432
4254	-10408.45	-10912.55	504.1002	0.3381	0.406468	0.206262	0.0491693	0.9078231	1.207389	5.263285	1.671267
4260	-10395.45	-10898.4	502.9484	0.349685	0.386131	0.21333	0.0508541	0.8864942	1.192498	5.861659	1.794626
4266	-10400.95	-10903.34	502.3846	0.224944	0.50753	0.209823	0.0577035	0.8864942	1.148465	6.335282	1.479077
4272	-10396.86	-10898.62	501.7657	0.298958	0.474974	0.148067	0.0780016	0.9603518	1.164616	6.389213	2.010323
4278	-10399.78	-10901.85	502.0702	0.259575	0.562445	0.128562	0.0494182	0.9849649	1.190728	6.389213	1.563759
4284	-10408.47	-10911.05	502.5861	0.390455	0.323362	0.201483	0.0847001	0.8552379	1.094898	6.31853	1.382739
4290	-10392.42	-10894.62	502.203	0.292434	0.527941	0.141879	0.0377455	0.8844019	1.138965	6.652456	1.055166
4296	-10387.58	-10888.83	501.2493	0.375718	0.370731	0.205056	0.0484953	0.9468626	1.147489	6.675131	2.035901
4302	-10391.46	-10892.21	500.7485	0.319744	0.438042	0.174507	0.0677072	1.185612	1.109477	6.839593	2.035901
4308	-10397.12	-10896.85	499.7274	0.418633	0.339088	0.125799	0.116481	1.18447	1.024122	6.936824	3.499819
4314	-10398.76	-10898.49	499.7364	0.368513	0.298491	0.230461	0.102535	1.214172	1.130783	6.859363	3.499819
4320	-10410.94	-10912.5	501.5542	0.355481	0.287935	0.257675	0.0989093	1.073759	1.122293	6.425666	2.109993
4326	-10414.26	-10913.68	499.4144	0.477144	0.295579	0.0945166	0.132761	1.210661	1.077443	6.545967	5.555149
4332	-10404.26	-10904.19	499.9337	0.459061	0.284377	0.137937	0.118626	1.128375	1.087427	6.925869	3.151991
4338	-10413.06	-10912.81	499.752	0.540651	0.129056	0.190583	0.13971	1.375696	1.159748	6.861017	3.151991
4344	-10413.76	-10913.66	499.8962	0.446268	0.350423	0.155629	0.0476798	1.127356	1.096503	6.882298	3.345331
4350	-10410.41	-10910.66	500.2419	0.425336	0.232521	0.285694	0.0564488	0.9830503	1.000911	7.382716	1.780068
4356	-10416.28	-10915.78	499.4944	0.47619	0.140759	0.319853	0.063198	1.275568	1.006312	7.461118	2.196381
4362	-10420.49	-10922.15	501.6647	0.567505	0.112525	0.259154	0.0608153	1.445912	1.19461	5.622265	3.635147
4368	-10421.04	-10922.79	501.7523	0.547029	0.117853	0.271424	0.0636946	1.38524	1.19461	5.579685	3.717629
4374	-10422.51	-10924.45	501.9401	0.59362	0.169084	0.095681	0.141616	1.470141	1.149723	5.689994	2.971858
4380	-10414.62	-10914.66	500.0383	0.59362	0.169084	0.095681	0.141616	1.470141	1.128233	6.423319	4.028697
4386	-10413.65	-10914.53	500.8771	0.418043	0.339226	0.0940484	0.148682	1.371154	1.07111	6.406975	2.830606
4392	-10399.63	-10900.47	500.8347	0.427803	0.298937	0.121107	0.152153	1.048383	1.06556	6.616548	2.773895
4398	-10396.58	-10897.23	500.651	0.448091	0.195414	0.183035	0.17346	1.169068	1.13226	6.616548	2.773895
4404	-10412.48	-10913.88	501.4021	0.446763	0.197799	0.182492	0.172946	1.367875	1.161436	6.300574	2.203738
4410	-10411.6	-10912	500.3968	0.529733	0.048819	0.216384	0.205064	1.26858	1.069137	6.703486	2.875775
4416	-10418.02	-10917.33	499.3055	0.602307	0.0933956	0.0922569	0.212041	1.657069	1.057617	6.703486	4.289496
4422	-10418.09	-10916.74	498.6527	0.582899	0.2034	0.0479989	0.165703	1.695588	1.02069	7.313983	3.368233
4428	-10417.14	-10916.79	499.6537	0.514468	0.212348	0.0741798	0.199005	1.497391	1.073015	6.83668	3.368233
4434	-10405.82	-10906.55	500.7304	0.561937	0.208428	0.0810243	0.148611	1.352254	1.112186	6.31512	3.325245
4440	-10397.8	-10898.06	500.2596	0.539076	0.131275	0.259481	0.0701678	1.355557	1.045586	6.762959	2.829139
4446	-10388.47	-10888.63	500.1645	0.533205	0.128889	0.254765	0.0831415	1.355557	1.082332	6.794468	2.829139
4452	-10403.63	-10904.7	501.0636	0.546921	0.158557	0.209242	0.0852802	1.273696	1.043435	6.575741	2.252535
4458	-10389.55	-10889.67	500.1151	0.530298	0.124749	0.262264	0.0826884	1.252844	1.066564	6.965869	2.579717
4464	-10408.89	-10909.03	500.146	0.468792	0.11028	0.34783	0.0730978	1.488675	1.073913	6.87085	2.468822
4470	-10398.44	-10898.99	500.5469	0.499797	0.117574	0.352575	0.0300535	1.322872	1.06873	6.895577	2.050844
4476	-10407.19	-10908.48	501.2939	0.407742	0.331034	0.224707	0.0365178	0.9602845	1.078602	6.709157	1.96639
4482	-10412.97	-10914.17	501.2049	0.376968	0.31068	0.261349	0.0510032	0.9602845	1.06519	6.846809	1.770215
4488	-10402.96	-10903.15	500.1848	0.36256	0.337026	0.25136	0.0490539	0.9105431	1.09096	7.408696	1.770215
4494	-10406.75	-10907.15	500.4064	0.362019	0.340287	0.253793	0.0439009	0.9821304	1.035506	7.253688	1.833469
4500	-10408.72	-10910.27	501.5466	0.302612	0.4297	0.203546	0.0641414	0.8469273	1.153057	6.370404	2.554538
4506	-10405.15	-10905.95	500.8036	0.286409	0.474175	0.170181	0.069235	0.8129755	1.101282	6.745609	2.767765
4512	-10397.8	-10897.78	499.9757	0.304246	0.462323	0.165927	0.0675044	0.9499026	1.048569	7.5484	1.709006
4518	-10396.24	-10895.45	499.2171	0.376659	0.341589	0.175894	0.105858	1.039267	0.9971769	7.563393	2.671482
4524	-10387.61	-10888.76	501.1482	0.402714	0.362742	0.142626	0.0919179	1.117211	1.126496	6.58805	2.192562
4530	-10399.08	-10898.61	499.5275	0.438115	0.280698	0.184866	0.09632	1.276019	1.04853	7.422029	2.192562
4536	-10393.19	-10893.02	499.8274	0.476056	0.305006	0.0933501	0.125588	1.25774	1.020062	7.315893	2.114068
4542	-10407.09	-10907.63	500.5436	0.407797	0.261273	0.247255	0.0836752	1.25774	1.132618	6.870102	2.114068
4548	-10392.08	-10893.12	501.0403	0.462372	0.241632	0.230974	0.0650225	1.158064	1.038197	6.870102	1.712962
4554	-10400.42	-10902.1	501.6873	0.458268	0.239488	0.24643	0.0558146	1.102634	1.036213	6.550473	1.712962
4560	-10393.52	-10895.4	501.8741	0.402671	0.384688	0.0726566	0.139985	1.001978	1.031684	6.550473	1.612001
4566	-10392.1	-10893.34	501.2455	0.372951	0.45166	0.0672941	0.108095	1.284016	1.031684	6.743998	1.612001
4572	-10388.88	-10888.15	499.2752	0.525819	0.226903	0.0948769	0.152402	1.406801	1.098788	7.197026	2.959252
4578	-10392.34	-10892.96	500.6164	0.466619	0.265618	0.103197	0.164566	1.212989	0.9895857	6.848074	2.32908
4584	-10399.72	-10899.84	500.1125	0.511971	0.255769	0.0572696	0.17499	1.375379	1.09576	6.848074	2.704145
4590	-10406.52	-10907.32	500.7975	0.518485	0.128312	0.170673	0.18253	1.531025	1.109417	6.271316	3.08104
4596	-10396.81	-10896.79	499.9783	0.537794	0.182239	0.152799	0.127168	1.421748	1.132359	6.691288	3.28181
4602	-10395.41	-10895.57	500.1624	0.568271	0.116685	0.150924	0.16412	1.49078	1.133816	6.691288	2.865323
4608	-10410.29	-10911.62	501.3305	0.595236	0.107539	0.194996	0.102228	1.673332	1.196498	5.901106	2.980826
4614	-10408.1	-10908.88	500.7824	0.550735	0.126205	0.234595	0.0884641	1.493778	1.088818	6.396139	2.813008
4620	-10411.04	-10911.83	500.7825	0.499931	0.187493	0.232273	0.0803034	1.176631	1.103909	6.543641	2.813008
4626	-10380.22	-10881.57	501.3543	0.512654	0.166815	0.238184	0.0823471	1.304756	1.177365	6.366667	2.15812
4632	-10402.47	-10903.61	501.1367	0.530356	0.175833	0.246409	0.0474021	1.280691	1.129108	6.468086	2.300417
4638	-10382.67	-10884.59	501.9243	0.453645	0.278865	0.186786	0.080705	1.215862	1.124765	6.060908	2.338376
4644	-10393.57	-10893.13	499.5613	0.498673	0.242464	0.17932	0.0795423	1.274972	1.157655	6.672613	4.361618
4650	-10402.39	-10904.18	501.786	0.479698	0.258172	0.17082	0.0913099	1.163279	1.195949	6.329515	1.826582
4656	-10404.61	-10907.5	502.8893	0.436506	0.310751	0.183841	0.0689018	1.110268	1.222347	5.784325	1.728166
4662	-10402.55	-10905.23	502.6895	0.436506	0.310751	0.183841	0.0689018	1.210182	1.223692	5.824311	1.765435
4668	-10407.1	-10909.86	502.7593	0.460327	0.2099	0.263402	0.0663704	1.21363	1.148945	5.988969	1.409346
4674	-10416.96	-10918.56	501.6023	0.450394	0.22695	0.257718	0.0649381	1.325171	1.065306	6.372215	1.936202
4680	-10400.08	-10901.51	501.4257	0.377181	0.333972	0.229702	0.0591447	1.292279	1.118147	6.60773	1.585621
4686	-10402.31	-10902.69	500.3796	0.433387	0.303833	0.208973	0.0538071	1.332904	1.169402	6.796343	2.390527
4692	-10406.46	-10905.91	499.4542	0.566409	0.0828849	0.268743	0.081963	1.354109	1.051842	6.669832	4.676731
4698	-10416.67	-10918.32	501.654	0.536437	0.162831	0.254522	0.0462096	1.286332	1.175914	5.790897	3.38682
4704	-10399.86	-10902.44	502.5803	0.444266	0.320882	0.15219	0.0826625	1.03088	1.206351	5.705985	2.471349
4710	-10393.93	-10894.89	500.9582	0.421618	0.317487	0.172292	0.0886025	1.287363	1.122139	6.421928	2.697495
4716	-10394.41	-10897.47	503.0561	0.301146	0.506321	0.0463418	0.146191	1.149764	1.223768	5.829836	1.387103
4722	-10418.25	-10918.57	500.3171	0.461756	0.222983	0.225681	0.0895795	1.15735	1.010847	7.034482	2.307196
4728	-10422.82	-10924.26	501.4442	0.518462	0.250367	0.130591	0.10058	1.281608	1.145111	6.094122	2.856266
4734	-10418.28	-10918.57	500.293	0.607443	0.0824165	0.192297	0.117843	1.774496	1.068629	6.149607	4.140281
4740	-10412.56	-10913.9	501.3417	0.530518	0.199977	0.166586	0.102919	1.194451	1.149406	6.323709	2.478178
4746	-10416.92	-10918.03	501.1135	0.548156	0.0644625	0.299681	0.0877004	1.376942	1.160629	6.323709	2.55221
4752	-10398.53	-10900.56	502.0257	0.438506	0.289474	0.210437	0.0615835	1.155212	1.132372	5.870995	2.789893
4758	-10403.61	-10905.96	502.3549	0.396662	0.27019	0.274862	0.0582857	1.186879	1.107261	6.144954	1.624937
4764	-10395.36	-10895.54	500.1796	0.447744	0.310784	0.185432	0.0560396	1.168944	1.07313	6.982991	2.543175
4770	-10415.2	-10915.75	500.5524	0.4026	0.300765	0.149445	0.147191	1.046668	1.155736	6.999072	2.020237
4776	-10410.98	-10912.11	501.1277	0.390876	0.292006	0.145093	0.172025	1.076951	1.110175	6.61242	2.236052
4782	-10409.42	-10909.61	500.1893	0.41542	0.43079	0.0696178	0.0841718	1.1541	1.058319	7.13378	2.164327
4788	-10412.98	-10912.57	499.5895	0.539303	0.158228	0.171427	0.131041	1.557913	1.058407	6.977394	2.964639
4794	-10410.41	-10910.58	500.1776	0.540503	0.122628	0.171809	0.16506	1.543682	1.047424	6.678976	2.945018
4800	-10409.32	-10909.37	500.0438	0.509702	0.222013	0.195491	0.0727933	1.353548	1.041028	7.239406	1.871673
4806	-10400.37	-10901.44	501.0644	0.429597	0.196192	0.307485	0.066725	1.076814	1.040357	6.831809	1.868208
4812	-10409.32	-10910.55	501.2325	0.50325	0.0989827	0.360203	0.037564	1.147401	1.057267	6.742641	1.756493
4818	-10393.68	-10894.69	501.0084	0.435336	0.235029	0.311593	0.0180418	1.081462	1.05181	6.842501	1.894223
4824	-10396.98	-10897.87	500.8901	0.423068	0.320324	0.232031	0.0245769	1.092916	1.115329	6.853033	1.925563
4830	-10389.95	-10891.7	501.7444	0.422722	0.320062	0.231841	0.0253747	0.990308	1.17136	6.554396	1.605337
4836	-10402.11	-10903.41	501.2971	0.35209	0.375813	0.239821	0.0322763	0.990308	1.08945	6.679852	1.979505
4842	-10407.6	-10907.27	499.6708	0.487842	0.0803179	0.360656	0.0711849	1.538543	1.010669	6.958402	2.994838
4848	-10398.34	-10899.37	501.0308	0.533985	0.0879149	0.315674	0.0624262	1.63518	1.094877	6.606569	1.732606
4854	-10418.72	-10919.53	500.809	0.554941	0.0521204	0.328063	0.0648761	1.560346	0.9725811	6.508708	2.539634
4860	-10412.08	-10913.44	501.3528	0.418045	0.203117	0.312253	0.0665862	1.585994	1.123897	6.475601	1.649359
4866	-10415.86	-10916.02	500.1624	0.507	0.170077	0.266165	0.0567582	1.179448	1.102368	6.901555	2.743397
4872	-10401.59	-10901.92	500.3311	0.370542	0.421564	0.151722	0.0561721	0.9748598	0.9849916	7.154596	2.260958
4878	-10379.67	-10881.19	501.5151	0.368179	0.408255	0.150754	0.0728119	0.9753466	1.065869	6.585748	1.972359
4884	-10378.09	-10879.72	501.6369	0.371185	0.340397	0.195335	0.0930827	0.9858097	1.046319	6.710548	1.544123
4890	-10379.63	-10882.28	502.6477	0.349935	0.353989	0.210124	0.085952	1.046491	1.176928	6.058494	1.544123
4896	-10374.83	-10877.59	502.7573	0.386458	0.366246	0.175505	0.0717908	1.046491	1.156775	6.009737	1.544123
4902	-10385.66	-10887.7	502.0412	0.475522	0.24045	0.215952	0.068076	1.046491	1.105784	6.294809	1.842103
4908	-10381.23	-10882.75	501.5185	0.348714	0.430165	0.148638	0.0724831	1.037841	1.084231	6.513611	2.037833
4914	-10381.46	-10882.98	501.525	0.317773	0.487443	0.128732	0.0660519	0.8876935	1.035788	6.839929	1.523645
4920	-10393.89	-10896.33	502.4424	0.346259	0.440146	0.140272	0.0733224	0.978609	1.088053	6.526803	1.002556
4926	-10398.8	-10901.07	502.2676	0.394249	0.31505	0.257667	0.0330331	0.978609	1.088053	6.418281	1.400127
4932	-10385.19	-10888.16	502.9709	0.479524	0.244766	0.235532	0.040178	1.061198	1.208667	5.729841	1.827933
4938	-10381.84	-10884.5	502.6626	0.432592	0.270605	0.191659	0.105144	1.260738	1.208255	5.794566	1.827933
4944	-10386.94	-10890.66	503.7228	0.329876	0.455568	0.127931	0.086625	1.00354	1.209351	5.579763	1.328318
4950	-10384.14	-10886.91	502.7638	0.356136	0.403788	0.139652	0.100424	1.00354	1.24168	5.678723	2.264699
4956	-10392.96	-10896.59	503.629	0.365398	0.414289	0.13517	0.0851436	0.9991548	1.24168	5.678723	1.204516
4962	-10381.31	-10883.6	502.2916	0.408366	0.363736	0.126938	0.100961	1.286258	1.136997	6.100502	1.652004
4968	-10394.6	-10895.92	501.3158	0.434388	0.371773	0.115493	0.0783462	1.074819	1.098624	6.736873	1.702384
4974	-10407.64	-10908.08	500.4393	0.399277	0.290711	0.215143	0.0948688	1.17492	1.083052	7.090494	1.877952
4980	-10400.17	-10901.96	501.789	0.367667	0.346863	0.198111	0.0873583	1.239153	1.101616	6.425557	1.631911
4986	-10403.76	-10904.26	500.4975	0.369311	0.348415	0.198997	0.0832768	1.106474	1.035488	7.406716	1.249051
4992	-10392.96	-10895.22	502.2626	0.339112	0.447295	0.128525	0.0850686	0.8040519	1.221828	6.332453	1.643669
4998	-10395.9	-10898.32	502.4139	0.287316	0.53109	0.109519	0.0720753	1.168909	1.152576	6.332453	1.141446
5004	-10409.87	-10912.14	502.2645	0.264292	0.488531	0.180878	0.0662995	0.872385	1.152576	6.499818	1.285506
5010	-10390.46	-10892.75	502.2834	0.341963	0.448374	0.139609	0.0700541	1.019903	1.158802	6.499818	1.10074
5016	-10394.35	-10896.21	501.8606	0.314103	0.467357	0.14552	0.07302	0.8664905	1.138392	6.469231	1.853034
5022	-10384.53	-10887.53	502.9975	0.352541	0.496785	0.0730569	0.0776178	0.9169294	1.177557	5.971132	1.474337
5028	-10391.37	-10894	502.6322	0.37821	0.433911	0.10461	0.0832693	1.111459	1.248543	5.736999	2.141667
5034	-10385.29	-10888.21	502.9204	0.366792	0.389914	0.105326	0.137968	1.015086	1.247533	5.759048	1.832952
5040	-10405.36	-10907.69	502.3337	0.362533	0.364664	0.14377	0.129033	1.210719	1.221215	5.97775	1.862953
5046	-10406.88	-10908.43	501.5453	0.489593	0.260301	0.136218	0.113889	1.201058	1.146092	6.192952	2.529492
5052	-10418.27	-10920.11	501.8319	0.362297	0.319715	0.178103	0.139885	1.295916	1.143484	6.010942	2.472375
5058	-10408.9	-10911.27	502.3739	0.436117	0.232901	0.214392	0.116589	1.295916	1.126016	6.010942	1.755391
5064	-10406.73	-10907.86	501.1353	0.385955	0.387185	0.183283	0.0435767	0.9488405	1.114741	6.886824	1.717312
5070	-10399.75	-10902.6	502.8549	0.314228	0.479573	0.095964	0.110235	1.181526	1.167425	6.061289	1.17357
5076	-10385.88	-10888.01	502.1323	0.300215	0.500297	0.0894136	0.110074	1.099842	1.195298	6.481374	1.17357
5082	-10402.52	-10905.27	502.7524	0.270093	0.522448	0.150072	0.0573868	0.8799069	1.115992	6.109326	1.580887
5088	-10390.58	-10893.24	502.6624	0.284633	0.518379	0.0994643	0.0975241	0.8707109	1.115992	6.109326	1.701035
5094	-10396.26	-10898.5	502.2399	0.313931	0.513656	0.098558	0.0738554	0.926517	1.120882	6.305253	1.701035
5100	-10408.96	-10911.17	502.2139	0.308075	0.504074	0.0896724	0.0981785	0.9950691	1.21198	6.3179	1.512541
5106	-10402.52	-10906.17	503.6523	0.307994	0.510708	0.0865445	0.0947539	0.978136	1.276394	5.749732	1.032291
5112	-10397.37	-10900.05	502.6843	0.274319	0.53356	0.121611	0.0705094	0.9048338	1.16169	6.283987	1.216205
5118	-10420.29	-10924.15	503.8663	0.27049	0.526113	0.133872	0.0695252	0.7294711	1.188133	5.798225	1.076113
5124	-10400.09	-10902.21	502.117	0.477056	0.244201	0.0969955	0.181748	1.224215	1.096187	5.94057	2.40943
5130	-10407.62	-10910.55	502.9315	0.47024	0.223353	0.180231	0.126176	1.250134	1.156656	5.481355	2.320327
5136	-10398.45	-10899.28	500.8286	0.531357	0.191797	0.168497	0.108349	1.530967	1.153126	6.272798	2.951147
5142	-10396.76	-10897.41	500.6485	0.593827	0.152534	0.162515	0.0911241	1.194341	1.153126	6.272798	3.816525
5148	-10408.19	-10908.33	500.1411	0.49753	0.188746	0.200968	0.112757	1.18265	1.079529	6.725848	3.361464
5154	-10405.51	-10905.37	499.859	0.456253	0.298145	0.1422	0.103402	1.144937	1.134732	6.906651	3.233849
5160	-10402.43	-10903.91	501.4804	0.45501	0.297333	0.144536	0.10312	1.212087	1.084227	6.451421	2.01742
5166	-10400.5	-10901.49	500.9931	0.51542	0.204043	0.163725	0.116811	1.19782	1.101632	6.608962	2.283512
5172	-10404.65	-10905.06	500.4051	0.518557	0.16881	0.163855	0.148779	1.347443	1.062373	6.850057	2.345062
5178	-10420.3	-10922.06	501.753	0.486305	0.182539	0.244254	0.0869026	1.133929	1.090324	6.411399	1.846702
5184	-10408.04	-10909.23	501.1887	0.422846	0.258892	0.242699	0.0755626	1.017856	1.040682	6.655272	2.218574
5190	-10410.86	-10912.13	501.2699	0.431893	0.259413	0.243188	0.0655059	1.222543	1.074802	6.494848	2.195174
5196	-10413.35	-10914.3	500.9589	0.428516	0.260955	0.244633	0.0658953	1.044718	1.020942	6.839198	2.056362
5202	-10411.54	-10912.37	500.8364	0.417702	0.273931	0.248494	0.0598734	1.216617	0.9890794	6.83313	2.056362
5208	-10417.56	-10917.88	500.3274	0.52194	0.208938	0.19174	0.0773816	0.9872707	0.9569623	6.91576	2.973368
5214	-10414.86	-10915.55	500.6826	0.416833	0.217565	0.276641	0.0889618	1.404379	1.098218	6.768427	2.047202
5220	-10404.59	-10906.06	501.4777	0.413874	0.21602	0.281776	0.0883303	1.16933	1.065565	6.472894	2.047205
5226	-10395.08	-10896.26	501.1799	0.445644	0.197377	0.291508	0.0654712	1.284956	1.021261	6.297349	2.874853
5232	-10406.63	-10907.42	500.7917	0.498288	0.164209	0.240342	0.0971607	1.290237	1.152597	6.101099	3.980628
5238	-10404.81	-10905.84	501.0315	0.526251	0.155057	0.226946	0.0917453	1.370371	1.091799	6.316362	2.818695
5244	-10396.76	-10897.74	500.9774	0.492739	0.145182	0.276176	0.0859027	1.159457	1.015413	6.541784	2.675755
5250	-10412.53	-10913.25	500.7161	0.397914	0.209079	0.286807	0.1062	1.147178	1.066823	6.585284	2.90173
5256	-10420.03	-10920.85	500.8254	0.450643	0.276082	0.206712	0.066563	1.094132	1.007368	6.617658	2.806949
5262	-10415.51	-10918.24	502.7254	0.394036	0.306375	0.22697	0.0726189	1.114303	1.195015	5.961611	1.562522
5268	-10403.39	-10905.64	502.247	0.326283	0.522163	0.0928179	0.0587355	0.9000927	1.101728	6.483021	1.363437
5274	-10400.65	-10903.85	503.1952	0.223765	0.50914	0.187339	0.0797564	0.7510687	1.112925	6.106592	1.242164
5280	-10423.19	-10926.54	503.3505	0.229548	0.522298	0.166336	0.0818177	0.8253121	1.073497	6.172424	0.9199281
5286	-10408.59	-10910.16	501.5702	0.240918	0.519304	0.165382	0.0743961	0.7247013	1.057258	6.980378	1.345349
5292	-10408.23	-10911.15	502.9175	0.272469	0.518274	0.137513	0.0717446	0.7210163	1.082678	6.445076	0.9508419
5298	-10422.78	-10925.58	502.7986	0.29563	0.56233	0.0820053	0.0600352	0.7809186	1.145418	6.354804	1.111645
5304	-10399.35	-10902.56	503.2114	0.236152	0.601782	0.0655067	0.0965597	1.006782	1.15773	6.075664	0.9664091
5310	-10390.16	-10893.97	503.8157	0.297593	0.5198	0.0621922	0.120415	0.9736814	1.194213	5.573947	1.287643
5316	-10396.86	-10899.92	503.0632	0.298462	0.457386	0.139642	0.10451	1.039965	1.107046	6.183177	0.9352311
5322	-10399.16	-10902.73	503.5679	0.318447	0.451429	0.150802	0.0793209	1.122561	1.224747	5.799598	0.9352311
5328	-10416.26	-10919.83	503.5718	0.348414	0.43792	0.10533	0.108337	0.8482389	1.172916	5.725936	1.416806
5334	-10406.5	-10910.22	503.7165	0.341972	0.47445	0.103014	0.0805632	1.214408	1.199164	5.537435	1.208415
5340	-10416.65	-10920.73	504.0802	0.349509	0.488189	0.101327	0.0609756	1.05976	1.285058	5.046799	1.898434
5346	-10399.35	-10902.8	503.4528	0.43817	0.328245	0.132221	0.101364	1.279657	1.348562	5.243126	1.898434
5352	-10404.33	-10908.13	503.7948	0.435004	0.356563	0.117577	0.0908564	1.160893	1.298046	5.143475	1.898434
5358	-10406.43	-10909.77	503.3435	0.442238	0.266503	0.198891	0.0923675	1.185572	1.24124	5.519495	1.651746
5364	-10403	-10904.02	501.0145	0.466022	0.280835	0.0899995	0.163144	1.181602	1.13576	6.598504	2.253832
5370	-10391.07	-10893.73	502.6575	0.49739	0.264338	0.0847124	0.15356	1.298866	1.234489	5.808845	1.724729
5376	-10397.43	-10899.63	502.1996	0.402058	0.37875	0.0950649	0.124128	1.123547	1.139752	5.808845	2.730695
5382	-10388.77	-10890.54	501.7799	0.405496	0.33573	0.142266	0.116508	1.127168	1.169053	6.25432	2.098165
5388	-10399.23	-10901.32	502.0971	0.374397	0.386675	0.131355	0.107573	1.215418	1.123653	6.25432	1.641089
5394	-10395.32	-10897.25	501.9329	0.491289	0.262914	0.172366	0.0734313	1.215418	1.112431	6.172039	2.058666
5400	-10401.06	-10904.96	503.8954	0.397508	0.331993	0.189688	0.0808106	0.9502266	1.236066	5.352012	1.637527
5406	-10406.92	-10910.21	503.2871	0.459307	0.287214	0.177753	0.0757262	1.231023	1.171263	5.569238	1.643353
5412	-10421.91	-10925	503.0879	0.396516	0.376215	0.183292	0.0439772	0.8246909	1.079869	5.948914	1.643353
5418	-10410.04	-10911.53	501.4849	0.373498	0.354375	0.172652	0.0994747	1.110916	1.145755	6.42416	2.127137
5424	-10429.77	-10930.7	500.9318	0.3873	0.332245	0.179032	0.101423	0.9992879	1.088755	6.813549	2.127137
5430	-10425.13	-10927.58	502.454	0.257039	0.466511	0.187163	0.0892867	0.7195183	1.030118	6.615426	1.157082
5436	-10413.3	-10915.1	501.8068	0.276985	0.425893	0.201687	0.0954346	0.8238272	1.024478	6.978447	1.02417
5442	-10424.03	-10925.48	501.4443	0.270477	0.415886	0.196948	0.116689	0.9357318	1.080457	6.866606	1.451318
5448	-10407.03	-10909.93	502.9029	0.338508	0.442565	0.123214	0.0957124	0.8062108	1.197477	6.085289	1.451318
5454	-10396.09	-10898.62	502.5283	0.414018	0.387631	0.106449	0.0919016	1.17157	1.16859	5.981258	1.722635
5460	-10418.69	-10921.15	502.4576	0.346942	0.432002	0.118634	0.102421	1.41106	1.177112	5.906668	1.696695
5466	-10391.13	-10893.41	502.2841	0.346942	0.432002	0.118634	0.102421	1.302306	1.140742	5.931318	2.033955
5472	-10402.19	-10904.61	502.4204	0.47621	0.256101	0.155777	0.111911	1.24655	1.192384	5.879158	1.979261
5478	-10375	-10876.92	501.9198	0.517293	0.261735	0.106599	0.114373	1.280276	1.142058	6.202819	1.882391
5484	-10386.71	-10888.59	501.8829	0.450822	0.332022	0.11748	0.0996763	1.251469	1.094723	6.018748	2.509056
5490	-10370.08	-10871.22	501.148	0.404901	0.318446	0.183567	0.0930861	1.15537	1.076342	6.53745	2.345223
5496	-10383.06	-10883.98	500.9285	0.404901	0.318446	0.183567	0.0930861	1.122764	1.072911	6.603028	2.542546
5502	-10418.51	-10919.68	501.1686	0.429856	0.289033	0.20604	0.0750707	1.203845	1.128131	6.435158	2.448488
5508	-10414.9	-10915.11	500.2117	0.471106	0.261709	0.172995	0.0941896	1.303039	1.054346	6.917329	2.518133
5514	-10404.88	-10907.33	502.4527	0.560903	0.13662	0.181621	0.120857	1.303039	1.154019	5.694041	2.386266
5520	-10407.82	-10909.11	501.293	0.449805	0.225272	0.228005	0.0969188	1.350006	1.04419	6.363037	2.386266
5526	-10394.9	-10895.04	500.1399	0.513606	0.206766	0.190671	0.088957	1.443814	1.016319	6.865867	2.639137
5532	-10401.56	-10899.63	498.0683	0.513606	0.206766	0.190671	0.088957	1.30759	1.034562	7.738249	3.574753
5538	-10429.36	-10928.35	498.9873	0.511329	0.154503	0.196989	0.137179	1.702084	1.019662	7.212967	3.104639
5544	-10404.33	-10906.57	502.239	0.36463	0.357374	0.172641	0.105356	0.9927365	1.073282	6.388842	1.495475
5550	-10398.55	-10901.71	503.1587	0.362981	0.40945	0.165525	0.0620432	0.9218548	1.213697	5.848134	1.500685
5556	-10398.18	-10900.43	502.2464	0.379197	0.391657	0.16433	0.064815	1.145729	1.238935	5.653733	2.917305
5562	-10400.52	-10902.04	501.5224	0.437793	0.35469	0.148819	0.0586974	1.117945	1.202878	6.536728	1.723715
5568	-10410.15	-10911.97	501.8223	0.489644	0.291189	0.166445	0.0527208	1.212487	1.090328	6.291678	1.94597
5574	-10401.05	-10903.78	502.7277	0.473773	0.25981	0.184567	0.0818496	0.9610962	1.246462	5.752722	2.178601
5580	-10397.72	-10900.11	502.3975	0.413941	0.235454	0.245378	0.105227	1.164706	1.240644	5.661734	2.621771
5586	-10398.62	-10901.99	503.3688	0.485429	0.305032	0.119178	0.0903611	1.083497	1.25988	5.099732	2.790461
5592	-10407.03	-10909.79	502.7675	0.505911	0.260872	0.155937	0.0772794	1.070564	1.170097	5.643244	2.359902
5598	-10395.48	-10897.87	502.3934	0.505911	0.260872	0.155937	0.0772794	1.10541	1.246697	5.636891	2.779396
5604	-10391.81	-10894.82	503.0185	0.50732	0.205712	0.240479	0.0464891	1.07697	1.221056	5.057249	3.60843
5610	-10397.29	-10898.16	500.8659	0.444635	0.231885	0.271075	0.0524041	1.266957	1.221056	6.249896	3.243326
5616	-10396.66	-10898.6	501.9316	0.428432	0.183655	0.261197	0.126716	1.266957	1.125539	6.377307	1.5096
5622	-10407.49	-10906.53	499.0384	0.58626	0.159421	0.113579	0.14074	1.479764	1.063957	7.052042	3.815336
5628	-10396.89	-10895.98	499.0946	0.562619	0.104908	0.216614	0.115859	1.560336	1.090574	7.052042	3.528291
5634	-10396.88	-10897.58	500.6989	0.593266	0.05615	0.228414	0.12217	1.623254	1.065938	6.402003	2.790166
5640	-10398.25	-10898.26	500.0149	0.578846	0.0547852	0.225681	0.140687	1.549913	1.056102	6.82861	2.737351
5646	-10403.97	-10903.02	499.0464	0.573897	0.194021	0.0925965	0.139485	1.454467	1.110453	6.287556	7.154162
5652	-10411.34	-10909.45	498.11	0.620269	0.153124	0.0867112	0.139896	1.759253	1.103094	6.812214	6.359953
5658	-10409.73	-10909.21	499.4722	0.604406	0.158922	0.0914786	0.145193	1.633014	1.068918	6.919352	3.222388
5664	-10400.48	-10898.69	498.2014	0.460546	0.238724	0.190096	0.110634	1.314226	1.013679	7.515762	4.15507
5670	-10437.66	-10937.53	499.8657	0.445077	0.381026	0.0646394	0.109258	1.435609	1.098764	6.809334	3.13462
5676	-10424.62	-10925.21	500.5977	0.445632	0.381501	0.0634729	0.109394	1.419435	1.028824	6.641984	2.58637
5682	-10425.19	-10924.86	499.6745	0.335204	0.448115	0.10537	0.11131	1.182002	1.042176	7.581508	1.731137
5688	-10411.96	-10913.6	501.634	0.313455	0.419041	0.163415	0.104088	0.9652883	1.149532	6.583622	1.731137
5694	-10412.49	-10914.07	501.5791	0.316834	0.423557	0.165177	0.094432	1.175109	1.053571	6.717464	1.375331
5700	-10420.14	-10921.93	501.7924	0.325528	0.428475	0.213779	0.0322179	0.9419785	1.080785	6.717464	1.362837
5706	-10421.86	-10922.45	500.5839	0.344082	0.400337	0.221527	0.0340542	0.9129496	1.035165	7.223158	1.770189
5712	-10413.11	-10913.65	500.5379	0.562897	0.0978209	0.21036	0.128922	1.575626	1.163435	6.246498	3.456257
5718	-10408.65	-10910.23	501.5729	0.411777	0.219723	0.27419	0.0943103	1.12452	1.150245	6.318518	2.251428
5724	-10400.77	-10902.75	501.9776	0.417789	0.222931	0.278193	0.0810869	1.11868	1.081491	6.318518	1.808792
5730	-10401.56	-10904.05	502.4859	0.328627	0.365038	0.242554	0.0637818	0.8697853	1.095596	6.33742	1.438899
5736	-10414.46	-10915.06	500.6036	0.332194	0.369	0.22762	0.0711856	0.8599002	1.057571	6.869149	2.713804
5742	-10399.67	-10900.06	500.3882	0.333868	0.384474	0.228767	0.0528909	0.7921982	1.044848	7.510878	1.498854
5748	-10386.76	-10890.24	503.4735	0.33216	0.382507	0.232713	0.0526203	0.9576182	1.220755	5.781182	1.237812
5754	-10407.06	-10909.26	502.198	0.336419	0.387411	0.235697	0.040473	0.9909006	1.120866	6.11665	2.121605
5760	-10421.99	-10922.99	501.0003	0.550806	0.24518	0.117743	0.0862708	1.153078	1.084577	6.307606	3.248516
5766	-10407.54	-10908.22	500.676	0.49765	0.22795	0.10638	0.168021	1.325356	1.145574	6.363358	3.248516
5772	-10398.78	-10899.84	501.0551	0.459262	0.300909	0.0776594	0.162169	1.346365	1.12588	6.433107	2.430864
5778	-10398.44	-10899.65	501.2051	0.548016	0.246581	0.0390363	0.166367	1.606963	1.152737	6.14196	2.631493
5784	-10390.36	-10889.79	499.4341	0.581569	0.18942	0.0524578	0.176553	1.83495	1.138923	6.428845	4.619751
5790	-10398.48	-10897.74	499.259	0.547506	0.178326	0.107956	0.166212	1.594089	1.082366	6.961751	3.496962
5796	-10394	-10895.06	501.0568	0.561587	0.151516	0.116411	0.170487	1.394903	1.195265	6.019801	3.496962
5802	-10380.95	-10883.15	502.2081	0.401377	0.385145	0.0916282	0.12185	1.322085	1.230455	5.746111	2.468661
5808	-10398.83	-10900.57	501.7395	0.523537	0.282369	0.0953188	0.0987751	1.167271	1.126987	6.109276	2.545589
5814	-10407.53	-10908.27	500.741	0.409187	0.220694	0.272877	0.0972421	1.2255	1.070604	6.827315	2.078512
5820	-10400.44	-10902.62	502.1787	0.458071	0.290822	0.122966	0.128142	1.216204	1.204369	5.979647	2.078512
5826	-10402.45	-10904.98	502.5269	0.424807	0.339108	0.0421992	0.193885	1.260964	1.204369	5.714868	2.208798
5832	-10411.4	-10913.72	502.3214	0.354807	0.421382	0.102744	0.121067	0.9881602	1.14401	6.254958	1.610817
5838	-10393.53	-10894.75	501.2225	0.433906	0.292388	0.125649	0.148057	1.197713	1.111842	6.467039	2.315887
5844	-10410.48	-10911.19	500.706	0.484099	0.306431	0.131684	0.0777862	1.157751	1.055339	6.467039	3.292839
5850	-10412.37	-10913.49	501.1151	0.457286	0.24461	0.12439	0.173714	1.142683	1.060078	6.467039	2.631739
5856	-10408.14	-10907.17	499.0268	0.411881	0.319614	0.11204	0.156465	1.217051	0.9166502	7.593217	2.740232
5862	-10407.45	-10906.52	499.0705	0.46315	0.221295	0.230419	0.0851365	1.081666	1.041912	7.343172	3.467413
5868	-10415.06	-10915.89	500.8285	0.405758	0.336531	0.199232	0.0584782	1.115273	1.152274	6.317395	3.467413
5874	-10411.58	-10911.52	499.9403	0.547838	0.101733	0.271473	0.0789548	1.428977	1.033416	6.806093	3.139116
5880	-10410.7	-10910.77	500.0732	0.574652	0.0732052	0.283626	0.0685161	1.12801	1.032852	6.952372	2.926924
5886	-10412.02	-10910.99	498.9669	0.592399	0.0877333	0.240334	0.0795341	1.51341	1.043712	7.219716	3.351654
5892	-10402.54	-10903.44	500.9001	0.504797	0.108271	0.309741	0.0771918	1.275371	1.169717	6.171974	3.517381
5898	-10414.56	-10915.72	501.1597	0.517971	0.10539	0.3015	0.0751381	1.232338	1.072496	6.604865	2.057898
5904	-10409.11	-10911.37	502.2652	0.463361	0.203139	0.227495	0.106005	1.297107	1.145187	6.024646	1.835309
5910	-10410.55	-10911.19	500.64	0.448077	0.271336	0.207123	0.0734631	1.312839	1.118339	6.72706	2.299536
5916	-10391.65	-10891.54	499.8863	0.458548	0.277677	0.188674	0.0751001	1.312839	1.073143	7.373125	1.761512
5922	-10388.97	-10890.48	501.512	0.39847	0.316742	0.215217	0.0695712	0.9351581	1.071886	6.682423	1.790492
5928	-10411.1	-10911.02	499.9145	0.332534	0.343471	0.265936	0.0580591	1.066738	1.014712	7.751682	1.247051
5934	-10395.06	-10896.44	501.3738	0.176261	0.617123	0.151827	0.0547901	0.6851101	1.147752	6.791951	1.945297
5940	-10391.2	-10893.91	502.7101	0.0951913	0.669021	0.203777	0.0320104	0.4490519	1.192655	6.680079	0.8952992
5946	-10389.86	-10893.15	503.2945	0.203957	0.589193	0.167742	0.0391082	0.5160705	1.120068	6.265073	1.083474
5952	-10407.68	-10911.72	504.0415	0.202549	0.585128	0.166585	0.0457382	0.628745	1.226223	5.821358	0.9270346
5958	-10404.08	-10908.12	504.0394	0.183621	0.623897	0.151017	0.041464	0.5991555	1.187141	5.791809	1.053089
5964	-10405.91	-10908.1	502.1981	0.152732	0.647503	0.156731	0.0430328	0.5153921	1.040247	6.784595	1.313933
5970	-10394.57	-10896.89	502.319	0.152536	0.64667	0.15653	0.0442644	0.4777311	1.042108	6.784595	1.221466
5976	-10395.1	-10897.64	502.539	0.149459	0.633627	0.173542	0.0433716	0.6103563	1.038497	6.736388	0.9522312
5982	-10386.75	-10889.39	502.6418	0.157866	0.669267	0.103859	0.0690086	0.5941733	1.120032	6.797525	0.6829156
5988	-10415.64	-10917.49	501.8453	0.132787	0.562947	0.24622	0.0580458	0.5076288	1.155384	6.750822	1.669858
5994	-10407.04	-10909.79	502.7533	0.155104	0.655279	0.12205	0.0675663	0.6771351	1.166941	6.494885	0.9850663
6000	-10390.05	-10891.5	501.4497	0.173496	0.630981	0.136523	0.0590008	0.5261446	1.070271	7.06358	1.528874
6006	-10401.39	-10903.03	501.6355	0.166404	0.634712	0.173379	0.0255041	0.4871205	1.129235	6.964867	1.502776
6012	-10390.59	-10893.74	503.1489	0.208161	0.590397	0.161274	0.0401672	0.5042922	1.2396	6.212233	1.224734
6018	-10415.42	-10918.83	503.4071	0.208161	0.590397	0.161274	0.0401672	0.5628386	1.195515	6.212233	0.944113
6024	-10420.83	-10922.87	502.0454	0.209688	0.540957	0.210945	0.0384096	0.7045527	1.063659	6.939724	0.944113
6030	-10399.28	-10902.26	502.9765	0.212569	0.548391	0.200103	0.0389374	0.6211005	1.095248	6.393589	1.080625
6036	-10398.36	-10901.56	503.2012	0.196843	0.604692	0.182036	0.0164286	0.5561776	1.1646	6.270772	1.080625
6042	-10392.25	-10894.49	502.2343	0.195256	0.599817	0.180569	0.0243585	0.4991577	1.097307	6.935032	0.9444471
6048	-10391.35	-10893.38	502.0376	0.195256	0.599817	0.180569	0.0243585	0.6537132	1.113561	6.926598	0.9799473
6054	-10392.02	-10894.88	502.8655	0.0845008	0.670219	0.216126	0.029155	0.5211087	1.070855	6.612802	0.9151222
6060	-10396.62	-10900.07	503.4475	0.139993	0.612461	0.1975	0.050046	0.4194915	1.118173	6.119475	1.304415
6066	-10404.85	-10907.98	503.1285	0.0965789	0.702463	0.191617	0.00934067	0.3845297	1.14446	6.18729	1.527856
6072	-10381.28	-10884.57	503.2958	0.13654	0.632453	0.227073	0.00393439	0.2999342	1.182706	6.135463	1.46274
6078	-10393.97	-10896.69	502.7159	0.142542	0.615545	0.237055	0.00485834	0.2949611	1.077338	6.804667	0.8868452
6084	-10392.39	-10894.37	501.9793	0.125099	0.649822	0.204497	0.0205818	0.367791	1.092303	6.883539	1.445314
6090	-10382.42	-10883.79	501.3648	0.411402	0.36786	0.108985	0.111753	1.103707	1.091394	6.274838	2.806526
6096	-10384.93	-10885.99	501.061	0.450923	0.244788	0.229924	0.0743646	1.329896	1.134776	6.274838	2.884343
6102	-10405.22	-10907.85	502.6229	0.355239	0.410791	0.17679	0.0571794	1.011355	1.151992	6.008369	1.75783
6108	-10399.66	-10902.55	502.8939	0.39225	0.328507	0.189857	0.0893859	0.9999877	1.09715	5.946681	1.645238
6114	-10384.93	-10887	502.0653	0.398616	0.323078	0.186719	0.0915866	0.9194053	1.154642	6.198821	2.149601
6120	-10385.41	-10886.8	501.3896	0.401788	0.311338	0.188205	0.0986687	1.18422	1.120986	6.370613	2.336589
6126	-10377.67	-10878.91	501.2353	0.419143	0.324787	0.196335	0.059736	1.125913	1.071732	6.7329	1.783304
6132	-10394.93	-10896.41	501.4778	0.093626	0.687918	0.204026	0.0144307	0.269351	1.062845	7.515575	0.8266383
6138	-10392.63	-10896.16	503.5317	0.0943679	0.693369	0.205642	0.00662096	0.3864348	1.094898	6.300133	0.926964
6144	-10382.05	-10885.55	503.4936	0.0895981	0.658323	0.245793	0.00628631	0.3351293	1.165803	6.302356	0.926964
6150	-10402.41	-10906.74	504.3327	0.0992159	0.621819	0.272177	0.00678762	0.2841673	1.200616	5.860255	0.8898993
6156	-10393.09	-10897.71	504.623	0.0986241	0.618111	0.276807	0.00645843	0.2934205	1.206051	5.684719	0.9110956
6162	-10390.62	-10894.2	503.5803	0.0737596	0.714872	0.209263	0.00210563	0.236329	1.13625	6.312829	0.8802022
6168	-10401.13	-10904.92	503.7877	0.1163	0.644161	0.237641	0.00189735	0.2942721	1.13625	6.017963	1.21156
6174	-10392.7	-10896.51	503.8085	0.110779	0.647357	0.240057	0.00180727	0.2236504	1.153429	6.116953	0.9895257
6180	-10405.93	-10910.1	504.1743	0.132415	0.5785	0.286942	0.00214389	0.2338191	1.130416	5.931732	0.9895257
6186	-10396.74	-10899.62	502.878	0.129981	0.567867	0.281668	0.020484	0.2646048	1.108045	6.567144	1.142983
6192	-10386.84	-10891.02	504.1751	0.144919	0.63313	0.201957	0.0199932	0.388721	1.152917	5.897094	0.9630654
6198	-10386.34	-10889.61	503.2738	0.140768	0.614994	0.226512	0.0177263	0.4172821	1.186154	6.356588	0.9630654
6204	-10394.75	-10898.15	503.4017	0.147652	0.594031	0.232675	0.0256417	0.4789746	1.158514	6.140697	1.208506
6210	-10404.76	-10908.26	503.4954	0.173509	0.586045	0.211563	0.0288826	0.4785962	1.181947	6.140697	1.086591
6216	-10401.78	-10904.94	503.1624	0.171187	0.609398	0.212368	0.00704676	0.4271146	1.149814	6.283175	1.245552
6222	-10405.55	-10908.5	502.9534	0.171412	0.6102	0.212647	0.00574084	0.5802575	1.141152	6.497158	0.9097487
6228	-10394.82	-10897.42	502.5951	0.234878	0.53703	0.216613	0.0114791	0.6743936	1.132647	6.497158	1.180876
6234	-10410.13	-10912.19	502.0568	0.307041	0.39479	0.283163	0.0150059	0.9078032	1.138704	6.302781	1.940948
6240	-10411.33	-10913.13	501.7977	0.474313	0.165537	0.33951	0.0206401	1.149725	1.174077	6.297014	1.933662
6246	-10404.13	-10906.02	501.8835	0.455282	0.159261	0.361573	0.0238841	1.075709	1.08849	6.17841	2.332128
6252	-10400.75	-10902.47	501.7175	0.327973	0.342694	0.260468	0.0688646	1.090225	1.04823	6.698118	1.358037
6258	-10404.49	-10906.03	501.5473	0.327973	0.342694	0.260468	0.0688646	1.263864	1.053494	6.698118	1.358037
6264	-10411.3	-10912.62	501.3274	0.300056	0.479341	0.136096	0.0845066	1.050463	1.076693	6.698118	1.83509
6270	-10400.57	-10901.67	501.095	0.382427	0.377144	0.178847	0.061582	1.017684	1.102537	6.927865	1.604546
6276	-10416.72	-10917.3	500.5866	0.435195	0.257134	0.217566	0.0901048	1.173245	1.0703	6.9498	2.047215
6282	-10415.51	-10916.61	501.1061	0.326298	0.461758	0.144386	0.0675582	0.9400188	1.122299	6.802403	1.95576
6288	-10393.3	-10893.99	500.6847	0.358567	0.451279	0.124129	0.0660251	1.368529	1.115319	6.802403	1.980195
6294	-10401.53	-10903.43	501.9055	0.403012	0.368784	0.153836	0.0743683	1.203304	1.154314	6.149712	2.110273
6300	-10402.94	-10905.92	502.9828	0.416618	0.290692	0.191103	0.101587	1.448318	1.19551	5.62489	1.621822
6306	-10394.4	-10897.61	503.2088	0.432626	0.301861	0.127619	0.137894	1.339502	1.234296	5.552459	1.578738
6312	-10392.65	-10895.33	502.6731	0.445989	0.288828	0.131561	0.133621	1.122418	1.224842	5.818846	1.904191
6318	-10383.24	-10884.09	500.8556	0.432355	0.282904	0.172727	0.112015	1.498902	1.192709	6.36166	2.626964
6324	-10391.16	-10889.97	498.8097	0.53418	0.105019	0.218866	0.141936	1.562071	1.08161	7.064744	4.046031
6330	-10390.04	-10889.57	499.5321	0.486477	0.215025	0.19932	0.099177	1.264669	1.094549	7.170627	2.836713
6336	-10394.16	-10893.26	499.1018	0.486477	0.215025	0.19932	0.099177	1.29897	1.058182	7.245254	3.339738
6342	-10392.67	-10893.67	500.9973	0.453162	0.265943	0.160602	0.120293	1.414882	1.095613	6.595326	2.045675
6348	-10410.54	-10909.82	499.28	0.402545	0.337646	0.128876	0.130932	1.353596	1.033692	6.664773	5.137457
6354	-10412.73	-10912.83	500.0974	0.470389	0.25971	0.123287	0.146614	1.189999	1.096009	6.910309	2.815427
6360	-10406.8	-10908.43	501.63	0.450823	0.248908	0.159752	0.140516	1.316396	1.110991	6.283538	2.06667
6366	-10395.65	-10897.66	502.0096	0.391844	0.418768	0.0423149	0.147073	1.228591	1.188141	5.773562	2.901619
6372	-10383.24	-10883.68	500.4361	0.393297	0.42032	0.0387642	0.147619	1.273826	1.061129	6.63322	3.03109
6378	-10402.85	-10904.05	501.2035	0.345806	0.369566	0.154835	0.129793	1.07792	1.023719	6.556964	2.397608
6384	-10396.58	-10898.52	501.9366	0.349394	0.370555	0.160696	0.119355	1.07792	1.183679	6.466928	1.453564
6390	-10404.03	-10904.47	500.4418	0.375294	0.385306	0.128469	0.110932	1.190159	1.018802	7.209789	1.659438
6396	-10410.94	-10912.57	501.631	0.319578	0.43349	0.180391	0.0665403	1.041654	1.028357	6.854934	1.20971
6402	-10407.06	-10908.11	501.0445	0.252518	0.471907	0.201317	0.0742591	0.9784145	1.105537	7.12694	1.282057
6408	-10429.34	-10930.99	501.6546	0.300548	0.473538	0.149212	0.0767022	0.9750787	0.9081928	6.906557	1.282057
6414	-10402.91	-10903.21	500.3008	0.36098	0.44193	0.0903626	0.106727	1.113045	1.009254	7.427277	1.446479
6420	-10413.01	-10914.17	501.1575	0.423228	0.213838	0.253357	0.109577	1.163509	1.044446	6.66859	2.02748
6426	-10428.67	-10928.21	499.5349	0.452884	0.228822	0.227341	0.0909531	1.163509	1.014757	7.557251	2.02748
6432	-10404.17	-10906.22	502.0454	0.444551	0.325113	0.0988992	0.131436	1.093624	1.093808	6.035754	2.445274
6438	-10406.04	-10906.65	500.6115	0.370767	0.3683	0.112037	0.148896	1.107165	1.000355	6.757073	2.727767
6444	-10394.1	-10894.42	500.3134	0.421516	0.312891	0.124775	0.140818	1.095791	1.072567	6.809333	2.954339
6450	-10406.84	-10908	501.1643	0.348533	0.497014	0.0636942	0.0907588	1.095791	1.022947	6.809333	1.792619
6456	-10402.76	-10902.28	499.5206	0.373046	0.489096	0.0322023	0.105655	1.331289	1.012313	7.301549	2.507488
6462	-10417.82	-10920.58	502.7591	0.286857	0.492238	0.150421	0.0704849	0.8740673	1.156609	6.362617	1.026838
6468	-10414.27	-10916.54	502.2666	0.329778	0.443815	0.12834	0.0980675	1.127929	1.140225	6.295958	1.430853
6474	-10419.1	-10919.63	500.5232	0.331016	0.51008	0.028945	0.129959	1.208694	1.075441	7.038939	1.861936
6480	-10416.62	-10918.81	502.1895	0.451315	0.367687	0.0495917	0.131406	1.34076	1.144848	5.648514	2.882825
6486	-10409.38	-10909.96	500.5749	0.420624	0.393029	0.0183791	0.167968	1.276004	1.144848	5.950457	5.090335
6492	-10404.61	-10905.79	501.1772	0.400376	0.37411	0.0656307	0.159883	1.214691	1.103581	6.688335	1.813845
6498	-10407.87	-10909.6	501.73	0.333455	0.51496	0.0184249	0.133159	1.099326	1.168159	6.348936	1.968586
6504	-10413.77	-10915.78	502.0034	0.232348	0.563301	0.0756673	0.128684	1.14642	1.12743	6.385519	1.538451
6510	-10419.6	-10921.36	501.7568	0.332492	0.437975	0.10199	0.127543	0.8490003	1.090292	6.269278	2.610617
6516	-10398.85	-10902.19	503.3432	0.353171	0.426918	0.146897	0.0730149	1.058546	1.166024	5.748144	1.396691
6522	-10415.49	-10918.17	502.6866	0.58249	0.202769	0.0653773	0.149364	1.388773	1.194667	5.715816	1.849649
6528	-10405.82	-10907.69	501.8674	0.388946	0.358487	0.0890555	0.163512	1.275855	1.16994	6.164672	2.012078
6534	-10414.81	-10916.68	501.8639	0.451822	0.36107	0.0991265	0.0879822	1.300325	1.150985	6.164672	2.012078
6540	-10385.46	-10887.85	502.3863	0.402176	0.369052	0.132782	0.0959894	1.188166	1.158179	6.134646	1.548045
6546	-10397.1	-10899.51	502.4092	0.390565	0.416197	0.0994553	0.0937822	1.306936	1.137741	6.174493	1.335955
6552	-10397.69	-10900.16	502.4721	0.49257	0.194796	0.19807	0.114564	1.197311	1.100626	5.804095	2.286833
6558	-10388.45	-10888.85	500.396	0.467021	0.286086	0.15642	0.0904736	1.199746	1.113837	6.752601	2.762122
6564	-10390.59	-10892.02	501.4379	0.471756	0.288986	0.158006	0.0812515	1.409035	1.069723	6.202286	2.494003
6570	-10388.15	-10889.64	501.4922	0.451067	0.31729	0.151076	0.0805658	1.266388	1.144548	6.202286	2.494003
6576	-10395.56	-10897.28	501.7179	0.411795	0.309163	0.181991	0.0970517	1.110778	1.08586	6.202286	2.46459
6582	-10381.48	-10882.6	501.1197	0.515171	0.164323	0.203765	0.116741	1.461217	1.181009	5.925365	3.619194
6588	-10392.59	-10894.45	501.8584	0.502919	0.183139	0.20654	0.107402	1.284393	1.181009	6.013783	2.385537
6594	-10399.13	-10899.09	499.9676	0.466454	0.16986	0.264071	0.0996146	1.473746	1.090981	6.995138	2.385537
6600	-10419.21	-10919.68	500.471	0.34716	0.439558	0.123797	0.0894854	1.196566	1.038965	7.091127	1.865953
6606	-10416.63	-10916.31	499.6745	0.459125	0.27978	0.165376	0.0957187	1.229917	1.016218	7.378045	2.206712
6612	-10391.46	-10894.09	502.6244	0.45968	0.231477	0.207998	0.100845	1.206957	1.21526	5.787653	1.949501
6618	-10390.55	-10892.01	501.4615	0.500581	0.157433	0.226506	0.11548	1.270859	1.146717	6.093042	2.844854
6624	-10397.9	-10900.26	502.3591	0.401106	0.326462	0.1771	0.0953324	0.9227374	1.170521	6.073022	2.037828
6630	-10400.4	-10903.31	502.9035	0.388356	0.371645	0.17147	0.0685286	1.057969	1.170496	5.746768	1.928209
6636	-10383.05	-10885.68	502.6279	0.462508	0.212909	0.269114	0.0554689	1.136571	1.168415	5.856879	1.928209
6642	-10400.57	-10901.7	501.1319	0.397652	0.314118	0.238973	0.0492564	1.142343	1.136907	6.619532	2.087079
6648	-10409.21	-10909.69	500.4771	0.503738	0.124359	0.334761	0.0371422	1.142343	1.102058	6.832943	2.509009
6654	-10403.92	-10904.25	500.3371	0.493748	0.121892	0.328123	0.056237	1.222598	1.09468	6.645913	3.183847
6660	-10400.8	-10901.57	500.7687	0.380026	0.343377	0.231029	0.0455678	0.8778779	1.099419	6.940148	2.183972
6666	-10397.06	-10898.93	501.8751	0.361212	0.375884	0.219592	0.0433119	0.9476133	1.122215	6.461179	1.76876
6672	-10398.85	-10901.02	502.1616	0.361212	0.375884	0.219592	0.0433119	0.9725101	1.062603	6.492968	1.399899
6678	-10387.64	-10889.58	501.9454	0.322053	0.400283	0.214444	0.0632195	1.079173	1.181401	6.439801	1.502307
6684	-10399.81	-10900.95	501.1385	0.461791	0.178499	0.26906	0.0906501	1.19509	1.049113	6.806215	1.6812
6690	-10395.26	-10895.3	500.0407	0.540159	0.0468487	0.314721	0.0982722	1.360755	1.046133	6.806215	3.049601
6696	-10387.84	-10887.06	499.2125	0.588961	0.101239	0.169479	0.140321	1.543659	1.046133	7.078171	3.332902
6702	-10399.22	-10900.22	500.9983	0.543544	0.0757588	0.251197	0.1295	1.352456	1.09566	6.176063	3.332902
6708	-10390.52	-10891.51	500.9911	0.602556	0.0983187	0.22724	0.0718854	1.250243	1.085621	6.236329	3.332902
6714	-10404.64	-10906.06	501.4182	0.541955	0.189004	0.204385	0.0646556	1.250243	1.107403	6.274034	2.485197
6720	-10390.36	-10891.94	501.5825	0.47096	0.244352	0.171303	0.113385	1.165775	1.149366	6.274034	2.299398
6726	-10393.53	-10895.19	501.6544	0.472161	0.259145	0.148444	0.12025	1.321876	1.262787	6.036735	2.453301
6732	-10379.57	-10881.13	501.5528	0.503064	0.276106	0.15816	0.0626705	1.28123	1.185322	6.154519	2.453301
6738	-10387.92	-10890.19	502.2651	0.357782	0.378394	0.158145	0.105679	1.431802	1.221274	5.998273	1.650602
6744	-10400.77	-10903.62	502.8464	0.444517	0.138248	0.365914	0.0513204	1.273851	1.206241	5.286177	2.884729
6750	-10401.96	-10905.53	503.5662	0.512069	0.0278563	0.366346	0.0937286	1.390538	1.290768	4.93348	2.457799
6756	-10391.17	-10894.76	503.591	0.607614	0.0258235	0.279673	0.0868889	1.188802	1.221928	4.940981	2.791042
6762	-10383.95	-10885.99	502.0406	0.625022	0.0246779	0.267266	0.0830341	1.296096	1.208136	5.645334	3.103077
6768	-10383.06	-10882.97	499.9077	0.613556	0.0388711	0.265185	0.0823876	1.43414	1.016457	6.777834	3.308953
6774	-10394.03	-10893.14	499.1128	0.609321	0.0413316	0.252366	0.0969815	1.467149	1.06783	6.777834	4.732885
6780	-10395.95	-10895.76	499.817	0.615097	0.0417234	0.254758	0.0884225	1.699135	1.122329	6.740784	3.014581
6786	-10392.92	-10894.1	501.1837	0.622289	0.0305177	0.257737	0.0894565	1.488402	1.112485	6.259864	2.548393
6792	-10387.8	-10890.24	502.4397	0.511995	0.198723	0.195693	0.0935882	1.208512	1.175168	5.509698	3.038939
6798	-10415.95	-10919.23	503.279	0.5333	0.119045	0.250173	0.0974825	1.574959	1.274993	5.28112	1.793901
6804	-10415.31	-10918.55	503.2405	0.573018	0.0277049	0.268804	0.130473	1.4531	1.26587	5.283427	1.985464
6810	-10407.44	-10909.89	502.4585	0.564925	0.07503	0.265008	0.0950378	1.280896	1.20858	5.307869	3.471593
6816	-10403.54	-10905.29	501.7484	0.562373	0.180912	0.175829	0.0808861	1.328128	1.095028	5.96283	2.766556
6822	-10408.81	-10909.08	500.27	0.570888	0.130177	0.185554	0.113381	1.752523	1.102839	6.356138	3.421925
6828	-10405.71	-10905.94	500.2253	0.591597	0.120466	0.113712	0.174225	1.752523	1.147512	6.356138	3.421925
6834	-10395.2	-10895.13	499.9286	0.570157	0.152342	0.109591	0.16791	1.519074	1.018867	6.72755	3.301993
6840	-10414.82	-10913.77	498.9503	0.567821	0.231708	0.109142	0.0913285	1.626994	1.060348	6.961725	4.081232
6846	-10401.98	-10902.83	500.8433	0.452647	0.227068	0.230785	0.0894998	1.269023	1.090573	6.400891	3.025742
6852	-10406.1	-10905.79	499.6891	0.436764	0.284704	0.223847	0.0546856	1.178877	0.9450379	7.507369	2.019554
6858	-10400.47	-10902.2	501.7272	0.40956	0.266971	0.209904	0.113564	1.229753	1.154545	6.211744	2.164334
6864	-10400.26	-10901.49	501.2308	0.385481	0.379412	0.128219	0.106888	0.9684886	1.068332	6.692586	2.094859
6870	-10405.29	-10906.94	501.6518	0.382264	0.376246	0.151033	0.0904577	1.172088	1.111307	6.111838	2.690686
6876	-10407.69	-10909.31	501.6195	0.383869	0.258204	0.307042	0.0508843	0.9359919	1.094298	6.473626	2.126209
6882	-10389.61	-10892.21	502.6012	0.377957	0.320504	0.258671	0.042868	1.088822	1.166306	6.238108	1.193701
6888	-10384.43	-10886.45	502.0214	0.382088	0.324007	0.252638	0.0412668	1.010649	1.134911	6.287983	1.892087
6894	-10394.35	-10896.5	502.1513	0.462209	0.223316	0.27032	0.044155	0.986294	1.16012	6.287983	1.726613
6900	-10391.96	-10894.47	502.5046	0.310944	0.365149	0.278428	0.0454793	0.8939523	1.11488	6.270667	1.507923
6906	-10395.92	-10899.08	503.1674	0.315912	0.355543	0.282339	0.046206	0.9708312	1.135839	5.855397	1.507923
6912	-10390.83	-10894.48	503.6542	0.397666	0.275181	0.271795	0.0553579	1.084058	1.043256	5.775653	1.112814
6918	-10390.46	-10890.77	500.3113	0.433494	0.255312	0.247597	0.0635972	0.9359936	1.061108	7.148656	2.25259
6924	-10393.36	-10894.46	501.0973	0.518894	0.139982	0.296374	0.0447502	1.161949	1.054858	6.678469	2.071902
6930	-10402.75	-10903.88	501.1347	0.567036	0.117113	0.275051	0.0407998	1.429462	1.116092	6.527714	1.984427
6936	-10392.24	-10891.64	499.4026	0.494433	0.182455	0.220957	0.102155	1.293665	1.026792	7.213255	2.986483
6942	-10384.9	-10885.66	500.7613	0.428006	0.292292	0.191271	0.0884307	1.148155	1.067898	6.723433	2.430334
6948	-10375.85	-10877.1	501.2473	0.386317	0.338806	0.172373	0.102503	0.9960573	1.033163	6.70867	2.04224
6954	-10384.41	-10885.21	500.7966	0.490586	0.246191	0.165065	0.0981574	1.08554	1.033163	6.829341	2.233538
6960	-10387.81	-10888.6	500.7854	0.490706	0.205283	0.225395	0.0786156	1.202146	1.049346	6.732894	2.321622
6966	-10387.36	-10887.11	499.745	0.504093	0.212139	0.231544	0.0522241	1.070822	1.021502	6.969131	3.563706
6972	-10398.58	-10899.36	500.7731	0.504093	0.212139	0.231544	0.0522241	1.151403	1.120744	6.774516	2.19673
6978	-10397.3	-10897.52	500.2222	0.528028	0.183079	0.234189	0.0547038	1.253989	1.037193	7.064343	2.19673
6984	-10406.51	-10906.53	500.0141	0.531229	0.152352	0.259601	0.0568183	1.198052	1.036279	6.691657	3.767737
6990	-10398.5	-10898.73	500.2246	0.538252	0.154366	0.249813	0.0575695	1.397766	1.111731	6.509103	3.520407
6996	-10401.14	-10902	500.854	0.523002	0.149992	0.242735	0.0842707	1.383549	1.068382	6.633734	2.221051
7002	-10407.6	-10908.78	501.1845	0.509965	0.143188	0.270767	0.0760795	1.096252	1.091228	6.555617	2.304889
7008	-10414.66	-10915.26	500.6047	0.543804	0.174641	0.209342	0.0722133	1.178175	1.168408	6.506878	3.110912
7014	-10388.56	-10888.62	500.0559	0.53606	0.0930059	0.306655	0.0642795	1.313315	0.9673527	6.882272	2.991666
7020	-10392.65	-10892.5	499.8442	0.524387	0.182232	0.242541	0.0508403	1.172029	1.058526	6.791489	3.74353
7026	-10409.53	-10909.51	499.9758	0.438636	0.19175	0.255209	0.114405	1.054939	1.100376	6.791489	3.629711
7032	-10414.68	-10914.37	499.6891	0.5147	0.194786	0.15627	0.134244	1.248211	1.066531	7.03354	3.070348
7038	-10414.79	-10914.47	499.6837	0.512942	0.225334	0.141712	0.120011	1.778468	1.051464	6.793371	3.086894
7044	-10422.81	-10924	501.1926	0.673018	0.0664304	0.070419	0.190132	1.657446	1.159587	5.94539	3.16155
7050	-10406.58	-10907.29	500.7164	0.616118	0.132197	0.0805699	0.171115	1.773961	1.17443	6.165822	3.097309
7056	-10416.78	-10915.65	498.8699	0.625285	0.118787	0.102171	0.153758	1.763988	1.047502	6.778942	4.762878
7062	-10418.82	-10917.42	498.5983	0.620967	0.0661409	0.111802	0.201089	1.912847	1.014962	7.009479	4.245683
7068	-10406.94	-10905.42	498.4755	0.643501	0.106539	0.0415738	0.208386	1.882525	1.007757	7.216343	3.783309
7074	-10399.91	-10898.84	498.9296	0.597739	0.162179	0.0277497	0.212333	1.818857	1.080248	6.987286	3.685887
7080	-10424.26	-10924.11	499.8448	0.581011	0.196994	0.015603	0.206391	1.886372	1.148712	6.427347	3.685887
7086	-10415.39	-10914.76	499.3711	0.493299	0.18454	0.152058	0.170103	1.886372	1.229183	6.316907	4.930843
7092	-10405.99	-10904.06	498.0741	0.490179	0.283346	0.104081	0.122394	1.389383	1.051607	7.164836	5.69282
7098	-10393.41	-10893.15	499.7364	0.428638	0.335794	0.121941	0.113627	1.510911	1.051607	6.901423	3.03326
7104	-10384.9	-10884.75	499.8441	0.515961	0.212118	0.135146	0.136776	1.315656	1.098835	7.063653	2.578583
7110	-10381.44	-10881.86	500.4201	0.449131	0.329524	0.13642	0.0849249	1.213983	1.16034	6.788407	2.529008
7116	-10385.13	-10885.94	500.8097	0.432376	0.316534	0.131042	0.120047	1.268911	0.9524483	6.788407	2.190321
7122	-10378.73	-10878.83	500.1043	0.36228	0.355623	0.147225	0.134872	1.268911	1.080041	6.979585	2.514364
7128	-10377.06	-10879.58	502.5262	0.397734	0.390425	0.0745219	0.137319	1.158172	1.22374	5.697964	2.364444
7134	-10396.95	-10899.39	502.434	0.408997	0.362258	0.101332	0.127413	1.225791	1.193149	5.798919	2.185452
7140	-10403.78	-10906.93	503.1551	0.444076	0.2164	0.186992	0.152531	1.131491	1.173641	5.574278	1.912862
7146	-10418.25	-10920.24	501.9908	0.454204	0.352708	0.0916724	0.101416	1.279353	1.102956	6.185166	1.8842
7152	-10392.51	-10894.33	501.8246	0.446584	0.34679	0.0901344	0.116491	1.344099	1.102956	6.243455	1.8842
7158	-10394.16	-10895.45	501.2856	0.554185	0.172807	0.111852	0.161157	1.503538	1.177986	5.921262	3.270436
7164	-10392.54	-10894.66	502.1171	0.432446	0.313585	0.178012	0.075957	1.503176	1.125871	5.921262	2.063469
7170	-10415.43	-10915.65	500.2179	0.574677	0.0976156	0.226769	0.100939	1.503176	1.105178	6.538677	3.279653
7176	-10402.96	-10901.57	498.6086	0.625922	0.0635233	0.241386	0.0691683	1.368326	1.060891	7.188057	4.378719
7182	-10398.13	-10898.2	500.0728	0.502688	0.0748615	0.386951	0.0354993	1.247082	1.125254	6.766267	3.163436
7188	-10414.47	-10915.38	500.911	0.515762	0.102095	0.311232	0.0709107	1.282536	1.125254	6.449799	2.692951
7194	-10399.06	-10899.16	500.102	0.556403	0.0561665	0.329744	0.0576868	1.282536	1.054376	6.652302	3.556403
7200	-10388.42	-10889.23	500.8162	0.507882	0.107333	0.314507	0.0702784	1.25257	1.091301	6.678489	2.294038
7206	-10380.57	-10883.39	502.8228	0.440275	0.2827	0.226182	0.0508428	1.143439	1.122765	5.807076	1.844611
7212	-10382.65	-10884.34	501.6917	0.558806	0.120121	0.267796	0.0532776	1.454942	1.197406	5.794581	3.010175
7218	-10377.05	-10878.98	501.9251	0.553644	0.119012	0.249703	0.0776409	1.460279	1.149522	5.902001	2.403172
7224	-10387.32	-10889.27	501.9442	0.531204	0.114188	0.280114	0.074494	1.393488	1.103589	5.948832	2.403172
7230	-10398.32	-10900.53	502.2025	0.556721	0.117524	0.248286	0.077469	1.266689	1.119515	5.861846	2.403172
7236	-10416.12	-10917.28	501.1598	0.544474	0.136937	0.242824	0.0757648	1.430885	1.164291	6.158704	2.87613
7242	-10416.63	-10917.75	501.1259	0.451598	0.360484	0.0595186	0.1284	1.143661	1.090025	6.490181	2.503058
7248	-10396.59	-10897.59	500.9991	0.386386	0.42194	0.0744205	0.117254	1.485442	1.019019	6.678179	1.861357
7254	-10409.15	-10910.21	501.0577	0.309378	0.341013	0.319444	0.0301648	1.071781	1.188382	6.818594	1.726995
7260	-10421.95	-10922.84	500.8968	0.492783	0.11642	0.366293	0.0245031	1.174994	1.058841	6.921519	1.726995
7266	-10405.24	-10906.43	501.1866	0.556874	0.0274227	0.390253	0.0254498	1.174994	1.087504	6.178138	3.297984
7272	-10410.06	-10910.65	500.5911	0.52961	0.0865688	0.363925	0.0198956	1.343012	1.034984	7.105097	1.525957
7278	-10390.88	-10892.8	501.9224	0.407391	0.232293	0.349025	0.0112912	1.106856	1.100165	6.556729	1.34518
7284	-10395.14	-10897.5	502.3617	0.369615	0.357992	0.240001	0.0323922	1.106856	1.144457	6.294527	1.34518
7290	-10388.69	-10890.93	502.2371	0.373097	0.434544	0.157284	0.0350748	0.8588115	1.09302	6.624948	1.146851
7296	-10376.29	-10878.22	501.9357	0.358611	0.352212	0.215742	0.0734353	1.132188	1.09795	6.624948	1.1709
7302	-10386.5	-10888.11	501.6066	0.313605	0.452217	0.160367	0.0738107	1.072034	1.083185	6.328	2.347419
7308	-10375.04	-10876.9	501.8582	0.319617	0.460885	0.163441	0.0560574	1.072034	1.161088	6.383447	1.765382
7314	-10386.05	-10887.13	501.0799	0.380224	0.385404	0.174516	0.0598559	1.146077	1.036719	7.016445	1.363534
7320	-10387.35	-10890.1	502.7453	0.293198	0.467188	0.193457	0.0461561	0.8509758	1.078184	6.288316	1.291772
7326	-10392.99	-10895.11	502.1189	0.297046	0.460196	0.195996	0.0467618	0.7570778	1.033918	6.686798	1.32834
7332	-10394.44	-10895.01	500.5695	0.464807	0.232712	0.202883	0.0995978	1.12142	1.103997	6.333794	3.984464
7338	-10404.35	-10905.42	501.0698	0.463798	0.22672	0.209182	0.1003	1.039707	1.094749	6.490734	2.73701
7344	-10409.83	-10911.23	501.3956	0.436078	0.269278	0.184336	0.110307	1.133578	1.043529	6.825606	1.412451
7350	-10411.9	-10913.69	501.7822	0.459805	0.251992	0.194366	0.0938371	1.237974	1.099395	6.452889	1.583743
7356	-10413.02	-10914.03	501.0095	0.413783	0.312795	0.174912	0.0985111	1.079137	1.099395	6.486519	2.776191
7362	-10393.45	-10894.98	501.5327	0.385509	0.359751	0.16296	0.0917799	1.290828	1.099395	6.433888	1.875292
7368	-10386.19	-10888.79	502.599	0.374515	0.37006	0.16763	0.0877955	1.123886	1.16398	5.904085	1.875292
7374	-10411.71	-10913.18	501.4667	0.374515	0.37006	0.16763	0.0877955	1.096881	1.023075	6.616447	1.860579
7380	-10424.56	-10925.97	501.403	0.298708	0.484748	0.133699	0.0828452	0.9176311	1.058192	6.744991	1.821767
7386	-10395.87	-10898.09	502.222	0.33618	0.422562	0.169138	0.0721195	0.9458424	1.058192	6.556992	1.238109
7392	-10406.59	-10908.05	501.4694	0.341292	0.428987	0.17171	0.0580108	1.211764	1.053762	6.556992	1.818021
7398	-10400.91	-10902.33	501.4217	0.39949	0.328427	0.143501	0.128582	1.222482	1.091332	6.556992	1.818021
7404	-10401.62	-10902.79	501.1702	0.443579	0.392389	0.0797264	0.084305	1.202844	1.123464	6.55403	2.139971
7410	-10413.54	-10913.55	500.0089	0.376728	0.333253	0.16093	0.12909	1.202844	1.075052	7.206361	2.139971
7416	-10391.79	-10891.64	499.8436	0.38752	0.360042	0.117122	0.135315	1.160141	1.078976	7.037126	2.91916
7422	-10392.73	-10894.17	501.4348	0.370254	0.369264	0.17367	0.0868117	1.0277	1.079737	6.697547	1.726038
7428	-10385.11	-10887.32	502.2097	0.37629	0.375284	0.176501	0.0719248	1.164605	1.144622	6.127654	1.82362
7434	-10388.96	-10891.19	502.2355	0.408997	0.330264	0.185249	0.0754898	1.063619	1.074193	6.203833	1.826649
7440	-10385.23	-10887.13	501.8949	0.364395	0.336668	0.188841	0.110096	1.176222	1.161687	6.368119	1.630906
7446	-10393.38	-10895.54	502.1635	0.372605	0.39939	0.125536	0.102469	1.175802	1.146952	6.241341	1.606952
7452	-10388.26	-10890.09	501.8283	0.328522	0.457291	0.123842	0.0903454	1.138051	1.146952	6.434871	1.624556
7458	-10391.45	-10892.21	500.7659	0.433734	0.327892	0.136592	0.101782	1.063898	1.134649	6.707129	2.490744
7464	-10392.32	-10893.53	501.2129	0.450129	0.297166	0.141755	0.11095	1.355887	1.082063	6.494418	2.095831
7470	-10404.8	-10906.65	501.8513	0.51382	0.21639	0.161813	0.107977	1.223571	1.185206	6.163431	2.081779
7476	-10395.21	-10896.08	500.8655	0.407875	0.33539	0.146382	0.110353	1.481166	1.117121	6.773296	1.689696
7482	-10400.85	-10902.87	502.0225	0.441774	0.284211	0.158548	0.115467	1.222248	1.117121	6.163929	1.944481
7488	-10410.63	-10911.9	501.2732	0.388343	0.347828	0.152654	0.111175	1.051537	1.178184	6.250743	2.970082
7494	-10393.51	-10896.38	502.8746	0.32951	0.466971	0.107251	0.0962679	0.9459626	1.235895	6.005798	1.441687
7500	-10404.98	-10907.81	502.8271	0.337604	0.478442	0.0666042	0.117349	0.9254427	1.179735	5.869036	1.897722
7506	-10414.87	-10917.52	502.6522	0.415883	0.335931	0.0820474	0.166138	1.24322	1.163863	5.803725	1.897722
7512	-10392.03	-10894.15	502.1253	0.281534	0.478151	0.128177	0.112138	0.9839964	1.040309	6.601746	1.230961
7518	-10386.61	-10888.85	502.2438	0.267408	0.489583	0.143116	0.0998928	1.07922	1.112125	6.271664	1.597198
7524	-10404.13	-10906.16	502.0308	0.38971	0.413248	0.120802	0.0762403	1.134711	1.248994	6.127795	1.956665
7530	-10393.69	-10896.23	502.5407	0.388792	0.412275	0.122871	0.0760608	1.134711	1.190659	6.029897	1.615059
7536	-10402.59	-10904.18	501.5853	0.35346	0.354503	0.169126	0.122911	1.266116	1.114523	6.33629	2.053284
7542	-10392.44	-10893.81	501.3712	0.446754	0.35445	0.120727	0.078069	1.37814	1.155526	5.831118	3.656533
7548	-10398.78	-10901.24	502.4608	0.436179	0.285091	0.152325	0.126405	1.244956	1.155526	5.875321	1.985776
7554	-10386.2	-10888.05	501.8511	0.433481	0.326654	0.151079	0.0887868	1.155895	1.155526	5.887513	2.986836
7560	-10406.85	-10910.32	503.473	0.440198	0.331715	0.122626	0.105461	1.479873	1.207364	5.327856	1.634123
7566	-10405.58	-10908.15	502.5651	0.357269	0.422366	0.133869	0.0864964	1.077444	1.206446	6.050055	1.58923
7572	-10391	-10893.05	502.0502	0.357269	0.422366	0.133869	0.0864964	1.157706	1.147947	6.401371	1.414808
7578	-10388.2	-10889.53	501.3278	0.307319	0.404424	0.231807	0.0564502	1.117747	1.041969	6.869873	1.41531
7584	-10390.01	-10891.58	501.5757	0.405807	0.260112	0.28745	0.0466309	1.163858	1.089967	6.615413	1.5667
7590	-10406.92	-10907.16	500.2481	0.453564	0.299029	0.200799	0.0466077	1.042174	1.000712	6.837906	3.185968
7596	-10411.36	-10911.74	500.3728	0.487058	0.300717	0.136435	0.07579	1.291407	0.9946288	6.837906	2.604317
7602	-10410.58	-10911.31	500.7292	0.521029	0.148529	0.244733	0.0857083	1.272963	1.056617	6.450911	3.114077
7608	-10408.33	-10910.11	501.7763	0.498827	0.253112	0.17436	0.0737011	1.177335	1.083549	6.365528	1.880884
7614	-10419.16	-10920.31	501.1422	0.453958	0.252592	0.2199	0.0735498	1.177335	1.200389	6.375578	2.582747
7620	-10417.51	-10921.13	503.6158	0.364088	0.333074	0.251791	0.0510472	1.050875	1.203097	5.532587	1.500311
7626	-10388.52	-10890.23	501.7147	0.414583	0.379268	0.126868	0.0792804	0.9862	1.185164	6.232402	2.422017
7632	-10403.84	-10906.47	502.6223	0.405134	0.328876	0.130094	0.135896	1.249807	1.230572	5.693621	2.108269
7638	-10410.82	-10912.05	501.2336	0.473153	0.258978	0.165361	0.102508	1.075341	1.010285	6.61969	2.210899
7644	-10408.98	-10909.86	500.8857	0.357556	0.41352	0.121561	0.107363	1.158232	1.067427	6.61969	2.517499
7650	-10401.96	-10903.29	501.3265	0.360712	0.400558	0.176003	0.0627275	0.9670694	1.027313	6.790289	1.787927
7656	-10396.27	-10897.96	501.6894	0.293619	0.427529	0.205582	0.0732693	0.8467179	1.095173	6.790289	1.420853
7662	-10412.65	-10915.28	502.6265	0.329057	0.479129	0.109702	0.0821124	0.9319092	1.131018	6.142247	1.577465
7668	-10401.93	-10904.58	502.6487	0.322016	0.477032	0.09398	0.106972	0.8909826	1.207397	6.142247	1.510945
7674	-10399.98	-10901.58	501.6027	0.310871	0.460523	0.12214	0.106465	0.8086526	1.099852	6.771533	1.60285
7680	-10416.55	-10917.25	500.6992	0.318657	0.472057	0.123042	0.0862439	1.155323	1.034608	7.299688	1.197415
7686	-10404.11	-10905.42	501.3066	0.318082	0.471204	0.12282	0.0878941	0.9053055	1.034117	6.936395	1.550615
7692	-10400.89	-10903.39	502.5012	0.28819	0.491859	0.128204	0.0917469	0.9445845	1.133249	6.08536	1.841712
7698	-10426.41	-10927.44	501.0246	0.295539	0.504403	0.131473	0.0685846	0.8908647	1.007238	7.102473	1.568607
7704	-10416.59	-10918.37	501.7821	0.367436	0.469209	0.130757	0.0325982	1.090562	1.083412	6.409013	1.877792
7710	-10412.34	-10911.76	499.4254	0.417547	0.392106	0.148589	0.0417581	1.002664	1.103843	7.27019	3.109497
7716	-10404.39	-10904.84	500.4484	0.405301	0.380607	0.157258	0.056834	0.9933118	1.071208	7.27019	1.684146
7722	-10391.28	-10892.61	501.3346	0.436927	0.352975	0.162155	0.0479431	0.9586163	1.132459	6.404181	2.640265
7728	-10408.77	-10910.31	501.5361	0.37693	0.341263	0.190919	0.0908879	1.239695	1.218431	6.404181	1.849265
7734	-10410.44	-10913.19	502.7477	0.32471	0.368415	0.234311	0.0725644	1.053531	1.236532	5.781842	1.967813
7740	-10415.12	-10916.59	501.4658	0.343872	0.331142	0.248139	0.0768468	1.148639	1.143767	6.470175	1.991726
7746	-10413.45	-10914.99	501.5335	0.387778	0.225655	0.279821	0.106746	1.322345	1.119775	6.358529	1.991726
7752	-10405.58	-10906.6	501.016	0.383919	0.326097	0.242787	0.0471963	1.058119	1.041847	6.816001	1.991726
7758	-10403.79	-10905	501.2063	0.330858	0.400174	0.209231	0.0597373	0.95182	1.111302	6.524543	2.539393
7764	-10418.41	-10920.15	501.7348	0.347402	0.324674	0.263247	0.0646763	1.032772	1.158616	6.515546	1.667778
7770	-10402.17	-10903.78	501.6108	0.359214	0.335714	0.272198	0.0328741	1.081572	1.13465	6.495232	1.838999
7776	-10408.77	-10909.79	501.0229	0.369782	0.293434	0.268372	0.0684118	1.098203	1.134155	7.031434	1.338988
7782	-10396.01	-10895.99	499.9776	0.557294	0.144346	0.192337	0.106023	1.400642	1.063358	7.038883	2.386369
7788	-10411.42	-10910.88	499.4612	0.512251	0.163651	0.176792	0.147306	1.456077	1.069061	6.829311	3.82717
7794	-10397.61	-10897.07	499.4611	0.557868	0.126224	0.169202	0.146707	1.409336	1.06749	7.042995	3.17863
7800	-10401.04	-10900.74	499.6962	0.582687	0.0859472	0.199825	0.13154	1.584887	1.02841	7.042995	2.610855
7806	-10389.13	-10890.83	501.6993	0.559665	0.101954	0.189086	0.149295	1.372559	1.183498	6.032122	2.44886
7812	-10396.37	-10896.34	499.9719	0.682666	0.0391092	0.0961187	0.182106	1.595851	1.136707	6.336654	4.25366
7818	-10409.6	-10909.68	500.077	0.661121	0.0378749	0.152015	0.14899	1.58209	1.181243	6.336654	3.973048
7824	-10392.23	-10891.42	499.1917	0.544553	0.0347498	0.267051	0.153646	1.298558	1.047548	7.109295	3.659106
7830	-10384.57	-10884.56	499.9851	0.498514	0.0449137	0.315917	0.140655	1.319735	0.9997858	7.024324	2.620717
7836	-10395.86	-10896.57	500.714	0.609025	0.111524	0.13138	0.148072	1.608031	1.152941	6.37026	2.741019
7842	-10422	-10922.89	500.8966	0.463496	0.353205	0.0234183	0.159881	1.31394	1.139232	6.371432	2.878689
7848	-10409	-10910.02	501.0236	0.532303	0.257187	0.0268947	0.183616	1.418574	1.182084	5.909327	3.930412
7854	-10398.24	-10899.55	501.3183	0.636418	0.0744685	0.20089	0.0882243	1.310418	1.119719	6.14333	2.912584
7860	-10415.98	-10914.49	498.5115	0.722855	0.0362382	0.0239696	0.216937	1.744061	1.03874	6.932752	4.985314
7866	-10418.89	-10916.15	497.2583	0.730355	0.0397544	0.0107032	0.219188	2.172572	1.091916	6.932752	7.288843
7872	-10427.35	-10926.43	499.0801	0.589428	0.216549	0.0171296	0.176894	2.182785	1.119153	6.522606	4.4894
7878	-10419.03	-10919.47	500.4378	0.499655	0.258528	0.015518	0.226298	1.497658	1.105264	6.139427	4.278355
7884	-10406.63	-10908.43	501.8052	0.589248	0.203276	0.0327072	0.174769	1.560931	1.188472	5.596061	3.296529
7890	-10387.87	-10888.12	500.243	0.536874	0.167399	0.165105	0.130622	1.587135	1.131463	6.421123	3.448089
7896	-10380.9	-10881.64	500.7412	0.495367	0.160923	0.236076	0.107634	1.279989	1.127403	6.421573	3.054397
7902	-10400.24	-10900.98	500.7422	0.507225	0.206693	0.106931	0.179151	1.537002	1.183996	6.122533	3.521749
7908	-10403.54	-10904.14	500.6024	0.41625	0.348854	0.1105	0.124396	1.567571	1.18319	6.177891	3.545679
7914	-10404.25	-10904.72	500.4745	0.55123	0.133516	0.156269	0.158985	1.735036	1.048521	6.448497	2.894439
7920	-10409.12	-10909.09	499.9714	0.582708	0.0946916	0.198865	0.123735	1.735036	1.133825	6.380618	3.866752
7926	-10404.29	-10903.91	499.6206	0.618579	0.0547843	0.195285	0.131352	1.579097	1.09151	6.553043	4.277183
7932	-10398.12	-10899.44	501.3208	0.539205	0.207472	0.137173	0.11615	1.388009	1.111901	6.265563	2.459833
7938	-10397.49	-10898.62	501.1225	0.504246	0.238835	0.123333	0.133586	1.26639	1.07971	6.265563	2.997791
7944	-10385	-10884.26	499.2678	0.504246	0.238835	0.123333	0.133586	1.450226	1.11558	7.158952	2.997791
7950	-10382.08	-10883.85	501.7772	0.528849	0.185455	0.135051	0.150646	1.385623	1.169639	5.858761	2.823186
7956	-10384.41	-10885.73	501.3187	0.445051	0.314522	0.113651	0.126776	1.181867	1.169586	6.084653	3.211972
7962	-10379.6	-10879.43	499.8323	0.528082	0.210943	0.110548	0.150428	1.351385	1.169586	6.459182	4.450448
7968	-10384.44	-10885.23	500.7956	0.459949	0.277792	0.152768	0.109491	1.230302	1.105668	6.631901	2.459296
7974	-10397.2	-10897.23	500.0274	0.392169	0.379325	0.108912	0.119594	1.230302	1.073522	7.126329	2.289021
7980	-10395.9	-10898.89	502.9849	0.41296	0.300769	0.136444	0.149827	1.126011	1.174454	5.895322	1.413634
7986	-10389.53	-10891.92	502.3989	0.448704	0.326803	0.127615	0.096878	1.147223	1.1314	6.067408	1.76215
7992	-10400.29	-10902.03	501.7437	0.324098	0.418982	0.17219	0.0847304	0.7963687	1.111206	6.672493	1.655599
7998	-10386.38	-10887.95	501.5781	0.437538	0.414058	0.0587382	0.0896653	1.226632	1.111206	6.402015	1.954882
8004	-10385.69	-10886.92	501.2269	0.395266	0.374055	0.102449	0.12823	1.018404	1.111206	6.49989	2.476525
8010	-10411.15	-10913.64	502.491	0.33842	0.427786	0.185703	0.048091	0.9616662	1.181615	6.188835	1.541021
8016	-10395.44	-10897.8	502.3569	0.313847	0.414867	0.180095	0.0911917	0.9905325	1.101546	6.342619	1.427999
8022	-10412.41	-10914.73	502.3228	0.366398	0.325372	0.205503	0.102727	1.004433	1.127305	6.342619	1.421734
8028	-10394.45	-10895.67	501.2213	0.333646	0.408287	0.172058	0.0860084	1.189086	1.069143	6.82774	1.517731
8034	-10419.83	-10919.96	500.128	0.438492	0.283183	0.226126	0.0521985	1.194298	0.9782948	7.16868	2.217693
8040	-10420.27	-10921.02	500.7543	0.455373	0.304589	0.199381	0.0406575	1.194298	0.992591	6.823752	2.217693
8046	-10426.51	-10928.63	502.1217	0.487111	0.267952	0.211455	0.0334814	1.024796	1.205212	6.056207	2.217693
8052	-10389.4	-10890.6	501.199	0.403903	0.290899	0.252364	0.0528339	1.07995	1.046367	6.551146	2.383872
8058	-10400.93	-10901.65	500.718	0.503372	0.139943	0.314514	0.0421718	1.296128	1.097457	6.465626	2.982314
8064	-10406.29	-10905.43	499.1335	0.451862	0.227952	0.282329	0.0378563	1.219844	1.098366	7.405066	2.836474
8070	-10397.33	-10896.51	499.1867	0.424514	0.214156	0.265242	0.0960887	1.15906	1.081007	7.405469	2.870445
8076	-10400.33	-10898.64	498.3056	0.431005	0.21743	0.269298	0.0822665	1.137328	1.025396	7.699221	3.582975
8082	-10393.75	-10894.66	500.9168	0.48604	0.260423	0.14425	0.109286	1.373192	1.063138	6.47195	2.589243
8088	-10401.93	-10901.74	499.8101	0.541717	0.194561	0.177046	0.0866752	1.385182	1.085589	6.736486	3.578558
8094	-10398.25	-10898.53	500.2786	0.440186	0.331752	0.143863	0.0841982	1.24053	0.9926328	6.945087	2.519589
8100	-10409.45	-10910.54	501.0899	0.448962	0.213431	0.2398	0.0978069	1.105652	1.027997	6.688339	2.168266
8106	-10415.57	-10915.84	500.269	0.502098	0.19285	0.216676	0.0883755	1.157502	1.116213	6.688339	3.235564
8112	-10417.54	-10919.61	502.0693	0.484944	0.229377	0.240819	0.0448605	1.013099	1.141572	5.876478	2.912928
8118	-10416.04	-10917.86	501.8172	0.416099	0.322332	0.206632	0.0549371	1.033974	1.187733	6.154279	2.408644
8124	-10407.22	-10908.19	500.9768	0.544069	0.134807	0.224199	0.096925	1.159337	1.152404	6.449366	2.729694
8130	-10401.18	-10903.67	502.4863	0.355654	0.44008	0.117797	0.0864689	1.045233	1.173363	6.214215	1.406192
8136	-10389.05	-10890.85	501.8014	0.357626	0.436976	0.11845	0.0869483	1.03343	1.133861	6.613413	1.406192
8142	-10381.48	-10882.39	500.9045	0.360574	0.440578	0.100398	0.0984502	1.216001	1.071355	6.828812	1.869454
8148	-10404.78	-10906.06	501.2799	0.331325	0.404839	0.177181	0.0866552	1.022982	1.096187	6.870755	1.512692
8154	-10404.51	-10905.77	501.2526	0.545713	0.199168	0.12522	0.1299	1.553307	1.123339	6.218087	2.4603
8160	-10430.38	-10933.1	502.7264	0.531634	0.195579	0.108391	0.164395	1.365248	1.282793	5.414342	2.4603
8166	-10393.51	-10894.43	500.9215	0.441747	0.353793	0.0943446	0.110116	1.43866	1.07262	6.558431	2.247479
8172	-10380.69	-10881.34	500.6568	0.445064	0.35645	0.0990768	0.0994095	1.3761	1.146277	6.638985	2.388052
8178	-10394.95	-10897.31	502.3558	0.484074	0.24931	0.182375	0.0842421	1.277184	1.146277	5.848965	2.165836
8184	-10402.24	-10903.06	500.823	0.472526	0.285748	0.145171	0.0965546	1.530648	1.150428	6.557967	2.165836
8190	-10418.92	-10920.03	501.1143	0.281043	0.458867	0.21441	0.0456793	0.9960091	1.07145	6.83856	1.85085
8196	-10409.57	-10910.55	500.9864	0.354654	0.333039	0.249575	0.0627321	0.9173278	1.105149	6.972187	1.757192
8202	-10421.98	-10922.46	500.4715	0.315616	0.31994	0.291239	0.0732046	1.084766	1.045211	7.114493	1.940101
8208	-10420.28	-10920.58	500.3018	0.410726	0.289866	0.206135	0.0932726	1.115334	1.036423	7.114493	2.140184
8214	-10424.04	-10925.23	501.1832	0.417437	0.28238	0.245262	0.0549202	1.192258	1.092737	6.568953	2.140184
8220	-10418.26	-10920.29	502.0259	0.417437	0.28238	0.245262	0.0549202	1.051154	1.164915	6.280747	1.813444
8226	-10405.52	-10907.45	501.9259	0.412115	0.283559	0.242135	0.0621913	1.127874	1.152468	6.280747	1.861542
8232	-10392.97	-10894.84	501.8709	0.348119	0.340204	0.259143	0.0525338	1.127874	1.144419	6.075271	2.472438
8238	-10384.28	-10886.58	502.2959	0.391552	0.38265	0.166709	0.0590883	1.226683	1.144419	6.23169	1.420567
8244	-10398.7	-10901.02	502.3172	0.373532	0.36504	0.139248	0.12218	0.9566018	1.122308	6.022447	2.242663
8250	-10392.85	-10895.48	502.6277	0.38208	0.360059	0.137349	0.120513	1.015587	1.153048	6.032857	1.689978
8256	-10396.77	-10899.4	502.624	0.359001	0.439737	0.107201	0.0940605	0.9606868	1.211817	6.032857	1.689978
8262	-10388.04	-10890.88	502.8378	0.441093	0.305078	0.135201	0.118628	1.081033	1.169343	5.874008	1.689978
8268	-10407.33	-10909.79	502.4672	0.415589	0.304265	0.134252	0.145894	1.063001	1.189292	6.06793	1.705901
8274	-10404.88	-10906.48	501.6041	0.404951	0.415362	0.0418147	0.137872	1.313485	1.163022	6.187238	2.280365
8280	-10390.91	-10894.75	503.8391	0.417373	0.428102	0.0430973	0.111427	1.041186	1.209864	5.248933	1.859199
8286	-10379.88	-10883.68	503.7903	0.27464	0.470203	0.127892	0.127265	0.9294361	1.193114	5.606444	1.30087
8292	-10390.79	-10893.87	503.0807	0.342919	0.450426	0.0608844	0.145771	1.106681	1.318877	5.498873	2.032253
8298	-10404.89	-10906.84	501.956	0.423648	0.387124	0.0639428	0.125285	1.386277	1.13235	5.992989	2.237336
8304	-10420.68	-10923.41	502.7333	0.439893	0.356694	0.0737057	0.129707	1.045361	1.100429	5.974456	1.7201
8310	-10403.48	-10905.37	501.8896	0.441499	0.364461	0.101962	0.0920781	1.44568	1.092901	6.17264	1.864777
8316	-10410.13	-10911.62	501.4916	0.372725	0.359402	0.133331	0.134541	1.376751	1.17725	6.17264	2.378467
8322	-10395.01	-10896.37	501.3591	0.429195	0.401169	0.0532184	0.116418	1.213056	1.147508	6.16078	2.895435
8328	-10395.59	-10897.89	502.2958	0.445773	0.383301	0.0651613	0.105765	1.07314	1.227345	5.396692	3.810422
8334	-10379.83	-10881.53	501.6984	0.42325	0.344245	0.086984	0.14552	1.547469	1.200334	6.092735	2.052567
8340	-10412.1	-10912.62	500.5137	0.421648	0.367802	0.13886	0.0716901	1.419533	1.17363	6.086462	4.322774
8346	-10381.98	-10884	502.0174	0.346033	0.301844	0.283933	0.0681896	1.035505	1.082627	6.216816	2.108435
8352	-10391.15	-10894.84	503.6907	0.37915	0.330731	0.215403	0.0747156	1.035505	1.261672	5.333282	1.794954
8358	-10390.49	-10893.54	503.0587	0.392009	0.308033	0.222709	0.0772495	0.8705732	1.168148	5.757695	1.949741
8364	-10384.93	-10888.38	503.4499	0.396403	0.375604	0.155291	0.0727029	1.000272	1.197079	5.495907	1.852407
8370	-10393.78	-10897.17	503.387	0.341248	0.40268	0.193484	0.0625873	0.9683515	1.303015	5.536863	1.744597
8376	-10384.14	-10886.06	501.9191	0.347155	0.40965	0.162927	0.080269	1.205559	1.107578	6.262768	1.875326
8382	-10382.35	-10884.27	501.9177	0.317279	0.402923	0.148905	0.130893	1.102507	1.164877	6.28596	1.875326
8388	-10402.52	-10905.7	503.182	0.362511	0.425857	0.0620782	0.149554	1.161683	1.222882	5.762596	1.372027
8394	-10386.67	-10888.27	501.6004	0.366789	0.418893	0.0725152	0.141803	1.090512	1.166475	6.513801	1.75772
8400	-10383.72	-10885.61	501.8916	0.388011	0.44313	0.0188507	0.150008	1.167737	1.179731	6.158501	2.118586
8406	-10413	-10915.44	502.4352	0.328264	0.479673	0.0134122	0.178651	1.147967	1.163195	5.816727	2.284205
8412	-10399.94	-10901.61	501.6732	0.405261	0.403375	0.0158195	0.175544	1.147967	1.103039	6.275806	2.255669
8418	-10401.5	-10902.27	500.7721	0.397933	0.465177	0.00987912	0.127011	1.261439	1.155954	6.160629	3.849639
8424	-10390.39	-10892.78	502.39	0.37931	0.443407	0.0210306	0.156253	1.012221	1.164083	6.149083	1.710355
8430	-10384.88	-10886.64	501.7533	0.414694	0.412901	0.019497	0.152908	1.012221	1.220019	6.077152	2.705112
8436	-10380.41	-10883.23	502.8187	0.340862	0.49397	0.0239046	0.141263	1.095941	1.216402	5.710588	2.017856
8442	-10386.97	-10889.03	502.0621	0.342588	0.496471	0.0189633	0.141978	1.038357	1.225829	5.866178	2.778122
8448	-10383.75	-10887.06	503.3025	0.341068	0.445198	0.0864196	0.127315	1.087274	1.255473	5.655377	1.50216
8454	-10376.72	-10877.5	500.7843	0.376907	0.3898	0.0882235	0.145069	1.043427	1.132265	6.389026	3.472077
8460	-10390.62	-10892.53	501.9092	0.374109	0.436819	0.0450801	0.143992	1.043427	1.119006	6.354676	1.856917
8466	-10390.79	-10892.41	501.6144	0.386313	0.421356	0.0436417	0.14869	1.107277	1.092519	6.702833	1.395556
8472	-10404.7	-10906.91	502.2068	0.375552	0.475258	0.0338526	0.115338	1.16726	1.150152	5.897021	2.394393
8478	-10399.02	-10900.32	501.2986	0.348343	0.455861	0.037103	0.158693	1.222165	1.085952	6.301289	2.664052
8484	-10392.87	-10895.48	502.6111	0.388654	0.439244	0.0357506	0.136351	1.19137	1.163801	5.846173	1.913514
8490	-10391.5	-10893.51	502.0041	0.38537	0.435533	0.0438987	0.135199	1.043577	1.18399	6.336332	1.698601
8496	-10390.97	-10893.21	502.2366	0.38665	0.436979	0.0407234	0.135648	0.9725725	1.140295	6.330948	1.568408
8502	-10385.04	-10886.98	501.9425	0.378223	0.427455	0.0398358	0.154487	1.107797	1.123441	6.234475	2.014705
8508	-10398.94	-10901.7	502.7618	0.355733	0.468154	0.0921532	0.0839596	0.9247538	1.223969	6.263851	1.087588
8514	-10404.53	-10906.25	501.7219	0.417567	0.408391	0.00263383	0.171408	1.296529	1.126874	5.93569	2.884482
8520	-10410.67	-10911.87	501.2015	0.33762	0.444317	0.138378	0.0796847	1.221482	1.128286	6.868388	1.352503
8526	-10408.74	-10911.05	502.3183	0.316195	0.38144	0.224829	0.0775367	0.9612905	1.141161	6.293689	1.565361
8532	-10403.76	-10906.15	502.3941	0.392146	0.416683	0.142148	0.0490227	0.9184041	1.136231	6.123992	1.918854
8538	-10411.04	-10914.68	503.6353	0.267088	0.353029	0.354966	0.0249177	0.8563404	1.094606	5.911057	1.060929
8544	-10410.68	-10913.5	502.818	0.270358	0.338026	0.359313	0.0323033	0.8563404	1.0419	6.259742	1.303294
8550	-10399.81	-10901.83	502.0188	0.242436	0.499459	0.235492	0.0226123	0.8360715	1.044728	6.702675	1.303294
8556	-10404.87	-10905.56	500.6907	0.257031	0.54485	0.137961	0.0601579	0.7937084	1.040189	7.526619	1.137926
8562	-10401.56	-10902.12	500.554	0.351719	0.32518	0.26253	0.0605713	1.147093	1.065991	7.332384	1.262401
8568	-10408.85	-10910.73	501.8752	0.318567	0.419759	0.168312	0.0933627	0.9348648	1.091891	6.432793	1.890296
8574	-10399.73	-10901.65	501.9154	0.316012	0.416392	0.154388	0.113207	1.214779	1.159475	6.432793	1.42753
8580	-10395.88	-10896.79	500.9162	0.392898	0.39629	0.127599	0.0832132	1.055667	1.159475	6.66195	2.367293
8586	-10405.34	-10908.27	502.9313	0.460351	0.308239	0.133911	0.0974991	1.233223	1.107725	5.655524	1.972202
8592	-10380.43	-10881.05	500.6158	0.450324	0.300828	0.130994	0.117853	1.292058	1.087873	6.795386	2.224327
8598	-10376.54	-10876.52	499.9775	0.508586	0.197078	0.161235	0.133101	1.321632	1.068377	6.795386	3.214808
8604	-10402.75	-10904.83	502.0816	0.481123	0.253882	0.156918	0.108078	1.468422	1.082929	6.078143	1.828554
8610	-10407.48	-10908.99	501.5082	0.313308	0.361213	0.288154	0.0373256	0.9192697	1.040602	6.921665	1.32855
8616	-10411.36	-10912.88	501.5233	0.319652	0.348278	0.293988	0.0380814	0.877767	1.015102	6.804624	1.64003
8622	-10397.71	-10899.08	501.3704	0.325242	0.436679	0.175367	0.0627122	1.093737	1.081267	6.802402	1.491333
8628	-10399.17	-10901.32	502.1516	0.359098	0.41471	0.166611	0.0595812	1.096644	1.031781	6.387111	1.529776
8634	-10395.95	-10897.62	501.6686	0.416533	0.291944	0.208095	0.083429	1.021792	1.082762	6.387111	2.175544
8640	-10387.38	-10889.81	502.4256	0.434525	0.223508	0.254933	0.0870329	1.001909	1.142504	6.079798	1.865792
8646	-10390.84	-10893.59	502.7505	0.401223	0.305599	0.235395	0.0577822	0.9621357	1.174974	5.824037	2.065108
8652	-10407.7	-10911	503.2936	0.389327	0.296538	0.228416	0.0857198	0.8448008	1.183192	5.824037	1.522895
8658	-10398.12	-10900.88	502.7569	0.424371	0.32323	0.158964	0.0934355	0.9759202	1.243539	6.150148	1.237017
8664	-10404.81	-10908.35	503.5448	0.206239	0.567105	0.173701	0.0529547	0.6756171	1.117407	5.959657	1.237017
8670	-10415.21	-10915.9	500.6918	0.338066	0.372748	0.210789	0.0783973	0.9061298	1.046862	6.777873	2.783801
8676	-10413.64	-10916	502.3607	0.371604	0.353862	0.200109	0.0744252	0.9750908	1.09161	6.053071	2.120481
8682	-10404	-10904.74	500.7433	0.371468	0.353733	0.200036	0.0747631	1.078363	1.079389	6.910432	2.045534
8688	-10416.01	-10917.06	501.0584	0.410917	0.391298	0.115082	0.0827027	1.166009	1.095869	6.720264	1.960601
8694	-10400.15	-10901.19	501.0369	0.370361	0.352679	0.198362	0.0785983	0.9497246	1.022622	6.981515	1.734478
8700	-10382.36	-10884.08	501.7259	0.253221	0.507577	0.188266	0.0509358	0.9935412	1.133344	6.724266	1.3069
8706	-10390.2	-10891.69	501.4849	0.255948	0.502275	0.190293	0.0514843	0.7433188	1.08568	6.741285	1.923379
8712	-10386.22	-10888.92	502.7019	0.217648	0.528129	0.200088	0.0541345	0.8397104	1.104459	6.263326	1.374277
8718	-10394.97	-10896.04	501.0754	0.266389	0.507016	0.174625	0.0519703	0.7771304	1.103237	7.24031	1.247327
8724	-10405.47	-10907.41	501.935	0.255026	0.511946	0.186525	0.0465033	0.9512672	1.093515	6.685509	1.247327
8730	-10398.04	-10899.33	501.289	0.229076	0.52494	0.19126	0.0547243	0.8070002	1.046064	7.285708	0.9665999
8736	-10389.68	-10890.82	501.1444	0.231881	0.531368	0.193601	0.04315	0.5343843	1.056591	7.285708	1.41084
8742	-10388.73	-10889.73	500.9937	0.231881	0.531368	0.193601	0.04315	0.7064355	0.9731993	7.521563	1.000708
8748	-10415.37	-10916.07	500.6966	0.305241	0.492816	0.172838	0.029105	0.7165685	0.9723656	7.579541	1.184423
8754	-10422.68	-10924.03	501.3498	0.37515	0.337261	0.190502	0.0970865	0.9925631	1.158573	6.643989	1.903814
8760	-10393.2	-10893.66	500.4605	0.407154	0.35563	0.172523	0.0646928	0.996391	1.082386	7.080566	2.106512
8766	-10399.37	-10898.7	499.3299	0.485773	0.203629	0.233413	0.0771845	1.298667	1.072625	7.228965	2.974946
8772	-10391.56	-10891.77	500.2051	0.495201	0.187926	0.237943	0.0789302	1.174839	1.12979	6.782823	2.994392
8778	-10391.56	-10891.84	500.2722	0.475878	0.206318	0.241954	0.0758503	1.170676	1.066665	6.782823	2.994392
8784	-10399.88	-10900.65	500.7666	0.503126	0.186328	0.230353	0.0801934	1.170676	1.08379	6.35979	3.465789
8790	-10396.21	-10897.67	501.465	0.481123	0.179438	0.217571	0.121868	1.219484	1.09029	6.32018	2.358349
8796	-10385.41	-10885.69	500.2823	0.433939	0.25991	0.196234	0.109917	1.219484	0.9995527	7.208728	1.850337
8802	-10401.71	-10904.06	502.3569	0.451663	0.291595	0.183257	0.0734836	1.184346	1.16279	5.887593	2.163636
8808	-10406.39	-10907.17	500.7841	0.462599	0.298656	0.159819	0.078926	1.15779	1.196171	5.931132	4.828346
8814	-10402.88	-10904.87	501.9934	0.365228	0.379968	0.152149	0.102655	1.463848	1.215147	6.331169	1.238149
8820	-10411.04	-10913.64	502.5972	0.352263	0.359324	0.146748	0.141665	1.113605	1.214294	5.794041	2.090847
8826	-10399.2	-10901.88	502.673	0.303566	0.412876	0.161477	0.122081	0.9813291	1.16725	6.033538	1.657685
8832	-10397.59	-10901.05	503.4624	0.367521	0.392641	0.154753	0.0850849	1.041954	1.178101	5.666774	1.434663
8838	-10395.15	-10896.47	501.3178	0.480819	0.205407	0.20246	0.111315	1.133335	1.085022	6.418678	2.435792
8844	-10406.8	-10905.91	499.1119	0.409131	0.32241	0.173741	0.0947181	1.164935	0.9878641	7.642303	2.435792
8850	-10404.46	-10905.88	501.4175	0.364055	0.362125	0.195888	0.077932	1.164935	0.9721871	6.704452	1.699571
8856	-10397.16	-10896.9	499.7442	0.506338	0.249982	0.145449	0.0982299	1.164935	1.067904	6.714547	4.220554
8862	-10398.82	-10899.41	500.5834	0.510848	0.261122	0.0822826	0.145747	1.602114	1.146414	6.354498	3.019849
8868	-10408.6	-10909.26	500.6616	0.439164	0.356889	0.0177854	0.186162	1.350475	1.146414	6.560821	2.632709
8874	-10405.04	-10904.59	499.5472	0.572632	0.185277	0.128784	0.113307	1.48002	1.016303	7.274339	2.342416
8880	-10408.18	-10908.62	500.4408	0.491049	0.147952	0.324847	0.036152	1.122753	0.9715889	7.274339	1.650275
8886	-10413.22	-10913.23	500.0122	0.523892	0.180966	0.2037	0.0914409	1.348711	1.023665	7.274339	1.85664
8892	-10413.61	-10913.66	500.0562	0.474515	0.248887	0.184502	0.0920967	1.19342	0.9768788	7.274339	2.048846
8898	-10403.95	-10903.74	499.7876	0.472252	0.28111	0.154981	0.0916574	1.216553	1.056443	7.010282	3.043974
8904	-10425.73	-10926.29	500.5571	0.529095	0.227871	0.152716	0.0903178	1.532004	1.230639	6.183586	3.57839
8910	-10402.39	-10904.7	502.302	0.527796	0.211137	0.152341	0.108726	1.38157	1.150706	5.6221	2.711448
8916	-10420.05	-10920.9	500.845	0.561302	0.195137	0.110876	0.132686	1.542711	1.153858	5.976634	3.882924
8922	-10408.49	-10907.91	499.4246	0.514201	0.212785	0.0688563	0.204157	1.748094	1.036424	6.740085	3.807561
8928	-10404.97	-10904.91	499.9353	0.408845	0.316629	0.149134	0.125392	1.55242	0.997735	6.921985	2.678693
8934	-10417.2	-10917.45	500.2568	0.464282	0.270714	0.121255	0.143749	1.356379	1.076998	6.921985	2.333726
8940	-10425.56	-10927.14	501.5762	0.52189	0.220139	0.0954585	0.162512	1.292819	1.211574	5.889849	3.132719
8946	-10419.89	-10921.38	501.4902	0.512871	0.223697	0.118096	0.145336	1.203349	1.122519	6.33738	2.252142
8952	-10411.04	-10912.2	501.1564	0.46979	0.204906	0.192175	0.133128	1.160105	1.069658	6.647148	2.05277
8958	-10397.38	-10897.71	500.3237	0.531466	0.20073	0.158207	0.109597	1.373645	1.199616	6.238475	4.168191
8964	-10397.22	-10898.09	500.8683	0.438721	0.244941	0.233924	0.0824137	1.215175	1.174429	6.6047	2.346138
8970	-10395.11	-10896.49	501.3793	0.410304	0.293848	0.218773	0.0770755	1.11079	1.088567	6.538273	2.062022
8976	-10382.46	-10884.64	502.1725	0.345529	0.337156	0.249836	0.0674797	0.9581038	1.022204	6.623056	1.185971
8982	-10387.33	-10888.41	501.0842	0.421712	0.274701	0.254212	0.0493747	1.216611	1.116766	6.496841	2.404027
8988	-10376.71	-10878.2	501.4893	0.449842	0.277368	0.179077	0.0937135	1.091748	1.111636	6.428355	2.18333
8994	-10389.85	-10890.48	500.6327	0.420708	0.240739	0.223447	0.115106	1.092205	1.114548	6.763358	2.522999
9000	-10416.55	-10915.6	499.0492	0.453292	0.263025	0.187233	0.0964504	0.8941632	1.096306	7.588778	2.940781
9006	-10387.92	-10890.18	502.2645	0.393473	0.337452	0.162525	0.10655	0.8696844	1.172873	6.071886	2.243099
9012	-10394.72	-10896.32	501.5949	0.393473	0.337452	0.162525	0.10655	1.308185	1.079243	6.43201	1.805782
9018	-10397.93	-10899.98	502.0511	0.422106	0.335534	0.161601	0.08076	0.9714998	1.08701	6.368591	1.775994
9024	-10410.65	-10912.44	501.7955	0.358962	0.37448	0.178525	0.0880336	0.9714998	1.149435	6.400803	1.947804
9030	-10394.51	-10896.94	502.434	0.316683	0.395668	0.194634	0.0930146	0.9073499	1.161656	6.33794	1.378212
9036	-10396.74	-10897.31	500.5673	0.436652	0.285064	0.175164	0.10312	1.163808	1.070409	6.793921	2.498833
9042	-10408.2	-10909.15	500.9578	0.376938	0.393517	0.0871934	0.142352	1.140888	1.11886	6.361225	3.112057
9048	-10403.75	-10905.64	501.8871	0.289203	0.51089	0.0798157	0.120092	1.140888	1.141615	6.293132	1.879994
9054	-10386	-10887.56	501.5524	0.39082	0.42707	0.0488848	0.133225	1.140888	1.153379	6.468319	1.879994
9060	-10391.71	-10892.44	500.7335	0.375292	0.410101	0.0896597	0.124947	0.998606	1.153379	6.925407	2.027924
9066	-10407.17	-10908.83	501.6592	0.305474	0.471536	0.0731693	0.149821	1.005059	1.090472	6.548657	1.804409
9072	-10410.02	-10911.3	501.2851	0.373348	0.46506	0.0434807	0.118111	1.006048	1.120449	6.240632	3.155404
9078	-10408.41	-10909.95	501.5418	0.373	0.464627	0.0434401	0.118934	1.148908	1.16076	6.240632	2.455564
9084	-10414.26	-10915.6	501.3412	0.373346	0.465058	0.0269627	0.134633	1.130213	1.16076	6.041539	3.41569
9090	-10423.06	-10924.61	501.546	0.430606	0.308716	0.100879	0.159799	1.301815	1.12334	6.622705	1.398291
9096	-10406.54	-10905.53	498.9909	0.449246	0.305399	0.0872729	0.158082	1.301815	1.035637	7.261437	3.522197
9102	-10413	-10912.12	499.1283	0.560627	0.100839	0.244292	0.0942421	1.265879	1.060503	6.898796	4.618566
9108	-10390.62	-10892.1	501.4735	0.445616	0.200759	0.192193	0.161432	1.160957	1.092115	6.415853	2.171625
9114	-10395.66	-10895.52	499.8531	0.45539	0.246524	0.196409	0.101676	1.21053	1.030023	7.275938	2.229242
9120	-10395.58	-10894.3	498.7177	0.424215	0.298106	0.182963	0.0947159	1.476988	1.047362	7.745853	2.229242
9126	-10400.02	-10902.11	502.0909	0.390809	0.270386	0.239245	0.0995598	1.193622	1.135543	6.19774	1.787611
9132	-10406.28	-10907.04	500.7613	0.440085	0.371719	0.0737823	0.114414	1.192552	1.022583	6.607645	2.763743
9138	-10397.05	-10898.63	501.572	0.428525	0.361955	0.0981119	0.111408	1.145608	1.105997	6.464644	1.918965
9144	-10389.55	-10891.05	501.4958	0.376636	0.45212	0.0733259	0.0979183	1.145608	1.075286	6.691015	1.53406
9150	-10405.06	-10906.14	501.0815	0.368455	0.432803	0.062418	0.136324	1.033467	1.095406	6.831208	1.831829
9156	-10404.55	-10905.98	501.4237	0.33903	0.398239	0.181026	0.0817044	0.9723431	1.185524	6.431918	2.330227
9162	-10402.82	-10904.46	501.6487	0.315647	0.48118	0.130732	0.0724411	1.099843	1.115911	6.431918	1.942353
9168	-10403.13	-10904.23	501.104	0.355955	0.379058	0.183295	0.0816919	1.070748	1.073786	7.016138	1.377367
9174	-10414.66	-10916.46	501.7999	0.321707	0.452884	0.115572	0.109836	1.158752	1.081436	6.301451	2.031241
9180	-10384.27	-10886.74	502.4668	0.416243	0.25819	0.198398	0.12717	1.037973	1.198474	5.984314	1.9203
9186	-10380.25	-10881.98	501.7302	0.439237	0.226858	0.209358	0.124547	1.216056	1.198474	5.88441	3.031256
9192	-10389.07	-10890.11	501.033	0.403679	0.417528	0.126095	0.0526977	1.039913	1.125105	6.751849	2.040577
9198	-10391.98	-10893.39	501.4195	0.397988	0.411641	0.127995	0.0623757	0.8370133	1.07835	6.752187	1.864084
9204	-10404.4	-10905.55	501.1545	0.470725	0.253123	0.151388	0.124764	1.090672	1.087396	6.752187	1.864084
9210	-10399.79	-10900.27	500.4765	0.478069	0.257072	0.138149	0.126711	1.308944	1.07811	6.819532	2.35141
9216	-10386.44	-10886.81	500.3714	0.494461	0.231597	0.142886	0.131055	1.243311	1.080157	6.907716	2.35141
9222	-10389.45	-10888.9	499.449	0.474613	0.163499	0.20436	0.157528	1.319501	1.033887	7.051824	3.37229
9228	-10383.09	-10883.72	500.6321	0.510461	0.189998	0.130115	0.169426	1.432294	1.094861	6.336769	3.333265
9234	-10388.26	-10889.17	500.9135	0.54265	0.181699	0.0782836	0.197367	1.353548	1.221078	6.004231	3.842778
9240	-10396.18	-10895.04	498.8662	0.570717	0.185575	0.0904824	0.153226	1.503411	1.011366	7.608387	2.404448
9246	-10406.95	-10907.57	500.6165	0.511519	0.166326	0.184822	0.137333	1.42114	1.042114	6.689386	2.404448
9252	-10397.53	-10898.09	500.5523	0.499971	0.162571	0.17831	0.159148	1.263871	1.080309	6.615956	2.875071
9258	-10405.97	-10905.74	499.7683	0.48102	0.191994	0.171551	0.155435	1.191061	1.055147	6.768023	3.947388
9264	-10394.55	-10894.76	500.2105	0.563924	0.197507	0.0985687	0.14	1.518333	1.096349	6.613119	3.047938
9270	-10393.14	-10893.86	500.7226	0.566915	0.167643	0.0999466	0.165496	1.393592	1.028005	6.613119	2.513812
9276	-10401.05	-10902	500.9418	0.560584	0.165771	0.109998	0.163648	1.35693	1.136452	6.214067	3.230296
9282	-10409.8	-10911.21	501.4103	0.445427	0.331427	0.104676	0.118471	1.311906	1.14639	6.214067	2.518907
9288	-10412.43	-10914.54	502.1113	0.413533	0.380245	0.0703016	0.135921	1.339343	1.228952	5.599261	3.023626
9294	-10404.03	-10906.62	502.5876	0.402328	0.369942	0.0683969	0.159332	1.055723	1.248469	5.492346	2.967857
9300	-10400.42	-10902.8	502.3769	0.376294	0.356366	0.132803	0.134538	1.088047	1.24729	5.718125	2.598813
9306	-10403.49	-10907.47	503.9777	0.347205	0.418505	0.180504	0.0537855	0.9723049	1.229626	5.525944	1.1714
9312	-10411.06	-10914.73	503.6731	0.301596	0.459391	0.198138	0.0408751	0.7857295	1.219857	5.822323	1.136013
9318	-10429.32	-10932.13	502.8112	0.264983	0.511683	0.174085	0.0492494	0.6407726	1.121177	6.122797	1.779408
9324	-10402.05	-10904.18	502.1298	0.219229	0.568325	0.1717	0.0407456	0.6870687	1.040614	6.864252	1.041145
9330	-10403.68	-10905.33	501.6465	0.224026	0.502446	0.175457	0.0980699	0.8305839	1.08886	7.013598	1.048003
9336	-10413.8	-10915.24	501.4396	0.227968	0.511288	0.160948	0.0997956	0.7884841	1.041734	7.013598	1.364445
9342	-10428.44	-10929.09	500.6465	0.442977	0.259151	0.205288	0.0925835	1.254635	1.072448	6.760152	2.345123
9348	-10408.43	-10908.73	500.3038	0.434822	0.25438	0.219919	0.090879	1.154008	1.063523	6.760152	3.043773
9354	-10404.99	-10904.93	499.9362	0.476386	0.278696	0.142142	0.102775	1.377668	1.064509	7.120828	2.254373
9360	-10396.68	-10898.7	502.0257	0.428978	0.283872	0.139886	0.147264	1.167159	1.110628	6.065816	2.26642
9366	-10389.67	-10890.5	500.825	0.533588	0.222359	0.128701	0.115353	1.248238	1.112317	6.42298	2.984098
9372	-10398.12	-10899.91	501.7909	0.418037	0.364781	0.108101	0.109082	1.115154	1.145218	5.948264	2.984098
9378	-10401.47	-10904.11	502.6442	0.356305	0.415447	0.135275	0.0929733	1.022933	1.145218	5.815745	2.189362
9384	-10412.2	-10912.99	500.7898	0.343736	0.400793	0.157703	0.0977681	0.8977331	1.039195	6.97396	2.123012
9390	-10396.13	-10895.62	499.4893	0.350083	0.491316	0.0118648	0.146736	1.275656	1.018781	7.670743	1.674862
9396	-10410.8	-10910.49	499.6865	0.391496	0.401642	0.0154752	0.191387	1.275692	1.160235	6.95622	3.116393
9402	-10393.77	-10895.08	501.3107	0.376683	0.338885	0.182503	0.101929	1.271375	1.107851	6.408753	2.250925
9408	-10402.62	-10904.27	501.6565	0.373214	0.368492	0.147459	0.110835	1.115364	1.058942	6.617977	1.557346
9414	-10399.81	-10901.64	501.8251	0.396109	0.391097	0.0951593	0.117634	1.187312	1.051818	6.464128	1.62142
9420	-10414.62	-10915.93	501.3009	0.459454	0.315164	0.100789	0.124593	1.176381	1.075349	6.669396	1.783321
9426	-10429.19	-10929.27	500.0805	0.322421	0.500473	0.0789572	0.0981485	0.9588795	0.9500478	7.127619	2.792129
9432	-10425.03	-10926.59	501.5592	0.417619	0.384824	0.101138	0.0964196	1.082145	1.002808	6.590345	1.848206
9438	-10408.12	-10909.74	501.6223	0.380066	0.36356	0.0955494	0.160824	1.133958	1.111069	6.251331	2.402038
9444	-10421.26	-10924.15	502.891	0.423673	0.332194	0.122396	0.121737	1.227262	1.114887	5.748577	1.802821
9450	-10386.22	-10889.58	503.3584	0.423673	0.332194	0.122396	0.121737	1.165	1.177748	5.489803	1.802821
9456	-10407.82	-10909.8	501.9787	0.428888	0.341112	0.104996	0.125005	1.498165	1.219654	5.526139	3.254748
9462	-10386.83	-10889.05	502.2259	0.534895	0.245494	0.0755643	0.144047	1.260196	1.215357	5.635748	2.866682
9468	-10409.37	-10910.73	501.3601	0.498689	0.21972	0.147294	0.134296	1.292585	1.094472	5.931094	3.59397
9474	-10414.23	-10914.07	499.8425	0.542801	0.107891	0.184214	0.165094	1.489673	0.9980124	6.989286	2.712209
9480	-10396.33	-10896.21	499.8746	0.550195	0.0957396	0.186723	0.167342	1.684661	1.101739	6.827684	2.712209
9486	-10396.3	-10895.9	499.6001	0.488015	0.136614	0.226941	0.14843	1.226078	1.052698	6.891846	3.76825
9492	-10413.75	-10913.62	499.8751	0.489788	0.268183	0.142214	0.0998155	1.228476	1.052698	6.891846	3.25887
9498	-10423.35	-10925.26	501.9112	0.534854	0.292859	0.0938021	0.0784854	1.263413	1.126182	6.210523	1.916002
9504	-10411.31	-10913.34	502.0208	0.466052	0.309991	0.10486	0.119096	1.132733	1.126182	6.209166	1.937276
9510	-10418.12	-10918.86	500.7404	0.406174	0.386597	0.0859227	0.121306	1.328222	1.106983	6.708812	2.201262
9516	-10418.58	-10919.68	501.0961	0.518532	0.287549	0.039057	0.154862	1.82699	1.127757	6.156465	2.522942
9522	-10420.71	-10920.28	499.5715	0.626112	0.0537782	0.0970742	0.223035	1.986455	1.169161	6.376837	4.219404
9528	-10399.33	-10898.34	499.0127	0.521325	0.265077	0.0808276	0.132771	1.589542	1.081561	6.789181	4.645945
9534	-10394.34	-10893.99	499.653	0.562463	0.138452	0.136524	0.162561	1.384409	0.9733084	6.927618	3.423964
9540	-10403.33	-10904.94	501.603	0.48644	0.361451	0.0694335	0.0826753	1.224124	1.130051	6.063273	2.801806
9546	-10404.05	-10906.45	502.3938	0.378042	0.378791	0.122602	0.120565	1.153178	1.159007	5.929792	2.053283
9552	-10409.72	-10911.7	501.9869	0.45994	0.328922	0.068547	0.142591	1.083702	1.159007	6.188119	2.053283
9558	-10398.78	-10900.35	501.5696	0.335973	0.449677	0.0930103	0.12134	1.083702	1.126081	6.41011	2.109756
9564	-10389.9	-10891.91	502.0106	0.363502	0.388738	0.116477	0.131282	1.115217	1.149707	6.372758	1.56678
9570	-10396.38	-10898.67	502.2854	0.354285	0.408396	0.111569	0.12575	1.241288	1.185432	6.047099	1.772055
9576	-10403.12	-10905.36	502.2357	0.453757	0.329435	0.0899973	0.126812	1.03855	1.241592	5.781778	2.722114
9582	-10408.58	-10911.46	502.874	0.422299	0.335394	0.113201	0.129106	1.341352	1.268151	5.536599	1.990806
9588	-10377.07	-10880.4	503.3296	0.422299	0.335394	0.113201	0.129106	1.09669	1.229258	5.588563	1.634281
9594	-10382.1	-10884.59	502.487	0.349242	0.277371	0.266616	0.10677	1.129046	1.238214	6.1032	1.470814
9600	-10410.49	-10912.2	501.7067	0.323832	0.410787	0.164806	0.100575	1.145622	1.046812	6.578573	1.564018
9606	-10389.92	-10891.2	501.2799	0.380662	0.365252	0.193729	0.0603565	0.9813677	1.017891	6.732503	1.979809
9612	-10424.49	-10925.37	500.8873	0.301993	0.422078	0.226798	0.0491306	1.214135	1.030645	7.01058	1.528952
9618	-10397.22	-10897.94	500.7258	0.417314	0.220814	0.313404	0.0484685	1.189796	1.06762	7.01058	1.705773
9624	-10413.84	-10915.54	501.6943	0.365312	0.351995	0.246662	0.0360308	1.128341	1.235646	6.418143	1.728896
9630	-10403.43	-10904.91	501.4747	0.39037	0.399682	0.162223	0.0477244	1.18182	1.121584	6.507424	1.877695
9636	-10417.65	-10919.54	501.8863	0.420185	0.34447	0.174613	0.0607329	1.09325	1.076903	6.715247	1.109512
9642	-10388.53	-10890.78	502.2535	0.373897	0.374499	0.161825	0.0897788	0.914356	1.076903	6.455588	1.424556
9648	-10393.22	-10894.82	501.6016	0.414099	0.322857	0.155567	0.107478	1.094938	1.152276	6.506569	1.785367
9654	-10398.35	-10899.81	501.4533	0.419717	0.327237	0.157677	0.0953692	1.1181	1.090991	6.657315	1.672163
9660	-10409.84	-10910.21	500.3769	0.549914	0.263656	0.0289982	0.157432	1.579668	1.004943	6.890398	2.07607
9666	-10399.11	-10899.32	500.2079	0.470549	0.189799	0.226321	0.113331	1.579668	1.060504	6.631339	2.968584
9672	-10401.07	-10902.43	501.3615	0.445579	0.255158	0.189713	0.10955	1.351243	1.162343	6.195532	2.56635
9678	-10398.52	-10899.82	501.2944	0.39057	0.289461	0.248515	0.0714544	1.079631	1.137559	6.383989	2.56635
9684	-10401.01	-10902.48	501.471	0.39057	0.289461	0.248515	0.0714544	1.191039	1.177421	6.158763	2.707254
9690	-10399.01	-10902.16	503.1456	0.416173	0.308436	0.201965	0.0734266	1.062314	1.198162	5.833551	1.40303
9696	-10405.16	-10906.83	501.6716	0.46103	0.251227	0.239012	0.0487309	1.123009	1.056579	6.516994	1.759385
9702	-10410.63	-10911.06	500.4351	0.456023	0.217443	0.253824	0.0727105	1.202558	1.120883	6.959709	2.12164
9708	-10418.54	-10919.57	501.0337	0.542397	0.108193	0.313504	0.0359067	1.231122	1.099278	6.442782	2.636715
9714	-10408.16	-10909.88	501.7155	0.524756	0.112537	0.303307	0.0594002	1.271526	1.13227	6.241471	2.082549
9720	-10408.63	-10909.39	500.7626	0.544174	0.116701	0.240891	0.0982341	1.435097	1.092535	6.425954	2.832729
9726	-10404.79	-10906.85	502.0648	0.585999	0.0820761	0.233045	0.0988797	1.406038	1.183926	5.824519	2.425889
9732	-10405.77	-10907.15	501.3844	0.573746	0.0632818	0.254843	0.108128	1.515608	1.170953	5.943339	3.02544
9738	-10412.96	-10914.01	501.0471	0.556647	0.0911985	0.247248	0.104906	1.32939	1.204223	6.198536	3.02544
9744	-10400.6	-10904.01	503.4159	0.435301	0.27334	0.204564	0.0867953	0.9617073	1.165795	5.539223	1.884872
9750	-10419.5	-10921.3	501.7992	0.461888	0.256617	0.217059	0.0644358	1.349319	1.169207	6.315602	1.660741
9756	-10427.54	-10928.76	501.22	0.438817	0.286482	0.166841	0.107861	1.105682	1.043578	6.680572	1.989821
9762	-10422.36	-10923.08	500.7238	0.490395	0.235455	0.137388	0.136762	1.419672	1.048639	6.675144	2.279648
9768	-10415.71	-10916.7	500.9917	0.432513	0.28569	0.144171	0.137626	1.230975	1.058425	6.502936	2.593454
9774	-10393.47	-10894.51	501.0436	0.405711	0.298069	0.223377	0.0728425	1.06879	1.089461	6.755813	2.026125
9780	-10386.66	-10887.84	501.1768	0.474127	0.2077	0.227994	0.0901784	1.113934	1.123594	6.755813	1.753002
9786	-10385.66	-10886.17	500.5074	0.482324	0.211291	0.231936	0.0744485	1.210857	1.117221	6.752776	2.566531
9792	-10401.49	-10903.73	502.2374	0.501684	0.203389	0.223262	0.0716643	1.124215	1.138873	6.016406	2.115307
9798	-10391.66	-10893.73	502.0659	0.447925	0.198066	0.290023	0.063985	1.190075	1.146539	6.016406	2.256088
9804	-10416.68	-10917.2	500.5226	0.441058	0.274994	0.19753	0.0864182	1.190075	1.122733	6.584888	3.06394
9810	-10417.59	-10919.51	501.923	0.374863	0.437193	0.114496	0.0734483	0.9550267	1.064317	6.414827	1.880651
9816	-10400.58	-10901.83	501.2415	0.357549	0.417001	0.155394	0.070056	0.9737446	1.028967	7.112948	1.185944
9822	-10415.4	-10917.76	502.3573	0.328362	0.38296	0.217713	0.0709647	0.8578734	1.119836	6.226492	1.824994
9828	-10432.26	-10934.45	502.1937	0.445881	0.279838	0.176959	0.0973227	1.188452	1.113228	6.133001	1.842615
9834	-10411.33	-10912.3	500.9686	0.456876	0.263751	0.208459	0.0709137	1.250695	1.022424	6.74722	2.005139
9840	-10402.54	-10903.34	500.7997	0.508414	0.209571	0.203102	0.0789131	1.148258	1.160907	6.104955	4.203042
9846	-10391.36	-10894.07	502.7043	0.438947	0.309552	0.16896	0.082542	1.255497	1.202093	5.693628	2.028692
9852	-10397.53	-10900.76	503.2358	0.477947	0.288034	0.157215	0.0768044	1.267847	1.198373	5.18277	2.586033
9858	-10393.71	-10897.12	503.4101	0.337185	0.414354	0.128966	0.119495	1.227602	1.245861	5.567135	1.420388
9864	-10397.95	-10901.86	503.9064	0.313574	0.470593	0.121847	0.0939872	1.186193	1.347318	5.221607	1.498578
9870	-10400.08	-10903.11	503.0284	0.474788	0.256861	0.169433	0.0989178	1.267165	1.330295	5.03757	3.134238
9876	-10401.45	-10903.24	501.797	0.492352	0.162753	0.242319	0.102577	1.390514	1.105915	5.956774	2.603061
9882	-10370.61	-10871.82	501.2076	0.463653	0.211555	0.228194	0.0965979	1.403947	1.105915	6.504583	1.987782
9888	-10377.66	-10881.07	503.4056	0.434533	0.223041	0.240583	0.101843	1.326103	1.20479	5.267767	2.035593
9894	-10404.29	-10907.91	503.6246	0.301189	0.385657	0.176411	0.136743	1.057095	1.252013	5.435631	1.633199
9900	-10396.23	-10895.82	499.5833	0.437288	0.28853	0.195064	0.0791177	1.152434	0.9772163	7.269548	2.816848
9906	-10406.53	-10907.11	500.5749	0.578534	0.0947911	0.302314	0.0243605	1.590474	1.072724	6.269524	3.45403
9912	-10400.88	-10901.98	501.1025	0.587412	0.0936188	0.306953	0.0120159	1.354422	1.129211	6.269524	2.806055
9918	-10404.78	-10906.89	502.1055	0.516454	0.184944	0.269874	0.0287275	1.097255	1.129211	6.205271	1.877094
9924	-10396.87	-10898.44	501.5712	0.430764	0.221504	0.31564	0.0320921	1.302362	1.149768	6.205271	2.313529
9930	-10393.49	-10893.74	500.2575	0.434139	0.224263	0.289816	0.0517829	1.173913	1.149768	7.043712	2.149026
9936	-10387.61	-10888.35	500.7464	0.43304	0.231499	0.289082	0.0463791	1.039205	0.9938193	6.879656	2.292822
9942	-10387.33	-10885.47	498.1371	0.485655	0.295665	0.126694	0.0919858	1.246888	1.047461	8.187735	2.171872
9948	-10399.59	-10901.09	501.5025	0.50364	0.161935	0.267288	0.0671376	1.255671	1.062454	6.657171	1.493207
9954	-10403.77	-10904.24	500.4673	0.392643	0.277775	0.264491	0.0650912	1.143266	1.077437	6.698009	2.956803
9960	-10407.87	-10908.06	500.1924	0.539863	0.171077	0.229702	0.0593575	1.270359	1.017755	6.810628	2.967334
9966	-10399.88	-10897.94	498.0543	0.518885	0.164429	0.220776	0.0959096	1.270359	0.9624451	7.663703	4.078283
9972	-10398.36	-10899.7	501.3414	0.477652	0.240047	0.164381	0.11792	1.292517	1.108692	5.960523	3.502768
9978	-10395.78	-10896.41	500.6357	0.467677	0.244631	0.16752	0.120172	1.310431	1.108692	6.680374	2.44922
9984	-10381.71	-10882.4	500.6923	0.441023	0.284063	0.162891	0.112024	1.310431	1.079258	6.680374	2.408973
9990	-10393.12	-10892.88	499.7597	0.495254	0.196026	0.182921	0.125799	1.243275	1.060696	7.228651	2.402197
9996	-10393.96	-10893.74	499.7811	0.547308	0.184546	0.149715	0.118431	1.381876	1.033446	7.065298	2.680115
10002	-10394.8	-10894.02	499.2165	0.534962	0.17772	0.183378	0.10394	1.352896	1.082454	7.065298	3.60788
10008	-10403.6	-10905.4	501.8011	0.55646	0.17008	0.16502	0.10844	1.378929	1.205897	5.552258	3.709058
10014	-10395.42	-10897.64	502.221	0.449284	0.330133	0.133029	0.087554	1.084298	1.2023	5.775558	2.754411
10020	-10400.06	-10903.27	503.2036	0.20833	0.622802	0.10184	0.0670271	0.8694137	1.176789	6.181907	0.9008138
10026	-10390.08	-10893.9	503.82	0.242656	0.524923	0.159039	0.0733822	0.8689147	1.186166	5.723147	1.116538
10032	-10395.9	-10899.07	503.1645	0.265546	0.486477	0.162014	0.0859625	0.9754387	1.214303	5.969076	1.188503
10038	-10406.7	-10909.49	502.7955	0.321218	0.468104	0.106693	0.103985	1.098469	1.211618	6.074353	1.24909
10044	-10402.25	-10904.58	502.3294	0.381082	0.411364	0.0841896	0.123364	1.089279	1.186991	6.24696	1.451446
10050	-10404.59	-10906.88	502.2931	0.335148	0.435616	0.120743	0.108494	1.097325	1.123607	6.193852	1.675198
10056	-10396.71	-10898.42	501.709	0.396954	0.367594	0.119353	0.116099	1.440128	1.130489	6.360049	1.62003
10062	-10391.43	-10892.1	500.6756	0.417326	0.367147	0.0934686	0.122058	1.025102	1.098726	6.754205	2.608242
10068	-10391.32	-10891.83	500.5096	0.366651	0.436372	0.0739008	0.123076	1.142664	1.14993	6.754205	2.608242
10074	-10413.24	-10915.68	502.4375	0.343469	0.439636	0.100236	0.116659	1.254956	1.248447	5.855487	1.929696
10080	-10401.57	-10904.03	502.4619	0.42646	0.178185	0.349377	0.0459776	0.9366376	1.143557	5.907464	2.335671
10086	-10406.36	-10907.57	501.2057	0.441724	0.163564	0.361882	0.0328302	1.105307	1.036806	6.943588	1.418156
10092	-10409.48	-10911.81	502.3313	0.346821	0.468809	0.0695769	0.114793	1.010768	1.165734	5.889943	2.431992
10098	-10391.35	-10892.13	500.7803	0.447276	0.401973	0.0276373	0.123113	1.159292	1.121522	6.677833	2.431992
10104	-10399.73	-10899.94	500.203	0.393685	0.353811	0.190899	0.0616049	1.009526	1.021111	6.63632	3.985997
10110	-10402.83	-10904.26	501.4378	0.42537	0.350507	0.179884	0.0442386	1.071426	1.11403	6.466964	2.180111
10116	-10403.78	-10905.05	501.271	0.386051	0.318108	0.255692	0.0401494	1.119486	1.142588	6.6582	1.831272
10122	-10407.22	-10908.88	501.6584	0.384279	0.327825	0.263503	0.0243928	0.9654225	1.052731	6.579589	1.831272
10128	-10419.4	-10919.94	500.5374	0.409353	0.335209	0.199358	0.0560797	1.03706	1.013157	7.127445	1.925731
10134	-10424.34	-10924.3	499.9581	0.496456	0.304993	0.0257439	0.172807	1.593726	1.094081	6.653404	3.247674
10140	-10419.64	-10919.7	500.0559	0.557538	0.188829	0.0359628	0.21767	1.593726	1.030843	6.653404	3.187422
10146	-10431.19	-10930.59	499.4024	0.542819	0.200619	0.0745704	0.181992	1.708912	1.030843	6.843531	3.557251
10152	-10425.85	-10926.37	500.5142	0.438389	0.348317	0.0474975	0.165797	1.527548	1.049464	6.843531	2.007928
10158	-10422.28	-10922.09	499.8067	0.42749	0.339658	0.0463167	0.186535	1.398281	1.056408	6.803434	3.389803
10164	-10424.04	-10924.47	500.4345	0.524981	0.280479	0.0405052	0.154035	1.328995	1.004688	6.875269	2.342507
10170	-10407.81	-10910.49	502.6874	0.316356	0.428004	0.168599	0.0870403	1.049454	1.211917	5.927953	1.739386
10176	-10393.36	-10895.27	501.9005	0.312003	0.422115	0.172366	0.0935158	1.035067	1.065822	6.528176	1.549868
10182	-10405.23	-10906.73	501.5004	0.355072	0.391164	0.159728	0.094035	1.101403	1.115944	6.540474	1.87273
10188	-10414.6	-10916.53	501.931	0.442049	0.31325	0.175555	0.0691474	1.028843	1.102469	6.347879	1.884872
10194	-10395.61	-10896.51	500.9017	0.333105	0.447203	0.118463	0.101229	1.026521	1.102469	7.086933	1.474578
10200	-10398.79	-10898.91	500.1188	0.380604	0.419517	0.0987524	0.101126	1.051073	1.003093	7.069137	2.674
10206	-10395.89	-10897.21	501.3264	0.369043	0.406774	0.145824	0.0783589	1.020015	1.115134	6.879364	1.422609
10212	-10390.83	-10893.09	502.2625	0.417221	0.355388	0.147911	0.0794806	1.120331	1.081656	6.259424	1.590455
10218	-10414.64	-10914.77	500.1258	0.411649	0.359357	0.148625	0.0803684	1.153851	1.025854	7.465484	1.50152
10224	-10393.6	-10893.61	500.0127	0.330003	0.435633	0.169935	0.0644283	1.10906	1.025477	7.531192	1.541187
10230	-10389.25	-10891.05	501.7991	0.314159	0.414717	0.217658	0.0534662	0.9955675	1.118671	6.581395	1.537635
10236	-10388.01	-10889.49	501.4833	0.351346	0.348857	0.240002	0.0597951	0.9468441	1.138404	6.581395	1.967259
10242	-10382.24	-10884.02	501.7809	0.42882	0.205275	0.292924	0.0729803	1.137373	1.094611	6.581395	1.425888
10248	-10405.21	-10904.28	499.0659	0.517729	0.128384	0.265775	0.0881117	1.12764	0.9531585	7.173521	4.173264
10254	-10417.48	-10918.7	501.2206	0.501727	0.207464	0.25756	0.0332488	1.196661	1.030124	6.616247	2.049682
10260	-10427.14	-10927.5	500.3593	0.49455	0.205708	0.253876	0.0458669	1.337715	1.019282	6.860691	2.459543
10266	-10408.08	-10908.25	500.1682	0.413658	0.197168	0.273514	0.115661	1.243381	1.000023	7.371563	1.588622
10272	-10426.61	-10927.1	500.4934	0.505368	0.147049	0.262899	0.0846843	1.421613	1.110178	6.905401	1.925249
10278	-10408.33	-10909.28	500.9435	0.529672	0.101041	0.275542	0.0937454	1.224439	1.102493	6.70101	2.079199
10284	-10413.21	-10915.06	501.8428	0.495865	0.144528	0.257955	0.101653	1.200781	1.102493	6.057877	2.521105
10290	-10415.35	-10917.86	502.5091	0.316029	0.450546	0.197708	0.0357162	0.749102	1.078122	6.425386	1.391681
10296	-10409.29	-10911.68	502.382	0.308582	0.405226	0.24269	0.043502	0.8118067	1.117503	6.425386	1.416303
10302	-10383.62	-10886.11	502.4848	0.341736	0.343297	0.268765	0.0462021	0.9180687	1.144418	6.521538	0.9749373
10308	-10407.05	-10909.36	502.3103	0.346511	0.348094	0.27252	0.0328756	0.9569548	1.069755	6.521538	1.189584
10314	-10406.5	-10908.08	501.5802	0.309845	0.422426	0.238897	0.0288317	0.9103705	1.132565	6.51602	2.056549
10320	-10412.99	-10913.7	500.7054	0.546595	0.12406	0.246573	0.0827716	1.298	1.150902	6.652091	2.378112
10326	-10413.56	-10913.98	500.4135	0.433453	0.327608	0.187044	0.0518954	1.1379	1.08974	6.652091	3.179495
10332	-10404.93	-10906.79	501.8634	0.416383	0.322074	0.170588	0.0909547	1.131183	1.158144	6.087809	2.424233
10338	-10418.29	-10919.32	501.0267	0.369974	0.319603	0.220166	0.0902571	1.135433	1.090311	6.999712	1.409385
10344	-10412.48	-10914.8	502.3186	0.398653	0.344378	0.159716	0.0972535	1.135433	1.178708	6.186469	1.550762
10350	-10420.93	-10924.23	503.2942	0.157825	0.595798	0.20452	0.0418578	0.4520312	1.147877	6.25606	1.136784
10356	-10412.76	-10917.01	504.2536	0.190149	0.520814	0.246407	0.04263	0.5198657	1.221676	5.655821	1.136784
10362	-10410.95	-10913.47	502.5123	0.337708	0.429403	0.157466	0.0754228	0.929693	1.240765	6.003273	1.902338
10368	-10407.15	-10909.21	502.0625	0.331674	0.434087	0.160164	0.0740752	1.077889	1.063869	6.641764	1.096929
10374	-10407.36	-10906.9	499.5374	0.385559	0.337291	0.186184	0.0909654	1.232399	1.034171	7.431265	2.231453
10380	-10406.63	-10907.89	501.2649	0.194828	0.566714	0.222332	0.0161268	0.6365336	0.9962322	7.524376	0.7812982
10386	-10399.91	-10900.82	500.9089	0.188944	0.585064	0.209343	0.016649	0.6010343	1.060964	7.296729	1.574421
10392	-10406.25	-10907.79	501.5378	0.191059	0.587954	0.20656	0.0144267	0.6074577	1.049986	6.960807	1.574421
10398	-10402.97	-10904.69	501.7133	0.150607	0.589503	0.207105	0.0527858	0.4481737	1.09658	6.991597	1.43693
10404	-10390.63	-10893.54	502.9129	0.185525	0.574895	0.201973	0.0376075	0.6823056	1.090108	6.346024	1.175664
10410	-10400.17	-10903.06	502.885	0.235702	0.459921	0.256598	0.0477789	0.7099281	1.15485	6.233165	1.328154
10416	-10387.49	-10889.6	502.1101	0.265807	0.518663	0.161649	0.0538813	0.6988525	1.112418	6.682539	1.328154
10422	-10382.6	-10884.98	502.3798	0.276397	0.480137	0.158083	0.0853835	0.9456988	1.217868	6.342897	1.32249
10428	-10384.09	-10887.06	502.9747	0.288132	0.500523	0.164796	0.046549	0.7951573	1.166092	6.132176	1.32249
10434	-10379.66	-10882.7	503.0361	0.29657	0.464277	0.196197	0.0429563	0.6863736	1.150282	6.251058	1.162217
10440	-10393.65	-10894.11	500.4611	0.27376	0.508304	0.155022	0.0629145	0.7638673	1.039122	7.519022	1.438469
10446	-10391.74	-10893.31	501.5705	0.281771	0.523178	0.093333	0.101718	0.953316	1.055359	6.782639	1.493566
10452	-10398.59	-10900.09	501.4988	0.413617	0.41647	0.0742966	0.0956166	1.125666	1.055359	6.789389	1.367194
10458	-10409.94	-10913.31	503.3706	0.363867	0.335769	0.223275	0.0770886	0.8461755	1.12023	5.859979	1.429382
10464	-10424.82	-10926.8	501.98	0.396598	0.331147	0.227268	0.0449866	1.170958	1.111922	6.247597	1.869482
10470	-10407.77	-10910.31	502.5357	0.37557	0.347376	0.165543	0.111511	1.115432	1.090916	6.357071	1.085442
10476	-10409.89	-10912.65	502.7593	0.360655	0.389326	0.142937	0.107082	1.137578	1.090916	6.042417	1.445926
10482	-10401.6	-10901.63	500.0284	0.58031	0.0559666	0.182601	0.181123	1.455815	1.04647	6.614848	3.54786
10488	-10408.74	-10909.85	501.106	0.626062	0.0402798	0.242695	0.0909627	1.38084	1.231429	5.829421	4.025858
10494	-10406.99	-10908.23	501.2355	0.608522	0.0871936	0.235896	0.0683889	1.471746	1.229457	5.715744	4.025858
10500	-10403.37	-10904.44	501.0724	0.503443	0.152545	0.281937	0.0620741	1.472568	1.220265	5.936348	3.578322
10506	-10401.98	-10903.23	501.2497	0.543848	0.167733	0.231233	0.0571863	1.362303	1.177222	5.817598	3.924008
10512	-10383.16	-10884.03	500.8644	0.496068	0.209459	0.218899	0.0755727	1.414058	1.195062	6.149563	3.383323
10518	-10386.47	-10888.26	501.7884	0.554217	0.116793	0.244559	0.0844313	1.394534	1.149104	5.990334	2.452317
10524	-10398.53	-10900.44	501.9034	0.508594	0.122468	0.224426	0.144512	1.379751	1.162588	5.897215	2.535266
10530	-10397.5	-10900.21	502.7071	0.500302	0.216548	0.176926	0.106224	1.186483	1.138901	5.732484	2.102011
10536	-10414.35	-10917.68	503.3322	0.373859	0.357764	0.175263	0.0931141	1.264878	1.243295	5.732484	1.142786
10542	-10396.25	-10899.1	502.8517	0.475927	0.264266	0.192943	0.0668643	1.176163	1.181428	5.598278	2.195148
10548	-10406.54	-10908.92	502.383	0.474251	0.263336	0.232289	0.0301243	1.127954	1.202724	5.943909	2.006853
10554	-10393.28	-10893.97	500.691	0.410119	0.355851	0.0876818	0.146347	1.068964	1.106534	7.020996	1.821977
10560	-10405.1	-10906.25	501.1445	0.39268	0.408284	0.0589115	0.140124	1.277485	1.18841	6.221383	2.899237
10566	-10411.69	-10913.48	501.7932	0.408337	0.401363	0.0445882	0.145712	1.201523	1.157637	6.221383	2.081477
10572	-10407.32	-10909.63	502.3075	0.403442	0.408052	0.033668	0.154839	1.226043	1.134381	6.064625	1.785809
10578	-10404.56	-10906.51	501.9465	0.385221	0.399046	0.0643116	0.151422	1.507744	1.162167	6.075546	1.862464
10584	-10410.74	-10914.2	503.4606	0.39573	0.383943	0.0660661	0.154261	0.9773611	1.214899	5.457841	1.934827
10590	-10400.21	-10901.29	501.0811	0.39234	0.363961	0.0974661	0.146233	1.096501	1.22987	6.279622	3.042414
10596	-10398.98	-10899.33	500.3428	0.384701	0.388228	0.0966996	0.130372	1.296168	1.080161	6.827544	2.542075
10602	-10403.21	-10903.82	500.6118	0.436731	0.305487	0.109778	0.148004	1.202244	1.033549	7.03457	1.82043
10608	-10400.36	-10901.22	500.8645	0.467049	0.314731	0.112386	0.105834	1.160397	1.078937	6.570535	2.668443
10614	-10401.86	-10902.02	500.1559	0.460172	0.266484	0.132158	0.141186	1.366338	1.093502	6.933058	2.413906
10620	-10386.32	-10886.49	500.1665	0.480486	0.325676	0.0335883	0.160249	1.36039	1.088197	6.933058	2.413906
10626	-10400.13	-10900.79	500.6544	0.44871	0.304138	0.0974995	0.149652	1.18816	1.018445	6.84916	2.263991
10632	-10393.5	-10895.7	502.204	0.45576	0.322078	0.106772	0.115391	1.228386	1.27784	5.846575	2.263991
10638	-10392.33	-10894.84	502.5099	0.463299	0.356875	0.0833925	0.0964339	1.250357	1.149048	5.738466	2.263991
10644	-10375.79	-10877.31	501.5255	0.378743	0.398378	0.124623	0.0982564	1.021642	1.078423	6.570052	1.919569
10650	-10391.98	-10893.15	501.1684	0.378743	0.398378	0.124623	0.0982564	1.068837	1.078423	6.570052	2.346708
10656	-10413.46	-10914.27	500.8115	0.430222	0.316605	0.141561	0.111611	1.270096	1.114143	6.539111	2.62636
10662	-10408.97	-10909.93	500.9635	0.529942	0.125984	0.213629	0.130445	1.239172	1.104712	6.539111	2.453701
10668	-10397.45	-10899.16	501.709	0.542245	0.216919	0.107363	0.133473	1.302996	1.101498	6.204728	2.18721
10674	-10377.98	-10879.62	501.639	0.471714	0.188704	0.223471	0.116112	1.345631	1.126284	6.265875	2.04191
10680	-10389.75	-10891.83	502.0738	0.412349	0.314736	0.171416	0.101499	1.561162	1.125207	6.107163	1.621595
10686	-10399.48	-10901.46	501.9767	0.419174	0.321964	0.150015	0.108847	1.001668	1.13138	6.107163	2.431692
10692	-10386.33	-10888.4	502.0698	0.417878	0.337713	0.135898	0.108511	1.080204	1.099022	5.99716	2.526582
10698	-10391.91	-10892.5	500.5918	0.399216	0.326288	0.155025	0.119471	1.186116	1.066797	6.98996	1.92968
10704	-10398.51	-10899.58	501.0757	0.381425	0.385335	0.148117	0.0851233	1.198067	1.079861	6.715852	1.92968
10710	-10425.65	-10926.44	500.7875	0.443397	0.32307	0.020029	0.213504	1.413238	1.048605	6.511098	2.644606
10716	-10402.54	-10903.39	500.8477	0.436762	0.330144	0.0675015	0.165592	1.517872	1.121803	6.274285	2.985579
10722	-10394.47	-10895.67	501.1963	0.460825	0.348333	0.0909806	0.0998611	1.299176	1.035283	6.547277	2.119534
10728	-10384.5	-10885.28	500.7897	0.355289	0.353348	0.183415	0.107948	0.9619799	1.000741	7.277663	1.387646
10734	-10399.05	-10898.79	499.7352	0.411427	0.284367	0.245899	0.0583082	1.055654	1.002436	7.079452	3.272259
10740	-10393.24	-10893.72	500.4772	0.551398	0.209469	0.160987	0.0781452	1.135384	1.061387	6.853921	2.521536
10746	-10382.45	-10883.49	501.0398	0.528006	0.17566	0.173765	0.122569	1.289304	1.119867	6.406668	2.615032
10752	-10364.54	-10863.54	499.0059	0.527103	0.17536	0.173468	0.124069	1.491334	1.038969	7.449457	2.615032
10758	-10393.43	-10893.65	500.2136	0.537038	0.159817	0.176737	0.126408	1.706898	0.993247	6.764436	2.509676
10764	-10404.12	-10904.25	500.135	0.53329	0.161111	0.178168	0.127431	1.534964	1.042411	6.912309	2.359588
10770	-10400.54	-10901.49	500.9443	0.4943	0.230104	0.107789	0.167807	1.31928	1.101287	6.631699	2.135463
10776	-10410.99	-10911.92	500.9336	0.487812	0.231302	0.112206	0.16868	1.314181	1.116638	6.631699	2.135463
10782	-10413.91	-10913.79	499.8859	0.529948	0.199831	0.0651634	0.205058	1.597333	1.082826	6.283045	4.765219
10788	-10400.64	-10899.67	499.0315	0.538082	0.201422	0.0700777	0.190419	1.426445	1.079323	6.853621	4.655595
10794	-10390.39	-10890.06	499.6644	0.470879	0.321921	0.0613255	0.145875	1.476351	1.028416	7.227273	2.287041
10800	-10393.53	-10893.32	499.7878	0.506708	0.241687	0.10969	0.141915	1.333556	1.112261	6.901651	3.107787
10806	-10397.17	-10897.63	500.4558	0.535501	0.20254	0.113541	0.148419	1.372451	1.027041	6.669932	2.795989
10812	-10384.47	-10884.15	499.678	0.608016	0.175863	0.097703	0.118418	1.455538	1.048808	6.679034	3.988759
10818	-10378.12	-10878.15	500.028	0.559363	0.182742	0.14723	0.110665	1.348214	1.064712	6.508017	4.080079
10824	-10393.93	-10894.02	500.0917	0.618241	0.0967189	0.162727	0.122313	1.484869	1.110423	6.281682	4.469377
10830	-10401.44	-10902.39	500.956	0.600713	0.0640364	0.21771	0.11754	1.469674	1.101213	6.168188	3.240101
10836	-10382.02	-10881.25	499.2241	0.603654	0.0612154	0.19701	0.13812	1.548836	0.9805797	7.034924	3.569046
10842	-10387.71	-10887.69	499.9788	0.549416	0.0695924	0.22397	0.157021	1.700783	1.1289	6.627373	3.082303
10848	-10409.83	-10909.87	500.0484	0.605274	0.0902138	0.179011	0.125501	1.4169	1.108743	6.627373	3.417558
10854	-10412.07	-10911.13	499.0568	0.538272	0.0802274	0.267057	0.114444	1.592143	0.9755177	7.152447	3.417558
10860	-10382.77	-10883.15	500.3834	0.572629	0.0777629	0.227859	0.121749	1.266561	1.058391	6.37456	4.023125
10866	-10381.59	-10882.77	501.1815	0.554811	0.10646	0.220768	0.11796	1.266561	1.038438	6.37456	2.645785
10872	-10381.29	-10881.6	500.311	0.549291	0.0890856	0.218572	0.143051	1.496677	1.047512	6.825005	2.379442
10878	-10396.21	-10898.43	502.2178	0.541767	0.0950036	0.217958	0.145272	1.348948	1.218296	5.816587	2.249537
10884	-10401.96	-10903.17	501.2138	0.576055	0.0951706	0.174309	0.154466	1.656166	1.107228	6.07558	2.81761
10890	-10397.33	-10896.95	499.6186	0.541726	0.0894991	0.236252	0.132523	1.202878	1.088877	6.796472	4.051265
10896	-10411.02	-10912.35	501.3277	0.586105	0.0454895	0.27957	0.0888353	1.682434	1.141923	5.898314	3.073114
10902	-10406.01	-10907.92	501.9094	0.528536	0.164473	0.160978	0.146012	1.352436	1.093051	6.248144	1.768482
10908	-10416.14	-10918.27	502.1303	0.536388	0.191297	0.188369	0.0839457	1.352436	1.162483	5.890362	2.25696
10914	-10406.83	-10907.52	500.69	0.544069	0.136073	0.229691	0.0901666	1.465658	1.142856	6.04709	4.088432
10920	-10402.1	-10901.67	499.573	0.414816	0.341314	0.175124	0.068746	1.363494	1.059861	6.855834	3.693323
10926	-10401.74	-10902.98	501.2378	0.517757	0.177854	0.218583	0.085806	1.271775	1.04074	6.721408	1.674556
10932	-10408.8	-10908.02	499.2225	0.557648	0.10619	0.248056	0.0881066	1.269775	1.119072	6.922809	4.192066
10938	-10392.89	-10894.76	501.8774	0.557648	0.10619	0.248056	0.0881066	1.331884	1.259432	5.502386	3.715234
10944	-10414.03	-10914.33	500.2996	0.52142	0.115588	0.270008	0.0929842	1.326952	1.134225	6.686856	2.891173
10950	-10416.07	-10917.6	501.5248	0.50364	0.224519	0.227378	0.0444627	1.288832	1.174328	6.09165	2.678136
10956	-10415.81	-10916.92	501.11	0.49983	0.135495	0.299292	0.0653837	1.173407	1.190982	6.366748	2.678136
10962	-10406.13	-10907.38	501.2438	0.475981	0.195376	0.240984	0.0876593	1.16178	1.202723	6.552471	1.989792
10968	-10425.08	-10924.77	499.6864	0.395936	0.24405	0.30102	0.0589936	1.171689	1.062765	7.440659	2.041427
10974	-10417.77	-10918.99	501.2229	0.429644	0.356038	0.155342	0.0589749	1.055553	1.150955	6.280237	3.00215
10980	-10402.41	-10901.77	499.3639	0.513316	0.21739	0.0722641	0.19703	1.39707	1.049337	7.2242	2.826515
10986	-10404.43	-10903.76	499.3227	0.491446	0.193865	0.179815	0.134873	1.397189	1.090398	7.2242	2.826515
10992	-10383.11	-10882.81	499.7063	0.42913	0.236802	0.157014	0.177054	1.397189	1.047038	7.2242	2.308123
10998	-10405.32	-10903.64	498.3183	0.610948	0.16462	0.105485	0.118947	1.602358	1.050569	7.289094	4.190453
11004	-10399.76	-10899.85	500.0911	0.52305	0.205001	0.112995	0.158955	1.278288	1.102489	6.515313	3.978614
11010	-10397.93	-10897.51	499.5757	0.474295	0.225956	0.124545	0.175204	1.278288	1.05897	6.817447	3.978614
11016	-10391.79	-10891.24	499.4431	0.541341	0.257897	0.0801879	0.120574	1.474298	1.103972	6.817447	3.806344
11022	-10398.24	-10898.38	500.1384	0.420525	0.404521	0.0527006	0.122254	1.472215	1.134327	6.681642	2.95968
11028	-10399.5	-10899.96	500.461	0.455459	0.358304	0.0434135	0.142824	1.472215	1.109841	6.927373	1.857478
11034	-10399.6	-10900.41	500.8071	0.498067	0.278763	0.112052	0.111118	1.553911	1.078955	6.665977	1.986527
11040	-10396.57	-10896.51	499.9407	0.504103	0.313406	0.0739585	0.108533	1.498737	1.053267	6.947516	2.582165
11046	-10404.35	-10905	500.6562	0.55021	0.16786	0.16347	0.11846	1.378692	1.136531	6.498005	2.799627
11052	-10406.91	-10907.96	501.0498	0.534767	0.167469	0.19321	0.104554	1.378692	1.186548	5.903763	3.960039
11058	-10422.01	-10924.02	502.0095	0.523835	0.201722	0.18926	0.0851839	1.378692	1.170136	5.891167	2.384024
11064	-10417.33	-10918.11	500.7835	0.513319	0.197672	0.185461	0.103547	1.286661	1.047956	6.582719	2.623827
11070	-10423.43	-10923.57	500.1461	0.386035	0.286541	0.224165	0.103259	1.144332	1.057003	6.85815	3.03006
11076	-10409.27	-10909.8	500.5258	0.472859	0.239366	0.198194	0.0895816	1.199054	1.050132	6.842002	2.408477
11082	-10414.7	-10915.86	501.1532	0.448146	0.263508	0.187835	0.100511	1.071912	1.048348	6.737422	1.976287
11088	-10398.87	-10898.13	499.2512	0.449506	0.271043	0.159622	0.119829	1.401062	1.118334	7.15891	3.094315
11094	-10397.1	-10897.66	500.5581	0.440069	0.298371	0.115089	0.146471	1.170427	1.021506	7.03743	1.937232
11100	-10413.45	-10915.77	502.3257	0.446022	0.302406	0.10312	0.148452	1.084036	1.102813	6.143655	1.790983
11106	-10404.39	-10906.75	502.364	0.446303	0.289523	0.103185	0.160989	1.283722	1.166779	5.829544	2.16693
11112	-10406.32	-10908.54	502.2277	0.416794	0.319518	0.102995	0.160693	1.110827	1.162571	6.188109	1.704441
11118	-10398.26	-10900.06	501.8007	0.282631	0.505749	0.0712723	0.140348	0.9828153	1.162571	6.438405	1.819869
11124	-10398.53	-10899.26	500.7232	0.352729	0.36221	0.0960066	0.189054	1.330961	1.130231	6.617067	2.433462
11130	-10405.28	-10906.72	501.4394	0.441909	0.331625	0.0533762	0.17309	1.330961	1.244816	6.16637	2.433462
11136	-10404.91	-10905.97	501.0603	0.414419	0.310995	0.186176	0.0884104	1.045502	1.073576	6.751454	2.06689
11142	-10421.43	-10922.55	501.1193	0.603317	0.1043	0.117907	0.174475	1.298659	1.18579	5.865497	4.107953
11148	-10431.06	-10932.81	501.7487	0.527231	0.12178	0.229536	0.121453	1.500081	1.135711	5.837741	2.823963
11154	-10406.39	-10906.31	499.9146	0.450215	0.314678	0.130262	0.104845	1.210254	1.045698	7.068654	2.688469
11160	-10417.55	-10916.46	498.9017	0.43057	0.300947	0.174605	0.0938776	1.299748	1.001334	7.596989	2.672245
11166	-10410.47	-10909.84	499.3743	0.434708	0.29423	0.176283	0.0947798	1.094796	0.9669791	7.596989	2.305677
11172	-10397.62	-10899.71	502.0861	0.37651	0.302509	0.258079	0.062901	1.023729	1.136891	6.34678	1.656492
11178	-10400.78	-10902.67	501.8965	0.378964	0.336691	0.216448	0.0678967	1.044871	1.112509	6.447846	1.664654
11184	-10416.81	-10918.8	501.9885	0.385779	0.342746	0.202357	0.0691178	0.9536542	1.111701	6.447846	1.664654
11190	-10400.21	-10902.49	502.2818	0.327594	0.45358	0.168383	0.0504425	0.8761875	1.105139	6.612438	1.093403
11196	-10401.12	-10902.12	500.9918	0.319642	0.402179	0.230907	0.0472725	0.935699	1.040356	7.099738	1.520339
11202	-10408.14	-10909.96	501.821	0.362166	0.368248	0.209445	0.0601422	0.893786	1.065459	6.637143	1.574819
11208	-10408.78	-10909.91	501.1313	0.373155	0.340976	0.17982	0.106049	1.084499	1.123564	6.823507	1.689613
11214	-10413.12	-10913.6	500.4776	0.478364	0.270455	0.115233	0.135948	1.23548	1.073216	6.815361	2.46822
11220	-10411.14	-10913.34	502.2015	0.39721	0.332716	0.167534	0.102541	0.9600432	1.019084	6.518521	1.365204
11226	-10394.1	-10893.86	499.7602	0.441134	0.302387	0.1426	0.11388	1.273223	1.065417	7.283243	2.208939
11232	-10383	-10884.93	501.9355	0.413057	0.346788	0.133523	0.106632	1.329329	1.040687	6.373753	1.545131
11238	-10383.28	-10884.77	501.4862	0.405101	0.340108	0.182468	0.0723231	1.144405	1.120111	6.22396	2.655084
11244	-10389.03	-10890.58	501.5516	0.353892	0.342465	0.217453	0.0861899	1.269478	1.140444	6.468597	1.743304
11250	-10405.31	-10906.78	501.4741	0.412017	0.234467	0.253169	0.100346	1.269478	1.04174	6.564016	1.743304
11256	-10410.3	-10912.2	501.8976	0.456814	0.239288	0.206652	0.0972449	1.269478	1.110297	5.901217	2.769918
11262	-10404.06	-10906.98	502.9227	0.447028	0.260305	0.202225	0.090441	1.269478	1.219144	5.567625	2.003497
11268	-10394.99	-10897.92	502.9392	0.361002	0.344826	0.163309	0.130863	0.953381	1.188369	5.567625	2.454839
11274	-10415.77	-10918.47	502.7009	0.376771	0.396839	0.0898111	0.136579	0.953381	1.174044	6.039662	1.636207
11280	-10408.74	-10909.94	501.2065	0.353489	0.372317	0.146055	0.128139	1.225476	1.067124	7.017423	1.112573
11286	-10411.15	-10914.26	503.1131	0.293847	0.436631	0.203052	0.0664708	0.790198	1.179215	6.172703	1.088148
11292	-10391.09	-10893.88	502.7983	0.325535	0.421937	0.166203	0.0863259	0.896229	1.142374	6.07617	1.547573
11298	-10403.44	-10905.53	502.0899	0.426664	0.287673	0.201451	0.0842122	1.047276	1.073913	6.298184	1.811905
11304	-10396.06	-10896.73	500.6757	0.425386	0.296147	0.175679	0.102788	1.160579	1.080022	7.145663	1.484601
11310	-10390.27	-10891.15	500.881	0.483518	0.267601	0.157511	0.0913704	1.083307	1.064805	6.665248	2.51053
11316	-10406.75	-10907.52	500.7751	0.498375	0.251796	0.148208	0.101621	1.181445	1.064805	6.289442	3.707618
11322	-10393.93	-10895.49	501.5575	0.448857	0.272963	0.160667	0.117513	1.218016	1.163279	6.289442	2.204814
11328	-10384.51	-10885.37	500.8584	0.421173	0.347972	0.0691888	0.161667	1.337898	1.163279	6.58011	2.278977
11334	-10402.86	-10904.32	501.4604	0.411071	0.377501	0.0360423	0.175386	1.223504	1.163279	6.37053	2.125181
11340	-10410.47	-10912.19	501.7291	0.411071	0.377501	0.0360423	0.175386	1.203835	1.117169	6.426315	1.724801
11346	-10399.91	-10900.24	500.3306	0.355219	0.423832	0.0693922	0.151557	1.098774	1.049973	7.04972	2.272209
11352	-10394.08	-10894.95	500.8711	0.421287	0.312138	0.14991	0.116665	1.250807	1.144805	6.668601	2.169191
11358	-10407.22	-10908.38	501.1587	0.493916	0.332796	0.048901	0.124386	1.361438	1.122324	6.394362	2.368884
11364	-10403.86	-10905.38	501.5184	0.499593	0.26543	0.109161	0.125816	1.408683	1.210345	6.025782	2.651734
11370	-10410.16	-10911.9	501.7404	0.467373	0.248312	0.166612	0.117702	1.458524	1.111762	6.070593	2.280069
11376	-10434.45	-10937.21	502.7625	0.475992	0.252892	0.169685	0.101431	1.323487	1.175703	5.708	1.87038
11382	-10408.9	-10909.03	500.131	0.462902	0.334832	0.00660245	0.195664	1.386555	1.022896	6.601691	3.559731
11388	-10402.99	-10903.67	500.6883	0.495805	0.287808	0.00681596	0.209571	1.447629	1.063638	6.562466	2.58146
11394	-10398.14	-10898.34	500.1948	0.495803	0.287806	0.00682014	0.209571	1.498848	1.003022	6.59639	3.319167
11400	-10409.27	-10909.69	500.4142	0.611931	0.118776	0.0519465	0.217347	1.832234	1.069111	6.29271	3.319775
11406	-10398.22	-10899.08	500.8572	0.466706	0.358376	0.00915305	0.165765	1.598185	1.209782	5.63122	4.980974
11412	-10397.11	-10898.64	501.5306	0.598788	0.154968	0.0175539	0.228691	1.881049	1.157125	5.535681	3.580542
11418	-10385.1	-10886.56	501.4595	0.629848	0.210424	0.0146623	0.145066	1.8133	1.171015	5.858026	2.757425
11424	-10396.49	-10898.36	501.8646	0.527424	0.229336	0.0233733	0.219867	1.439285	1.210538	5.72387	2.938497
11430	-10407.48	-10908.48	500.9949	0.412587	0.399488	0.0144384	0.173487	1.421307	1.057831	6.498239	2.34459
11436	-10395.43	-10896.62	501.1957	0.388502	0.434953	0.0131854	0.163359	1.198077	1.060888	6.498239	2.34459
11442	-10401.61	-10901.59	499.9752	0.454058	0.322061	0.0789468	0.144934	1.503593	1.100206	6.714293	3.144847
11448	-10412.45	-10912.77	500.3213	0.535607	0.185635	0.148448	0.13031	1.67457	1.083549	6.714293	2.39273
11454	-10415.75	-10913.9	498.1465	0.571432	0.0692815	0.246583	0.112703	1.623461	0.9974439	7.447852	4.010604
11460	-10408.87	-10907.62	498.7544	0.630699	0.114683	0.113474	0.141144	1.467277	1.091044	6.804809	5.396123
11466	-10421.73	-10921.35	499.6234	0.537798	0.151326	0.184302	0.126574	1.392159	1.099518	6.267048	5.850324
11472	-10390.16	-10890.19	500.0243	0.561339	0.0613392	0.245207	0.132115	1.693374	1.096599	6.735949	2.741032
11478	-10401.46	-10901.12	499.6603	0.574256	0.0384213	0.251706	0.135617	1.552934	1.075783	7.006507	2.741032
11484	-10410.45	-10908.74	498.2971	0.551472	0.0765729	0.24172	0.130236	1.499702	1.015377	7.085604	5.356796
11490	-10409.15	-10910.61	501.4611	0.50592	0.160054	0.214548	0.119478	1.26868	1.026941	6.28283	2.491639
11496	-10409.17	-10910.29	501.116	0.480934	0.222454	0.190516	0.106096	1.052262	1.022915	6.541074	2.612417
11502	-10393.69	-10894.22	500.5233	0.446139	0.22694	0.179502	0.147419	1.231076	1.134907	6.684134	2.681556
11508	-10402.33	-10902.48	500.1561	0.398958	0.320738	0.109869	0.170435	1.53711	1.092729	7.073142	1.851666
11514	-10387.03	-10887.01	499.9868	0.46856	0.293202	0.0651268	0.173111	1.774135	1.080025	6.63793	3.018506
11520	-10390.05	-10890.3	500.2498	0.485036	0.246235	0.123348	0.145381	1.725449	1.065954	6.795649	2.244291
11526	-10418.07	-10917.42	499.3514	0.604062	0.17506	0.109659	0.111219	1.667019	1.09795	6.790769	3.776164
11532	-10423.3	-10923.23	499.9304	0.57952	0.113146	0.195734	0.1116	1.652845	1.093114	6.79656	2.770235
11538	-10413.07	-10913.14	500.0741	0.489252	0.109214	0.307316	0.0942171	1.201306	1.065078	6.949013	2.770235
11544	-10403.21	-10904.43	501.2177	0.554322	0.0762937	0.342265	0.0271196	1.201306	1.065078	6.394883	2.585189
11550	-10413.7	-10915.21	501.5144	0.514346	0.109529	0.223248	0.152877	1.235641	1.092567	5.984758	3.236335
11556	-10413.49	-10913.42	499.9262	0.515726	0.13583	0.158856	0.189588	1.710516	1.067565	6.564196	3.474733
11562	-10421.51	-10921.37	499.8606	0.400605	0.322599	0.109803	0.166993	1.353037	1.112397	7.135477	2.286613
11568	-10408.1	-10907.23	499.1317	0.409054	0.329403	0.117936	0.143608	1.251887	1.053603	7.578463	2.365172
11574	-10416.28	-10915.77	499.4932	0.44159	0.355603	0.0477769	0.15503	1.18188	1.04871	7.422676	2.365172
11580	-10421.49	-10923.66	502.1627	0.48937	0.251792	0.197737	0.0611009	1.07935	1.19343	5.993559	2.262791
11586	-10406.26	-10907.92	501.654	0.441499	0.241557	0.25973	0.0572144	1.047381	1.138411	6.258829	2.418994
11592	-10406.73	-10907.04	500.3145	0.46035	0.25187	0.165633	0.122147	1.089304	1.047122	6.875314	2.804804
11598	-10413.23	-10912.66	499.4249	0.557934	0.173833	0.108159	0.160073	1.454708	1.082786	6.78601	4.03234
11604	-10447.25	-10947.18	499.9239	0.42761	0.243052	0.204037	0.125301	1.279783	1.045755	7.338084	1.869848
11610	-10420.17	-10920.9	500.7259	0.488015	0.258153	0.183508	0.0703244	1.34304	0.9899741	6.905741	1.869848
11616	-10431	-10930.01	499.0068	0.498047	0.211697	0.223979	0.0662765	1.413641	1.00282	7.5076	2.60685
11622	-10421.01	-10922.3	501.2858	0.357563	0.35453	0.148679	0.139229	1.238307	1.176703	6.764021	1.402858
11628	-10404.34	-10903.49	499.1435	0.466564	0.166182	0.234336	0.132918	1.369078	1.028304	7.437549	2.619584
11634	-10422.66	-10921.65	498.9866	0.590285	0.148585	0.162815	0.0983149	1.626709	0.995514	7.200288	3.296475
11640	-10406.11	-10907.62	501.5091	0.563479	0.228804	0.113868	0.0938502	1.38818	1.156891	6.094609	2.58194
11646	-10400.05	-10899.59	499.5397	0.447894	0.172863	0.304644	0.074599	1.365202	1.117567	6.566443	4.743216
11652	-10398.05	-10898.85	500.7985	0.403002	0.293694	0.176561	0.126743	1.320632	1.088026	6.532027	2.635354
11658	-10415.37	-10916.32	500.9517	0.455852	0.262992	0.156881	0.124274	1.317866	1.122286	6.624593	2.11619
11664	-10417.29	-10918.3	501.0159	0.411273	0.374577	0.102029	0.112121	1.317866	1.061342	6.823702	1.63763
11670	-10395.48	-10896.03	500.5502	0.347938	0.420685	0.119623	0.111754	1.185831	1.061342	6.890211	2.246004
11676	-10407.45	-10907.76	500.3131	0.344899	0.417011	0.111002	0.127088	0.9683365	1.031086	7.145644	2.254096
11682	-10405.78	-10906.96	501.1798	0.308329	0.442974	0.116751	0.131947	0.9174695	1.085211	6.911591	1.681662
11688	-10397.61	-10900.04	502.4303	0.322621	0.463507	0.0883349	0.125536	0.8664222	1.162129	6.317062	1.473265
11694	-10386.89	-10887.85	500.9643	0.392165	0.347862	0.107376	0.152597	1.157084	1.057772	6.870735	1.782786
11700	-10410.65	-10912.33	501.6815	0.232046	0.555488	0.170483	0.0419826	0.6965875	1.096557	7.113041	0.9614256
11706	-10394.78	-10898.02	503.2452	0.214866	0.568924	0.157861	0.0583486	0.563613	1.133077	6.188477	1.217658
11712	-10403.61	-10906.35	502.7459	0.259651	0.514513	0.162851	0.0629847	0.6648153	1.011255	6.46792	1.217658
11718	-10401.15	-10904.14	502.9885	0.258326	0.511886	0.180296	0.0494923	0.6648153	1.11421	6.22226	1.333632
11724	-10400.53	-10903.48	502.9512	0.24797	0.522548	0.142556	0.0869257	0.8419982	1.130551	6.22226	1.155745
11730	-10418.54	-10920.34	501.7982	0.393407	0.289018	0.241346	0.0762281	1.267811	1.125541	6.396606	1.624334
11736	-10409.31	-10912.08	502.7684	0.373414	0.328613	0.22645	0.0715232	0.9794917	1.175398	5.936878	1.750409
11742	-10404.96	-10907.61	502.6403	0.332445	0.26786	0.295932	0.103763	0.8384528	1.156419	6.383516	1.147201
11748	-10418.03	-10921.09	503.0597	0.295121	0.350058	0.262708	0.0921136	0.9910156	1.158386	6.135604	1.023123
11754	-10401.97	-10902.98	501.0065	0.558136	0.181844	0.093811	0.166209	1.367811	1.158386	6.390857	2.542747
11760	-10393.82	-10894.69	500.8673	0.328891	0.431291	0.132375	0.107443	1.057609	1.097707	7.087473	1.483116
11766	-10415.59	-10917.17	501.5795	0.360609	0.352099	0.169486	0.117805	1.057609	1.096048	6.704408	1.483116
11772	-10411	-10911.14	500.1351	0.337227	0.39411	0.158496	0.110167	1.011059	1.043928	7.29632	2.035651
11778	-10398.96	-10900.73	501.7721	0.344999	0.403192	0.139104	0.112706	1.011059	1.063592	6.636441	1.496659
11784	-10379.15	-10880.44	501.2907	0.451466	0.342733	0.0756806	0.13012	1.090874	1.092886	6.522395	2.246013
11790	-10385.3	-10886.52	501.219	0.396082	0.36151	0.11423	0.128178	1.161451	1.064162	6.522395	2.292099
11796	-10373.83	-10875.6	501.7714	0.404792	0.369459	0.116742	0.109008	1.161451	1.148462	6.522395	1.473428
11802	-10371.01	-10872.98	501.9681	0.324007	0.375989	0.231784	0.0682197	1.123926	1.214818	6.399331	1.473428
11808	-10386.51	-10889	502.4922	0.344776	0.412561	0.143646	0.0990167	1.050581	1.18417	6.399331	1.020227
11814	-10401.06	-10901.32	500.2609	0.349263	0.434585	0.134641	0.0815111	1.050581	1.079851	7.444736	1.443896
11820	-10378.76	-10880.14	501.3796	0.322261	0.386833	0.181205	0.109701	1.082457	1.052921	6.840931	1.443896
11826	-10394.01	-10896.6	502.589	0.253368	0.367915	0.248165	0.130551	0.8155966	1.135358	6.372395	1.271219
11832	-10389.91	-10890.97	501.0581	0.324839	0.471698	0.0360852	0.167378	1.224446	1.162493	6.613423	2.062242
11838	-10391.37	-10892.79	501.4201	0.32203	0.467618	0.0444225	0.16593	1.170772	1.122163	6.754192	1.405108
11844	-10397.9	-10899.13	501.2227	0.335956	0.468751	0.0463436	0.14895	1.170772	1.106887	6.461147	2.375656
11850	-10392.79	-10894.18	501.3833	0.436299	0.395252	0.0467879	0.121661	1.198974	1.103	6.603135	1.772142
11856	-10399.51	-10901.29	501.7796	0.393343	0.356337	0.140638	0.109682	1.040181	1.073753	6.534766	1.664437
11862	-10406.85	-10908.72	501.8709	0.412899	0.388659	0.0833059	0.115136	1.178243	1.168801	6.361243	1.664437
11868	-10385.2	-10886.8	501.6043	0.39214	0.369119	0.129393	0.109347	1.098623	1.091764	6.361243	2.213987
11874	-10398.51	-10899.97	501.4574	0.329991	0.46744	0.0970433	0.105525	1.024426	1.133608	6.675032	1.687232
11880	-10395.46	-10896.68	501.2237	0.358742	0.508167	0.0183708	0.11472	1.209316	1.128927	6.460973	2.290016
11886	-10377.07	-10878.89	501.8199	0.447428	0.365536	0.0439563	0.14308	1.388545	1.17349	6.13647	2.003531
11892	-10401.15	-10903.48	502.3271	0.382688	0.412141	0.0495605	0.155611	1.056815	1.158643	6.13647	1.769122
11898	-10399.83	-10902.76	502.9352	0.403464	0.412136	0.060978	0.123422	1.056815	1.239535	5.730152	1.838825
11904	-10393.03	-10895.81	502.7866	0.439732	0.359292	0.0664595	0.134517	1.322749	1.185645	5.683572	1.88477
11910	-10389.65	-10891.55	501.9009	0.346007	0.405261	0.09585	0.152882	1.225413	1.150832	6.235017	1.88477
11916	-10403.48	-10904.34	500.857	0.452728	0.257819	0.192193	0.0972606	1.219083	1.146506	6.446311	2.849346
11922	-10386.84	-10888.36	501.5273	0.453475	0.243836	0.18177	0.12092	1.368561	1.17772	6.078468	2.594384
11928	-10389.13	-10891.03	501.8943	0.589731	0.136081	0.131655	0.142533	1.63607	1.275067	5.70151	2.586525
11934	-10383.33	-10884.43	501.0969	0.584779	0.140296	0.111441	0.163484	1.456386	1.194221	5.908136	3.704811
11940	-10403.24	-10902.53	499.2948	0.584052	0.193614	0.0983863	0.123948	1.976548	1.110031	6.646644	3.907299
11946	-10386.83	-10887.09	500.2573	0.53933	0.215893	0.129741	0.115036	1.698633	1.154939	6.646644	2.538958
11952	-10392.82	-10892.85	500.0305	0.512118	0.228646	0.137405	0.121831	1.638874	1.156686	6.51505	3.395175
11958	-10403.55	-10903.98	500.4383	0.521626	0.137026	0.217255	0.124093	1.803436	1.156686	6.416971	2.783855
11964	-10397.25	-10898.29	501.0389	0.54008	0.130078	0.170701	0.159141	1.470031	1.167133	6.101389	3.194083
11970	-10391.68	-10891.2	499.5162	0.583121	0.0963789	0.148676	0.171824	1.617392	1.041171	6.690626	4.008375
11976	-10389.81	-10892.08	502.2712	0.510249	0.209303	0.130096	0.150352	1.286109	1.130527	6.016612	1.87822
11982	-10396.57	-10897.21	500.6426	0.509647	0.199655	0.140524	0.150174	1.432869	1.187115	6.332283	3.166669
11988	-10396.28	-10897.38	501.1025	0.509647	0.199655	0.140524	0.150174	1.316771	1.120658	6.174975	3.166669
11994	-10393.11	-10892.61	499.4982	0.551425	0.192714	0.111536	0.144325	1.474688	1.130509	6.713835	4.022687
12000	-10391.75	-10891.53	499.7762	0.517656	0.196107	0.16886	0.117377	1.474688	1.159434	6.745494	3.332021
12006	-10401.76	-10903.35	501.585	0.517656	0.196107	0.16886	0.117377	1.467597	1.159434	6.025421	2.549169
12012	-10390.47	-10891.11	500.6451	0.511196	0.206139	0.166753	0.115912	1.273104	1.064006	6.802362	2.222988
12018	-10408.47	-10907.77	499.2997	0.504686	0.203513	0.177365	0.114436	1.387604	1.020327	7.068233	3.500955
12024	-10407.66	-10908.01	500.3484	0.496591	0.212122	0.177312	0.113975	1.600741	1.090742	6.181655	4.151867
12030	-10393.83	-10893.68	499.851	0.629788	0.0601609	0.155296	0.154755	1.600741	1.033898	6.759571	3.18644
12036	-10405.88	-10905.08	499.1996	0.559518	0.114511	0.188484	0.137488	1.589586	1.019586	6.918945	3.886448
12042	-10410.49	-10911.48	500.9887	0.568723	0.17547	0.139187	0.11662	1.506361	1.070275	6.46805	2.308949
12048	-10423.72	-10923.77	500.0545	0.586749	0.131387	0.118625	0.163239	1.384324	1.03149	6.592001	3.724973
12054	-10413.66	-10911.76	498.1012	0.521604	0.116799	0.222097	0.1395	1.980205	1.031383	7.53565	3.198902
12060	-10424.93	-10925.07	500.1379	0.521457	0.0566118	0.302377	0.119554	1.979108	1.031383	6.635905	2.604489
12066	-10418.86	-10918.12	499.2561	0.622551	0.0675871	0.197271	0.112591	1.60802	1.031383	7.185138	2.853269
12072	-10424.77	-10923.6	498.8308	0.550429	0.0597571	0.290267	0.0995472	1.253002	1.03809	7.185138	4.193694
12078	-10420	-10918.98	498.9791	0.580139	0.00900677	0.305934	0.10492	1.442035	0.938153	7.185138	3.758431
12084	-10432.09	-10933.34	501.2583	0.583973	0.0520486	0.307956	0.0560227	1.549022	1.097575	6.190153	2.573484
12090	-10436.04	-10935.43	499.3936	0.563	0.0501793	0.33096	0.0558614	1.228119	1.077818	6.921769	4.011302
12096	-10411.79	-10911.8	500.0102	0.526051	0.0468861	0.357436	0.0696266	1.603221	1.052419	6.846961	2.626927
12102	-10421.69	-10921.85	500.1537	0.526051	0.0468861	0.357436	0.0696266	1.43444	1.1043	6.651751	3.133411
12108	-10404.07	-10905.88	501.8106	0.566446	0.0465555	0.312026	0.0749731	1.43444	1.20897	5.790176	2.83845
12114	-10391.56	-10893.36	501.8011	0.224517	0.50151	0.238743	0.0352291	0.8456264	1.127058	6.740998	1.363342
12120	-10414.52	-10917.05	502.5306	0.249285	0.467118	0.200868	0.0827285	1.024095	1.179381	6.245324	1.309974
12126	-10404.11	-10905.66	501.5447	0.373888	0.383027	0.148851	0.0942338	0.9133495	1.045674	6.855257	1.426524
12132	-10402.59	-10903.55	500.9677	0.310501	0.35183	0.246442	0.0912276	0.9775009	1.066758	6.832371	2.090273
12138	-10391.04	-10894.08	503.0337	0.388878	0.371336	0.0692542	0.170532	1.136886	1.231706	5.533048	2.090273
12144	-10400.51	-10903.94	503.4322	0.348415	0.432044	0.0667536	0.152788	1.043564	1.231706	5.533048	1.692621
12150	-10393.85	-10897.04	503.1919	0.298885	0.476997	0.0675663	0.156551	1.006451	1.267992	5.772811	1.46012
12156	-10407.68	-10909.58	501.9018	0.317226	0.506268	0.064876	0.11163	0.9543114	1.092181	6.610788	1.43492
12162	-10415.51	-10916.98	501.4709	0.393824	0.44532	0.0626642	0.0981915	1.212998	1.095552	6.668958	1.512441
12168	-10396.01	-10897	500.9928	0.325068	0.479453	0.0897608	0.105718	1.015781	1.081363	6.790632	2.089449
12174	-10424.43	-10924.47	500.0417	0.32383	0.435501	0.135353	0.105315	1.002028	1.003369	7.569017	1.574014
12180	-10409.34	-10909.2	499.867	0.340571	0.424719	0.132002	0.102708	0.9390323	0.9565774	7.780724	1.445073
12186	-10408.02	-10907.51	499.4881	0.334014	0.470234	0.0683336	0.127419	1.129918	0.9888888	7.899215	1.372506
12192	-10425.53	-10923.85	498.3139	0.549559	0.114017	0.26662	0.0698043	1.546164	0.9140916	7.914288	2.464581
12198	-10415.11	-10913.59	498.4763	0.573195	0.0759124	0.278086	0.0728065	1.546164	0.9901613	7.680326	2.772085
12204	-10397.83	-10899.8	501.9688	0.279411	0.565121	0.0409836	0.114484	0.9897214	1.083016	6.469944	1.629855
12210	-10405.87	-10906.64	500.777	0.343549	0.45612	0.0595679	0.140764	1.060771	1.042324	7.001208	1.851251
12216	-10405.53	-10906.37	500.8414	0.326173	0.416862	0.123321	0.133644	0.9608827	1.109616	7.001208	1.810464
12222	-10409.44	-10910.35	500.911	0.403966	0.419748	0.0894812	0.0868053	0.9290974	1.109616	7.038792	1.677183
12228	-10392.28	-10894.25	501.9653	0.396984	0.311783	0.241943	0.0492903	0.827597	1.24703	6.156164	2.40759
12234	-10394.15	-10895.69	501.5329	0.316287	0.389125	0.245377	0.0492113	0.8943885	1.206226	6.266712	2.713169
12240	-10385.38	-10887.33	501.9517	0.33011	0.34885	0.2561	0.0649406	0.9387219	1.098428	6.35	1.976222
12246	-10404.74	-10906.58	501.8417	0.303977	0.418708	0.163093	0.114222	0.9494042	1.12741	6.278717	2.252244
12252	-10405.17	-10906.77	501.5991	0.423748	0.332202	0.143529	0.10052	0.983956	1.187588	6.127718	2.900981
12258	-10400.83	-10901.99	501.1639	0.462556	0.370644	0.066254	0.100546	1.206894	1.187588	6.020271	3.63017
12264	-10412.61	-10912.24	499.6282	0.503633	0.246476	0.140416	0.109475	1.540624	1.134529	6.618215	3.995048
12270	-10396	-10896.46	500.4621	0.570986	0.0778545	0.214218	0.136942	1.540624	1.082596	6.618215	2.618116
12276	-10402.05	-10901.93	499.8757	0.585005	0.0797661	0.219478	0.115751	1.675422	1.13063	6.225985	4.771138
12282	-10393.39	-10894.38	500.9957	0.578212	0.0680367	0.267593	0.0861584	1.116008	1.229573	5.924209	4.407674
12288	-10385.19	-10886.49	501.2994	0.577873	0.0685816	0.267437	0.086108	1.473222	1.144636	5.924209	3.341945
12294	-10395.03	-10896.4	501.3642	0.512187	0.178048	0.23432	0.075445	1.136449	1.044649	6.363118	2.57633
12300	-10400.86	-10901.39	500.5234	0.478303	0.309259	0.0545582	0.15788	1.307973	1.082899	6.248492	4.082689
12306	-10406.6	-10908.12	501.5142	0.466389	0.257839	0.107304	0.168469	1.144305	1.186928	6.003273	3.163985
12312	-10403.1	-10903.41	500.3079	0.485626	0.16097	0.280945	0.0724582	1.280357	1.115774	6.663087	3.051761
12318	-10407.75	-10908.85	501.0968	0.545749	0.118603	0.194843	0.140805	1.272614	1.035026	6.442943	2.578666
12324	-10397.19	-10898.76	501.5745	0.397371	0.309194	0.215577	0.0778579	1.187904	1.112262	6.494958	1.784489
12330	-10423.34	-10923.92	500.5824	0.563462	0.0839629	0.242175	0.110401	1.187904	1.135815	6.494958	3.227613
12336	-10392.6	-10894.57	501.9703	0.346464	0.419798	0.112432	0.121305	1.410837	1.087552	6.078445	2.033306
12342	-10393.61	-10895.17	501.5644	0.369262	0.423412	0.0531954	0.154131	1.05953	1.10416	6.021029	3.307915
12348	-10396.01	-10897.44	501.4269	0.452644	0.352879	0.0443339	0.150144	1.355322	1.137085	6.176144	2.55389
12354	-10389.82	-10891.56	501.7414	0.405636	0.422247	0.0375666	0.134551	1.176289	1.165583	5.887127	3.123445
12360	-10394.55	-10896.34	501.7946	0.470818	0.353762	0.0192479	0.156172	1.395635	1.1779	6.032905	2.286057
12366	-10410.18	-10911.95	501.7763	0.456139	0.330176	0.0623822	0.151303	1.317152	1.163067	5.785327	3.162457
12372	-10413.94	-10915	501.064	0.527233	0.250989	0.126855	0.0949226	1.604717	1.20715	6.054519	3.033463
12378	-10415.32	-10914.55	499.2324	0.527233	0.250989	0.126855	0.0949226	1.604717	1.13849	6.560698	4.945282
12384	-10421.02	-10920.49	499.4706	0.673806	0.100227	0.0519527	0.174014	1.728826	1.07882	6.555258	4.350766
12390	-10413.47	-10916.79	503.3189	0.357908	0.510889	0.0143707	0.116832	1.088875	1.225854	5.483842	1.899672
12396	-10415.52	-10918.02	502.5026	0.420711	0.451134	0.0169806	0.111175	1.3245	1.263585	5.439398	2.82347
12402	-10402.43	-10904.7	502.269	0.474052	0.301131	0.0290792	0.195737	1.218255	1.245054	5.472893	3.312911
12408	-10403.72	-10906.58	502.8549	0.437723	0.313108	0.0268507	0.222318	1.218255	1.310566	5.375029	2.53544
12414	-10410.49	-10913.81	503.3242	0.476999	0.341202	0.0139112	0.167888	1.282827	1.351834	5.113326	2.39074
12420	-10411.08	-10910.85	499.767	0.477251	0.218073	0.117451	0.187225	1.340567	1.163447	6.317951	5.220537
12426	-10412.62	-10913.19	500.5743	0.454602	0.360221	0.0165242	0.168653	1.27174	1.095003	6.615311	2.805902
12432	-10402.52	-10902.25	499.7298	0.434159	0.329087	0.017331	0.219423	1.439955	1.095003	7.055617	2.61229
12438	-10399.15	-10899.41	500.2581	0.458731	0.356406	0.0476605	0.137202	1.519411	1.07302	6.678044	2.808783
12444	-10413.92	-10914.87	500.943	0.425899	0.402469	0.0442494	0.127383	1.356179	1.133214	6.690097	1.905257
12450	-10392.31	-10892.74	500.4382	0.635778	0.124903	0.0660551	0.173264	1.273236	1.133214	6.144493	4.626156
12456	-10393.63	-10893.39	499.7584	0.582579	0.147586	0.0949876	0.174848	1.631878	1.082249	6.46045	4.273714
12462	-10394.58	-10895	500.4152	0.559286	0.160855	0.103527	0.176332	1.452893	1.048981	6.876924	2.146552
12468	-10393.21	-10894.53	501.3277	0.51383	0.229057	0.095113	0.162	1.579443	1.173207	6.270421	2.112613
12474	-10374.94	-10876.26	501.3113	0.599647	0.121591	0.103122	0.175641	1.441989	1.148406	6.048264	2.970508
12480	-10382.37	-10884.31	501.9465	0.510707	0.251876	0.0878268	0.14959	1.264162	1.17654	6.095385	2.082615
12486	-10390.91	-10891.99	501.0752	0.477818	0.305937	0.097728	0.118517	1.445177	1.157285	6.505363	2.045615
12492	-10390.15	-10891.28	501.1301	0.346736	0.44473	0.122529	0.086004	0.9782046	1.11108	6.738213	2.045615
12498	-10409.1	-10911.15	502.0514	0.394324	0.383341	0.117231	0.105104	0.960454	1.146648	6.308035	1.855596
12504	-10403.48	-10905.52	502.0408	0.381244	0.388949	0.113342	0.116465	0.999033	1.112787	6.235315	2.038813
12510	-10399.04	-10899.78	500.7399	0.441044	0.342339	0.0818846	0.134732	1.338358	1.067961	6.802307	2.006108
12516	-10403.33	-10904.93	501.6029	0.449733	0.311666	0.0999398	0.13866	1.224513	1.155188	6.541239	1.551829
12522	-10397.33	-10898.45	501.1171	0.44413	0.320243	0.0986945	0.136933	1.224513	1.160726	6.433705	2.451765
12528	-10400.59	-10902.44	501.8534	0.415395	0.298446	0.208454	0.0777051	1.040791	1.17091	6.420325	1.712921
12534	-10383.67	-10884.98	501.3038	0.433186	0.286886	0.165956	0.113972	1.085776	1.156078	6.53495	2.114353
12540	-10385.61	-10887.24	501.6294	0.35897	0.370479	0.208975	0.0615761	0.9941712	1.110889	6.459466	2.045822
12546	-10415.94	-10918.64	502.7035	0.357315	0.368771	0.195942	0.0779722	1.078057	1.145405	6.038659	1.522017
12552	-10433.45	-10934.27	500.8248	0.398293	0.296381	0.218412	0.086914	1.012703	1.138378	6.462261	3.20262
12558	-10401.57	-10902.98	501.409	0.376302	0.3252	0.206353	0.0921442	1.087841	1.093747	6.462261	2.238687
12564	-10385.44	-10887.08	501.6458	0.397133	0.323123	0.241587	0.0381579	1.010737	1.134404	6.432608	2.036515
12570	-10376.45	-10877.66	501.2112	0.368763	0.31953	0.273973	0.0377337	1.073955	1.130568	6.542387	2.276425
12576	-10378.84	-10879.23	500.3947	0.457939	0.183112	0.303266	0.0556827	1.484072	1.130568	6.523288	3.009446
12582	-10389.26	-10890.85	501.5914	0.480337	0.262516	0.198175	0.0589717	1.184918	1.130568	6.104336	2.758111
12588	-10387.59	-10887.81	500.2243	0.441154	0.295202	0.182009	0.0816353	1.360134	1.054474	6.798972	2.758111
12594	-10399.92	-10899.91	499.994	0.452928	0.312094	0.13678	0.0981972	1.460552	1.183498	6.325812	4.393899
12600	-10405.45	-10906.36	500.9122	0.459216	0.316427	0.124796	0.0995606	1.272604	1.122694	6.258084	3.299263
12606	-10400.24	-10902.31	502.0718	0.386955	0.266635	0.295346	0.0510643	1.163686	1.203404	6.012672	2.212611
12612	-10378.86	-10881.3	502.4391	0.382899	0.311349	0.208854	0.096898	0.9762365	1.156607	6.162611	1.673067
12618	-10390.05	-10892.69	502.6404	0.431063	0.289214	0.194006	0.0857172	0.9762365	1.165221	5.982484	1.823179
12624	-10405.42	-10907.56	502.1455	0.390093	0.377294	0.161289	0.0713235	1.042641	1.180211	6.057759	2.190631
12630	-10397.71	-10898.45	500.7406	0.390093	0.377294	0.161289	0.0713235	1.138925	1.148814	6.898074	1.909833
12636	-10415.56	-10917.29	501.7265	0.393014	0.365605	0.18884	0.0525404	0.9325052	1.17153	6.425088	2.002866
12642	-10407.27	-10909.31	502.0383	0.344357	0.371135	0.222904	0.0616044	0.9738277	1.159324	6.252898	1.97072
12648	-10402.98	-10905.01	502.0289	0.310866	0.447697	0.201225	0.040212	0.821207	1.216019	6.252898	2.117899
12654	-10403.54	-10906.71	503.1665	0.247522	0.488754	0.231706	0.0320181	0.7690818	1.211588	5.990302	1.378453
12660	-10423.66	-10925.75	502.0895	0.458211	0.182338	0.216897	0.142554	1.487322	1.147856	6.025288	1.838401
12666	-10419.04	-10920.25	501.2107	0.347274	0.415919	0.142892	0.0939147	1.125768	1.084356	6.642436	2.015993
12672	-10408.62	-10909.6	500.9815	0.434687	0.282374	0.179312	0.103627	0.9821439	1.018678	6.753105	2.338173
12678	-10413.54	-10913.71	500.1661	0.398076	0.306679	0.194746	0.100499	1.307359	1.090987	6.985635	2.338173
12684	-10395.58	-10896.99	501.408	0.531759	0.160578	0.173414	0.134249	1.47111	1.119471	6.219343	2.338173
12690	-10391.2	-10891.09	499.8938	0.497847	0.227705	0.130255	0.144193	1.47111	1.105747	6.627658	3.619271
12696	-10400.07	-10900.86	500.7953	0.501057	0.229174	0.106241	0.163528	1.591506	1.137636	6.627658	1.976205
12702	-10397.73	-10898.33	500.6026	0.561271	0.135913	0.188144	0.114671	1.565354	1.148785	6.436225	2.78843
12708	-10412.54	-10913.08	500.5465	0.563947	0.112816	0.205313	0.117924	1.353088	1.148785	6.226873	3.902964
12714	-10396.23	-10897.82	501.5867	0.551203	0.144113	0.131364	0.17332	1.4068	1.254522	5.615136	3.7596
12720	-10405.41	-10905.63	500.2178	0.502535	0.25512	0.0843282	0.158017	1.498745	1.099933	6.566366	3.206098
12726	-10418.08	-10917.65	499.5734	0.484023	0.282559	0.0812218	0.152196	1.345153	1.022515	7.356626	2.247293
12732	-10423.92	-10924.44	500.5143	0.534921	0.246857	0.0852561	0.132966	1.348407	1.208431	6.254348	3.759753
12738	-10437.61	-10939.09	501.4786	0.566547	0.175209	0.117417	0.140827	1.532364	1.138546	5.972772	2.811667
12744	-10433.25	-10932.43	499.1877	0.590965	0.0721869	0.150154	0.186694	1.684621	1.135813	6.469412	5.296674
12750	-10409.14	-10909.39	500.2515	0.671641	0.0315964	0.131391	0.165372	1.674378	1.177717	6.119349	4.282579
12756	-10407.28	-10907.71	500.4268	0.625925	0.0573921	0.147028	0.169654	1.674378	1.085989	6.241945	3.669018
12762	-10419.83	-10920.45	500.6191	0.628382	0.0472763	0.0567115	0.26763	1.629477	1.138998	5.7493	5.137743
12768	-10407.98	-10908.83	500.8508	0.518883	0.245955	0.0355755	0.199586	1.368838	1.168645	5.720101	5.177693
12774	-10418.31	-10920.36	502.0543	0.568863	0.1243	0.0445508	0.262287	1.909518	1.317668	5.199051	3.405142
12780	-10398.11	-10900.05	501.9418	0.53813	0.117865	0.0958886	0.248117	1.954271	1.225077	5.199051	3.722188
12786	-10402.66	-10904.51	501.8454	0.540948	0.113245	0.0963908	0.249416	1.465214	1.209458	5.667115	3.108151
12792	-10452.49	-10953.11	500.612	0.437793	0.361975	0.10007	0.100162	1.156185	1.042024	6.421829	3.643308
12798	-10450.08	-10951.98	501.8939	0.374356	0.395396	0.155418	0.0748298	1.133202	1.094599	6.360372	1.782875
12804	-10403.31	-10904.32	501.0131	0.600602	0.0577704	0.243055	0.0985722	1.414795	1.0601	6.180698	3.256189
12810	-10392.85	-10894.15	501.3039	0.450755	0.255549	0.219755	0.0739402	1.093829	1.11976	6.411256	2.482152
12816	-10394.3	-10893.43	499.1324	0.519502	0.182625	0.190321	0.107552	1.286073	1.067742	6.944487	4.371775
12822	-10404.16	-10903.94	499.7838	0.381377	0.252355	0.297408	0.0688594	1.124945	1.003697	7.393772	2.169845
12828	-10402.49	-10901.98	499.4905	0.39914	0.266719	0.279168	0.0549729	1.020041	0.9904875	7.388102	2.797108
12834	-10410.65	-10910.08	499.4279	0.403095	0.291673	0.257344	0.0478875	1.107667	1.006115	7.586253	2.185085
12840	-10433.07	-10932.23	499.1584	0.43797	0.188438	0.279609	0.0939837	1.123458	0.9732324	7.586253	2.605859
12846	-10425.09	-10926.51	501.4249	0.432113	0.200988	0.27587	0.0910296	1.123458	1.055813	6.417629	2.338549
12852	-10406.52	-10908.14	501.6215	0.44274	0.203329	0.263777	0.0901541	1.128047	1.099288	6.417629	1.99908
12858	-10402.79	-10904.95	502.1641	0.500203	0.20932	0.205216	0.085261	1.128279	1.201101	5.985057	2.204954
12864	-10412.95	-10914.28	501.3376	0.524385	0.19548	0.180679	0.0994554	1.362846	1.198584	5.985057	3.156025
12870	-10424.41	-10925.45	501.0358	0.618689	0.0507969	0.213172	0.117341	1.427788	1.086142	6.441451	2.388159
12876	-10406.28	-10907.17	500.8899	0.477482	0.220306	0.131454	0.170758	1.464976	1.15832	6.367281	2.656668
12882	-10401.54	-10902.79	501.247	0.512298	0.234003	0.0748097	0.178889	1.434802	1.065264	6.238225	2.656668
12888	-10418.6	-10920.91	502.3114	0.457243	0.312074	0.087515	0.143169	1.45863	1.150345	6.050234	1.538424
12894	-10408.95	-10909.01	500.059	0.47534	0.198071	0.247644	0.0789449	1.255835	1.07321	7.065071	2.374135
12900	-10390.33	-10890.66	500.3362	0.432264	0.328516	0.12368	0.11554	1.253055	1.067007	6.788799	2.745762
12906	-10387.04	-10889.48	502.4412	0.437025	0.296617	0.189235	0.0771237	1.183195	1.133439	5.942255	1.955657
12912	-10382.89	-10884.51	501.6205	0.416896	0.253629	0.263529	0.0659464	1.180064	1.12369	6.232195	2.373247
12918	-10410.64	-10912.56	501.9243	0.436096	0.26531	0.22961	0.0689836	1.056248	1.097114	6.232195	2.149426
12924	-10417.74	-10920.12	502.3816	0.393572	0.273193	0.286695	0.0465399	1.197326	1.211697	5.661228	2.64484
12930	-10412	-10914.46	502.4584	0.460888	0.193559	0.297293	0.0482603	1.248784	1.189076	5.86139	1.973623
12936	-10401.75	-10903.85	502.1057	0.47022	0.174662	0.303312	0.0518057	1.057936	1.108879	6.147836	2.0949
12942	-10429	-10927.76	498.7586	0.589694	0.0646949	0.252275	0.0933365	1.322644	1.130684	6.834276	5.470043
12948	-10425.01	-10924.95	499.9363	0.401234	0.350423	0.195954	0.0523891	1.250025	1.10527	6.246569	5.470043
12954	-10428.2	-10929.76	501.5633	0.360229	0.376814	0.190921	0.0720351	1.096107	1.056256	6.102558	3.071665
12960	-10417.13	-10917.98	500.8508	0.404464	0.422458	0.128518	0.0445598	1.158561	1.001224	6.80411	2.169012
12966	-10423.55	-10924.47	500.9224	0.368559	0.384955	0.170428	0.0760577	1.207877	1.071235	6.817455	1.883561
12972	-10414.94	-10915.43	500.4944	0.588858	0.168991	0.088126	0.154025	1.481696	1.194875	6.231347	3.679585
12978	-10418.44	-10920.35	501.9047	0.51927	0.168632	0.140191	0.171907	1.626882	1.194875	5.847805	2.304915
12984	-10398.11	-10899.36	501.2508	0.37705	0.383208	0.153857	0.0858847	0.9387066	1.088954	6.533592	2.500889
12990	-10396.81	-10899.31	502.5022	0.338467	0.446323	0.138113	0.0770963	0.9352554	1.106789	6.239899	1.536956
12996	-10388.92	-10890.46	501.5411	0.397343	0.305259	0.192398	0.105	0.9979549	1.171125	6.297428	2.505883
13002	-10399.87	-10901.8	501.9299	0.401299	0.308298	0.194314	0.0960893	1.235701	1.163981	6.377674	1.499867
13008	-10396.22	-10897.31	501.0829	0.454506	0.349174	0.0874902	0.108829	1.463814	1.066494	6.413105	2.378244
13014	-10399.99	-10900.9	500.9106	0.433021	0.238018	0.244957	0.084005	1.479531	1.079629	6.428259	2.553571
13020	-10408.33	-10909.81	501.4723	0.544868	0.142956	0.232624	0.0795517	1.298438	1.072019	6.577872	1.644431
13026	-10398.51	-10899.43	500.921	0.51276	0.126408	0.290533	0.0702989	1.375098	1.072019	6.528987	2.408878
13032	-10398.36	-10897.82	499.4603	0.502832	0.228418	0.120024	0.148726	1.296162	1.089822	6.68928	4.616473
13038	-10399.87	-10900.22	500.3491	0.448793	0.331946	0.10455	0.114712	1.403017	1.09914	6.76623	2.52993
13044	-10388.64	-10888.9	500.2581	0.440314	0.327104	0.119544	0.113039	1.403017	1.135211	6.795849	2.52993
13050	-10379.23	-10880.62	501.3973	0.412389	0.306359	0.171599	0.109653	1.238524	1.103965	6.345155	2.344178
13056	-10387.33	-10888.7	501.368	0.465335	0.278755	0.156137	0.0997729	1.094265	1.112377	6.345155	2.57993
13062	-10380.23	-10881.28	501.0447	0.468381	0.280579	0.157159	0.0938803	1.148634	1.13809	6.362699	2.917335
13068	-10387.44	-10887.97	500.5339	0.439079	0.277305	0.152434	0.131182	1.346043	1.127043	6.792999	2.221587
13074	-10399.41	-10900.17	500.7649	0.448544	0.234332	0.217764	0.0993604	1.130152	1.1326	6.592878	2.721316
13080	-10402.58	-10902.85	500.2759	0.464572	0.269525	0.162992	0.102911	1.254103	1.115524	6.592878	3.376012
13086	-10399.85	-10901.38	501.5341	0.453473	0.314002	0.144134	0.0883902	1.244747	1.094666	6.657043	1.432
13092	-10403.1	-10902.78	499.682	0.442175	0.34957	0.109852	0.0984024	1.179992	1.076697	6.848251	3.803784
13098	-10401.19	-10901.34	500.1477	0.470106	0.309628	0.0651144	0.155151	1.380953	1.060928	6.848251	2.695202
13104	-10391	-10890.42	499.4192	0.470106	0.309628	0.0651144	0.155151	1.460566	1.056233	7.304146	2.414621
13110	-10384.62	-10885.14	500.5198	0.463106	0.363626	0.0615226	0.111745	1.351213	1.056233	6.779859	2.37139
13116	-10394.16	-10895.47	501.3104	0.36656	0.287819	0.257172	0.0884491	1.133228	1.087731	6.779859	1.557904
13122	-10401.46	-10902.21	500.7524	0.444287	0.271614	0.204473	0.0796257	1.133228	1.074238	6.818769	2.200498
13128	-10396.68	-10898.56	501.8787	0.411591	0.249927	0.188146	0.150335	1.207888	1.03079	6.193744	2.200498
13134	-10392.89	-10893.29	500.4059	0.472023	0.175609	0.21577	0.136598	1.230972	1.025602	6.820052	2.64286
13140	-10395.45	-10895.77	500.3245	0.440682	0.275143	0.156647	0.127528	1.220697	1.078849	6.724834	2.987187
13146	-10404.06	-10904.98	500.9235	0.397103	0.289932	0.165066	0.147899	1.097748	0.9743104	6.7938	2.213618
13152	-10412.09	-10912.12	500.0242	0.322908	0.422601	0.134225	0.120265	1.194253	0.9647487	7.607938	1.341042
13158	-10400.68	-10900.72	500.0382	0.411604	0.339249	0.183844	0.0653033	1.053518	1.0098	7.082004	2.748987
13164	-10407.68	-10906.61	498.934	0.41738	0.344009	0.135063	0.103548	1.529358	1.055034	7.412143	2.760169
13170	-10396.92	-10897.19	500.2664	0.414888	0.290616	0.189741	0.104754	1.092977	1.060527	7.263486	1.816968
13176	-10418.49	-10917.75	499.2621	0.414888	0.290616	0.189741	0.104754	1.302281	1.053652	7.320867	2.831147
13182	-10413.4	-10913.91	500.5035	0.44792	0.347835	0.111998	0.0922465	0.9941062	1.041483	7.059462	2.160842
13188	-10421.52	-10921.79	500.271	0.420776	0.326756	0.196504	0.0559637	1.315292	1.041483	7.059462	2.058636
13194	-10401.91	-10902.32	500.4089	0.456313	0.345119	0.0873787	0.11119	1.281394	1.026346	6.868941	2.429102
13200	-10421.14	-10920.17	499.0344	0.457526	0.346036	0.0876109	0.108828	1.426668	0.9880088	7.398997	2.889721
13206	-10407.58	-10907.22	499.6377	0.464503	0.351313	0.0736971	0.110487	1.37374	0.9909781	7.367446	2.13739
13212	-10399.44	-10899.7	500.2619	0.402494	0.391189	0.15522	0.0510971	1.169241	1.07045	7.367446	1.487052
13218	-10420.68	-10922.26	501.5868	0.460006	0.271806	0.184477	0.0837101	0.945513	1.046569	6.58527	1.944206
13224	-10414.19	-10914.61	500.4218	0.444034	0.262368	0.178072	0.115526	0.8470484	0.9704115	7.314672	1.929188
13230	-10400.81	-10901.56	500.7496	0.411834	0.237656	0.296034	0.0544755	0.9047055	1.052354	7.080253	1.886319
13236	-10386.36	-10887.27	500.9079	0.399379	0.258992	0.287081	0.0545475	1.153525	1.052735	6.795554	2.048654
13242	-10409.71	-10912.04	502.3252	0.352625	0.340114	0.220544	0.0867174	1.012624	1.197805	5.814812	2.597081
13248	-10400.83	-10903.24	502.4036	0.551697	0.0898455	0.308649	0.0498081	1.385805	1.308963	5.549099	2.510269
13254	-10411.41	-10912.91	501.4923	0.50525	0.099154	0.340627	0.0549685	1.315615	1.154829	6.074764	2.770442
13260	-10414.81	-10915.04	500.2296	0.559298	0.0085977	0.3604	0.071704	1.441707	1.106974	6.280628	4.268974
13266	-10429.45	-10929.64	500.1945	0.548308	0.0151899	0.353318	0.0831843	1.400536	1.178484	6.280628	4.268974
13272	-10427.32	-10930.37	503.0442	0.547273	0.0599781	0.299394	0.0933552	1.32953	1.207579	5.482912	1.989114
13278	-10420.55	-10922.48	501.9274	0.529441	0.0580238	0.322222	0.0903133	1.255504	1.164846	5.916761	2.613407
13284	-10389.94	-10889.87	499.9345	0.461585	0.140373	0.306986	0.0910561	1.241179	1.006357	6.91718	3.133991
13290	-10395.6	-10894.9	499.2956	0.473552	0.13207	0.308707	0.0856704	1.189257	0.9820627	7.481836	2.584414
13296	-10396.73	-10898.85	502.1205	0.509631	0.142448	0.283171	0.0647489	1.485175	1.107766	5.984888	1.948399
13302	-10400.11	-10903.73	503.6208	0.443299	0.162855	0.302597	0.0912486	1.271189	1.185071	5.248024	1.891275
13308	-10415.36	-10917.69	502.3305	0.534118	0.1884	0.149205	0.128277	1.49184	1.250426	5.248024	3.483089
13314	-10415.93	-10917.44	501.5091	0.436006	0.238134	0.188593	0.137267	1.121528	1.128172	6.37686	2.22493
13320	-10420.93	-10922.18	501.248	0.473434	0.197045	0.21683	0.112691	1.436507	1.129094	6.37686	2.182768
13326	-10406.79	-10907.44	500.6587	0.425357	0.272006	0.221674	0.0809631	1.119488	1.136277	6.37686	3.600682
13332	-10393.4	-10895.74	502.3368	0.405998	0.34853	0.166698	0.0787739	1.107465	1.144849	6.160426	1.658981
13338	-10415.19	-10917.69	502.5061	0.371844	0.493326	0.080519	0.0543105	0.9526098	1.143235	6.106566	1.763405
13344	-10402.23	-10904.12	501.8977	0.419979	0.427738	0.0909421	0.061341	0.9158021	1.054545	6.287766	2.301435
13350	-10409.23	-10910.51	501.2762	0.409619	0.287529	0.215722	0.0871302	1.038398	1.067766	6.550699	2.301435
13356	-10409.41	-10910.62	501.203	0.439773	0.205033	0.270153	0.0850408	1.166046	1.031345	6.531169	2.332703
13362	-10421.59	-10923.65	502.0627	0.414075	0.254922	0.304739	0.0262634	1.100519	1.027097	6.162036	2.173506
13368	-10400.87	-10901.86	500.989	0.35939	0.318139	0.254047	0.0684249	0.9212814	1.0284	6.799709	2.277915
13374	-10420.58	-10921.03	500.4534	0.355337	0.314551	0.251182	0.0789289	1.03835	1.022292	7.028264	2.277915
13380	-10404.27	-10904.44	500.1738	0.420369	0.283476	0.226367	0.0697885	1.460971	1.028233	7.028264	2.110977
13386	-10410.76	-10911.04	500.2789	0.339358	0.364218	0.186873	0.109551	0.9363438	1.018054	7.338307	1.876593
13392	-10417.28	-10917.89	500.6174	0.449166	0.307641	0.119373	0.12382	1.445381	1.030841	6.63873	2.527837
13398	-10410.59	-10911.86	501.2721	0.480156	0.264521	0.131711	0.123612	1.367563	1.136377	6.052935	3.154334
13404	-10392.02	-10892.9	500.877	0.413308	0.28339	0.202539	0.100763	1.196661	1.124442	6.495108	2.742203
13410	-10401.04	-10903.99	502.9511	0.411999	0.319037	0.179609	0.0893549	1.18433	1.141856	5.567127	2.179931
13416	-10399.5	-10902.3	502.8028	0.447248	0.232192	0.22356	0.0969999	1.126898	1.229043	5.947169	1.449689
13422	-10400.02	-10902.04	502.0211	0.511309	0.168962	0.255581	0.0641481	1.291797	1.094633	6.097006	2.053965
13428	-10409.29	-10911.31	502.0195	0.437027	0.194644	0.29443	0.0738988	1.32543	1.157357	6.097006	1.932025
13434	-10402.62	-10905.94	503.3205	0.44019	0.270481	0.214895	0.0744337	1.14432	1.214842	5.606204	1.568962
13440	-10384.28	-10884.54	500.2551	0.401879	0.375706	0.177177	0.0452375	1.167133	1.022186	7.077393	2.252392
13446	-10387	-10888.96	501.9615	0.471202	0.258188	0.207739	0.0628708	1.226632	1.157336	5.846253	2.817019
13452	-10397.74	-10899.3	501.5545	0.450843	0.326747	0.111288	0.111123	1.320213	1.137648	6.05727	2.743131
13458	-10391.5	-10891.94	500.4362	0.508677	0.276933	0.0939465	0.120444	1.38856	1.103562	6.538766	3.078254
13464	-10406.56	-10906.35	499.7863	0.511625	0.278538	0.0944909	0.115346	1.438635	1.129684	6.605517	3.912826
13470	-10418.04	-10918.39	500.3562	0.455344	0.310637	0.10538	0.128639	1.368919	1.228601	6.059607	4.748637
13476	-10411.17	-10911.41	500.2439	0.442888	0.350725	0.0658287	0.140558	1.277158	1.077662	6.61679	3.38387
13482	-10398.46	-10898.66	500.1946	0.500522	0.307376	0.0689174	0.123185	1.30382	1.125774	6.61679	3.342194
13488	-10400.22	-10900.39	500.1671	0.498409	0.336907	0.0636293	0.101055	1.30382	1.168886	6.406216	4.049526
13494	-10401.73	-10904.01	502.2859	0.407086	0.320626	0.156984	0.115304	1.194477	1.181848	5.824651	2.388239
13500	-10413.32	-10915.05	501.7344	0.443538	0.320486	0.123665	0.112311	1.313186	1.142359	5.824651	3.152638
13506	-10402.62	-10904.04	501.4218	0.443751	0.32064	0.123725	0.111884	1.317287	1.107619	6.125725	2.806635
13512	-10385.4	-10884.64	499.2425	0.487002	0.30841	0.0882837	0.116304	1.317287	1.033143	6.81774	4.654393
13518	-10395.53	-10897.27	501.7384	0.487144	0.3085	0.0880192	0.116337	1.035801	1.136557	6.275912	2.270434
13524	-10391.09	-10890.73	499.6354	0.469725	0.237921	0.193938	0.0984155	1.265821	1.054887	6.836407	3.822911
13530	-10399.61	-10899.94	500.3363	0.539436	0.170957	0.239528	0.0500798	1.481076	1.039438	6.836407	2.343373
13536	-10390.77	-10890.27	499.5067	0.54651	0.11575	0.294453	0.0432874	1.361343	1.062729	6.836407	3.888717
13542	-10412.84	-10913.35	500.5045	0.518157	0.115275	0.300736	0.0658322	1.560891	1.062729	6.836407	1.982881
13548	-10411.82	-10912.21	500.3878	0.537343	0.11521	0.311872	0.0355751	1.452905	1.123352	6.544355	3.013339
13554	-10422.59	-10923.12	500.5305	0.534778	0.11466	0.310383	0.0401792	1.275905	1.091352	6.392339	3.59489
13560	-10404.52	-10905.56	501.0405	0.578136	0.0399409	0.335548	0.046376	1.24141	1.091352	6.460324	2.573805
13566	-10397.07	-10898.16	501.0957	0.468815	0.122864	0.364997	0.0433232	1.113279	1.096172	6.460324	2.669021
13572	-10405.32	-10906.42	501.0936	0.520483	0.153484	0.268823	0.0572103	1.386021	1.090575	6.453181	2.320151
13578	-10405.46	-10905.8	500.3368	0.468898	0.169458	0.293136	0.0685082	1.417594	1.046775	6.517406	3.374712
13584	-10391.09	-10891.37	500.2756	0.423558	0.38199	0.0567565	0.137695	1.455911	1.074504	6.659055	2.924321
13590	-10398.24	-10898.89	500.6545	0.473556	0.288486	0.166338	0.0716211	1.251123	1.152958	6.322383	3.532236
13596	-10391.54	-10893.18	501.6429	0.382474	0.219399	0.340281	0.0578458	1.091482	1.098379	6.410888	2.035684
13602	-10376.03	-10876.58	500.5471	0.512373	0.0867521	0.324777	0.0760987	1.438624	1.034482	6.864235	2.035684
13608	-10383.43	-10884.05	500.6286	0.46403	0.269327	0.193939	0.0727037	1.329065	1.02961	6.807898	2.20822
13614	-10400.98	-10900.94	499.9559	0.458801	0.16733	0.304231	0.0696387	1.085954	1.008839	6.770197	3.860172
13620	-10412.99	-10913.83	500.8308	0.470741	0.261377	0.179997	0.087885	1.036711	1.130251	6.611326	2.711185
13626	-10401.86	-10902.74	500.8747	0.497578	0.276278	0.133249	0.0928953	1.09227	1.085129	6.611326	2.627949
13632	-10389.32	-10889.71	500.386	0.487103	0.295772	0.109766	0.107359	1.335511	1.248365	6.493362	3.141322
13638	-10398.43	-10900.77	502.3374	0.457749	0.277949	0.103151	0.16115	1.084419	1.190407	5.539013	3.302509
13644	-10406.17	-10908.91	502.7321	0.478939	0.302236	0.0766628	0.142162	1.168349	1.265647	5.178692	3.487116
13650	-10408.21	-10911.02	502.8098	0.340724	0.450656	0.0817974	0.126823	1.269147	1.206315	5.812368	1.599233
13656	-10411.2	-10913.37	502.1711	0.364146	0.416565	0.083747	0.135542	1.158963	1.261447	6.187192	1.599233
13662	-10391.18	-10893.49	502.3107	0.398103	0.455409	0.0199909	0.126497	1.146826	1.255685	5.749968	2.511782
13668	-10403.25	-10904.29	501.0468	0.394077	0.44907	0.069264	0.0875892	1.101447	1.188834	6.232229	3.315121
13674	-10412.24	-10914.51	502.2702	0.382207	0.469606	0.0325951	0.115592	1.0795	1.165571	6.235439	1.581209
13680	-10396.84	-10898.62	501.7823	0.386414	0.47548	0.0601373	0.0779682	1.099568	1.096551	6.343107	2.008133
13686	-10397.49	-10899.03	501.5411	0.436914	0.355438	0.11949	0.0881578	1.084963	1.159708	6.196231	2.676981
13692	-10404	-10904.82	500.8266	0.33168	0.432118	0.145434	0.0907683	0.9892664	1.167597	6.706371	2.463583
13698	-10410.7	-10911.73	501.038	0.365953	0.363854	0.160462	0.109731	1.00544	1.115889	6.615958	2.450653
13704	-10407.76	-10909.82	502.0666	0.365953	0.363854	0.160462	0.109731	1.099763	1.202433	5.973987	2.41196
13710	-10411.06	-10913.73	502.6651	0.528996	0.154783	0.182969	0.133252	1.557384	1.186327	5.344564	2.637653
13716	-10397.37	-10899.2	501.8307	0.487022	0.142502	0.278967	0.0915097	1.283268	1.124624	6.273608	1.848405
13722	-10399.67	-10901.7	502.0248	0.413672	0.273287	0.236951	0.0760906	1.053147	1.093905	6.113347	2.324833
13728	-10391.53	-10893.93	502.395	0.401111	0.214592	0.339175	0.0451229	1.063379	1.109452	6.040895	1.962282
13734	-10417.41	-10920.22	502.8085	0.416461	0.222804	0.313874	0.0468606	0.977454	1.259078	5.703694	2.150365
13740	-10402.94	-10905.22	502.2784	0.409908	0.335743	0.136359	0.11799	1.332246	1.243125	6.208219	1.27082
13746	-10394.33	-10897.55	503.2214	0.360411	0.417479	0.148858	0.0732525	1.150026	1.176747	5.841531	1.233814
13752	-10404.82	-10906.82	501.9976	0.319964	0.370628	0.244376	0.0650318	0.9174807	1.094492	6.592361	1.404795
13758	-10401.08	-10903.11	502.0314	0.342494	0.326312	0.261584	0.0696109	1.115468	1.115648	6.184907	2.018271
13764	-10417.34	-10918.18	500.8427	0.408911	0.321834	0.185968	0.0832881	1.084905	1.058925	6.488231	3.103477
13770	-10404.95	-10905.86	500.9111	0.376219	0.406917	0.149257	0.0676076	1.088051	1.028419	6.999166	1.67255
13776	-10404.69	-10905.29	500.6043	0.364131	0.43547	0.144461	0.0559374	1.07462	1.034221	7.097855	1.835539
13782	-10409.49	-10911.96	502.47	0.326912	0.390959	0.245528	0.0366011	1.011268	1.156417	5.89211	2.238363
13788	-10402.41	-10905.83	503.424	0.346726	0.405091	0.17798	0.0702035	1.057923	1.1968	5.709555	1.351409
13794	-10414.83	-10916.6	501.7667	0.374796	0.437886	0.116195	0.071123	0.9757045	1.093828	6.584769	1.621897
13800	-10400.18	-10902.01	501.8299	0.34446	0.441804	0.16122	0.0525151	0.9702075	1.063809	6.684184	1.3768
13806	-10416.94	-10918.35	501.4101	0.272549	0.489657	0.174691	0.0631028	0.7768682	1.097868	6.96767	1.444324
13812	-10409.84	-10912.14	502.2974	0.302763	0.483353	0.17304	0.0408441	1.037863	1.116303	6.457009	1.194338
13818	-10387.9	-10890.19	502.2946	0.327551	0.519736	0.0335964	0.119117	0.9996127	1.148876	6.457009	1.203034
13824	-10380.93	-10883.15	502.2129	0.350864	0.492529	0.0318377	0.124769	1.067175	1.156961	6.266872	1.605189
13830	-10407.03	-10907.75	500.7247	0.313185	0.502687	0.0163989	0.167729	1.125584	1.111015	6.609942	2.776255
13836	-10404.3	-10904.28	499.9825	0.43505	0.370379	0.017329	0.177242	1.445459	0.9772407	7.016133	2.511067
13842	-10408.08	-10907.6	499.5245	0.468256	0.317977	0.0762417	0.137526	1.323384	1.03355	7.223026	2.704944
13848	-10404.94	-10905.22	500.2819	0.550546	0.218785	0.102431	0.128237	1.523371	1.017225	6.661467	2.904968
13854	-10411.13	-10910.56	499.4226	0.509776	0.252115	0.0874584	0.150651	1.352489	1.043324	6.553573	5.266324
13860	-10416.3	-10917.2	500.8982	0.350975	0.354418	0.218904	0.0757028	0.8730285	1.14048	6.519289	3.135446
13866	-10417.17	-10917.94	500.7753	0.416181	0.259221	0.259573	0.0650252	1.267758	1.083068	6.608129	2.537432
13872	-10407.38	-10907.38	500.0043	0.444783	0.255424	0.250291	0.0495022	0.9805477	1.096393	6.955638	3.170562
13878	-10407.67	-10908.24	500.5704	0.442966	0.25438	0.249268	0.0533853	0.9720751	1.070608	6.968461	2.294973
13884	-10397.05	-10899.18	502.124	0.446045	0.211769	0.295994	0.0461925	1.159823	1.206254	5.896892	2.44464
13890	-10404.98	-10906.3	501.3162	0.53484	0.0614364	0.354918	0.0488056	1.289663	1.042867	6.358313	2.447748
13896	-10415.83	-10915.44	499.6095	0.565321	0.0466496	0.370736	0.0172936	1.220037	0.9930894	7.377446	2.347264
13902	-10420.06	-10920.07	500.0016	0.530225	0.0255198	0.41919	0.0250657	1.053752	1.000498	7.313839	2.175139
13908	-10416.97	-10918.74	501.7769	0.525434	0.0588406	0.34768	0.0680455	1.310399	1.019045	6.241689	2.104064
13914	-10408.51	-10909.25	500.7367	0.60237	0.0343183	0.32063	0.0426815	1.290593	1.067066	6.241689	3.749974
13920	-10407.28	-10907.96	500.6812	0.560525	0.0191858	0.360102	0.0601876	1.624362	0.9952488	6.665	2.19389
13926	-10408.97	-10908.81	499.8417	0.51279	0.056529	0.341111	0.0895697	1.3966	1.024049	6.856163	3.21486
13932	-10403.67	-10902.69	499.016	0.54942	0.0778888	0.321362	0.0513293	1.253938	1.058962	6.856163	5.079757
13938	-10389.31	-10890.97	501.6645	0.500907	0.0838764	0.359941	0.0552752	1.326382	1.087928	6.205605	2.236517
13944	-10388.59	-10889.53	500.9363	0.546444	0.106845	0.243057	0.103653	1.326382	1.072544	6.281051	3.184741
13950	-10397.36	-10898.47	501.1103	0.561425	0.109775	0.207099	0.121701	1.629733	1.126018	6.013837	3.184741
13956	-10395.98	-10894.48	498.4995	0.577957	0.0835609	0.213198	0.125284	1.600137	1.064401	7.210544	4.094631
13962	-10409.46	-10911.63	502.1637	0.412002	0.223606	0.286658	0.0777338	1.057832	1.084464	6.125351	2.105603
13968	-10405.75	-10909.26	503.5079	0.449419	0.195818	0.269073	0.0856902	1.03422	1.224891	5.555801	1.570952
13974	-10404	-10907.08	503.0753	0.478175	0.137037	0.28629	0.0984978	1.241556	1.201695	5.555801	1.888403
13980	-10395.44	-10897.5	502.06	0.483115	0.163153	0.289248	0.0644838	1.582601	1.180664	5.909837	2.003837
13986	-10393.2	-10895.52	502.3251	0.491795	0.0900924	0.334222	0.0838905	1.290268	1.147012	5.836767	2.222061
13992	-10391.74	-10893.69	501.9501	0.577565	0.10475	0.220146	0.0975393	1.338334	1.230489	5.814576	2.648427
13998	-10393.02	-10892.62	499.5966	0.5889	0.0727932	0.214214	0.124093	1.638602	1.070118	6.904482	3.04639
14004	-10387.89	-10889.6	501.7122	0.52566	0.172363	0.19121	0.110767	1.498635	1.167585	5.893789	2.670611
14010	-10397.36	-10898.69	501.3278	0.547748	0.164336	0.182307	0.105609	1.287869	1.081794	6.12356	3.054806
14016	-10410.23	-10912.68	502.454	0.476245	0.248126	0.158509	0.117121	1.210698	1.261768	5.773074	2.147745
14022	-10405.56	-10906.72	501.1611	0.437187	0.227776	0.227521	0.107515	1.361622	1.087837	6.496064	2.147745
14028	-10397.98	-10899.19	501.2167	0.381233	0.323886	0.209837	0.0850443	1.083331	0.9972377	6.867175	1.642428
14034	-10407.58	-10910.25	502.666	0.364463	0.487029	0.0502203	0.0982876	1.066559	1.117958	5.973757	1.757652
14040	-10414.41	-10917.28	502.8715	0.364463	0.487029	0.0502203	0.0982876	1.080791	1.161005	5.973757	1.444411
14046	-10413.01	-10914.61	501.6023	0.416581	0.467427	0.0466313	0.0693605	1.181633	1.175802	6.266764	2.231163
14052	-10398.19	-10901.34	503.1455	0.32871	0.457842	0.130246	0.0832029	1.181633	1.180925	5.778112	1.40697
14058	-10406.07	-10908.96	502.8864	0.28177	0.432637	0.20697	0.0786225	0.8406892	1.179295	6.026554	1.575238
14064	-10414.59	-10915.73	501.1416	0.394845	0.320992	0.16305	0.121113	1.158169	1.088007	6.711922	1.8921
14070	-10407.67	-10909.09	501.422	0.470493	0.237207	0.201048	0.0912515	1.113578	1.228476	6.206263	2.683356
14076	-10405.99	-10906.19	500.1967	0.506254	0.197623	0.221074	0.0750488	1.174885	1.105353	6.385669	4.447792
14082	-10393.56	-10895.43	501.8721	0.357091	0.398337	0.189039	0.0555332	1.0023	1.148318	6.263345	2.145513
14088	-10399.68	-10902.03	502.3508	0.382145	0.377529	0.202302	0.0380236	1.0023	1.154609	6.345393	1.356329
14094	-10397.92	-10898.27	500.3519	0.361807	0.357437	0.145274	0.135482	1.234905	1.007369	7.207539	1.737278
14100	-10407.31	-10909.86	502.5456	0.365492	0.423869	0.0909871	0.119652	1.099325	1.131723	6.011471	1.76454
14106	-10399.78	-10900.62	500.8438	0.36995	0.44331	0.076896	0.109844	1.136384	1.033037	6.929774	1.853294
14112	-10406.48	-10907.18	500.6956	0.36995	0.44331	0.076896	0.109844	1.167544	0.9816714	7.021184	1.853294
14118	-10401.78	-10904.73	502.9488	0.293183	0.426566	0.180881	0.0993702	0.8656592	1.128428	6.240927	1.09936
14124	-10396.07	-10899.16	503.0887	0.321787	0.346864	0.222283	0.109065	0.996393	1.201307	5.651973	1.95189
14130	-10402.73	-10905.66	502.9338	0.367527	0.396168	0.180431	0.0558744	0.8695716	1.169004	5.81659	1.972731
14136	-10395.06	-10897.1	502.0395	0.326174	0.416407	0.16013	0.0972891	1.147519	1.209472	6.273492	1.642111
14142	-10394.54	-10897.02	502.4837	0.369938	0.389362	0.149729	0.0909703	1.161868	1.242806	5.893249	1.900999
14148	-10391.55	-10894.75	503.1993	0.418286	0.391232	0.0876222	0.102859	1.083819	1.24797	5.497339	2.002033
14154	-10407.73	-10911.25	503.5203	0.387274	0.362226	0.119583	0.130917	0.8682864	1.28628	5.534307	1.732475
14160	-10398.66	-10900.67	502.0125	0.364995	0.33602	0.203839	0.0951455	1.047124	1.206796	6.182768	2.016169
14166	-10406.67	-10907.25	500.5809	0.374646	0.344905	0.209229	0.07122	1.11435	0.9863033	7.219533	1.596598
14172	-10403.33	-10903.83	500.4974	0.298207	0.402209	0.249261	0.0503223	0.8876651	1.065235	7.089875	2.208157
14178	-10407.37	-10909.6	502.2221	0.341188	0.492668	0.0794016	0.0867418	1.361689	1.094906	6.104819	1.694827
14184	-10423.79	-10923.38	499.5862	0.522058	0.01651	0.357038	0.104394	1.339123	1.043093	6.820223	3.869522
14190	-10404.64	-10906.09	501.4562	0.41749	0.247596	0.212213	0.122701	1.379134	1.010754	6.236695	2.499979
14196	-10401.06	-10901.1	500.0443	0.495298	0.201141	0.172396	0.131166	1.28019	1.065748	6.991054	2.579031
14202	-10394.62	-10894.74	500.1255	0.456679	0.245547	0.170845	0.126929	1.348914	1.052311	7.018539	2.309916
14208	-10413.25	-10913.5	500.2534	0.503149	0.183297	0.226959	0.0865951	1.072149	1.052311	7.003401	2.547127
14214	-10398.63	-10899.03	500.3934	0.465935	0.243702	0.210173	0.0801903	1.237125	1.105707	6.554413	3.338906
14220	-10408.77	-10908.6	499.8226	0.552789	0.102723	0.249351	0.0951384	1.237125	1.100691	6.554413	4.466432
14226	-10421.36	-10922.03	500.6643	0.487569	0.188923	0.209594	0.113913	1.458039	1.070092	6.443869	2.943175
14232	-10403.09	-10902.73	499.6417	0.543566	0.0909734	0.245373	0.120087	1.453825	1.073069	6.826943	3.491204
14238	-10406.48	-10907.36	500.8877	0.506608	0.039554	0.341916	0.111922	1.257647	1.070123	6.532496	2.613339
14244	-10396.82	-10896.47	499.6473	0.55257	0.100974	0.261016	0.0854404	1.521263	1.046528	6.4867	4.685055
14250	-10390.4	-10889.73	499.3235	0.503814	0.125896	0.26255	0.10774	1.637489	1.008647	7.137938	2.883593
14256	-10409.84	-10910.02	500.1874	0.543088	0.108776	0.231774	0.116362	1.637489	1.017128	6.905766	2.214868
14262	-10401.13	-10901.98	500.8527	0.509838	0.161883	0.224875	0.103405	1.468332	1.017128	6.714025	1.98765
14268	-10393.91	-10894.41	500.5004	0.545244	0.120967	0.230143	0.103646	1.265458	1.04783	6.690712	2.785735
14274	-10416.56	-10917.16	500.608	0.389107	0.375108	0.120311	0.115473	1.268157	1.120239	6.467586	3.167586
14280	-10415.77	-10916.17	500.3929	0.427798	0.412407	0.0560758	0.103719	1.15218	1.070388	6.691539	3.099291
14286	-10388.27	-10888.02	499.7514	0.470298	0.309288	0.0507287	0.169686	1.524804	1.140801	6.652306	3.648093
14292	-10397.35	-10896.55	499.1918	0.44435	0.348397	0.0469286	0.160324	1.236575	1.058057	7.121052	3.706125
14298	-10409.43	-10908.69	499.2561	0.388836	0.384381	0.0831206	0.143662	1.168359	1.075358	7.121052	3.673175
14304	-10408.17	-10908.02	499.8563	0.411393	0.403492	0.0894152	0.0956996	1.128386	1.008194	7.303609	2.293673
14310	-10407.6	-10908.57	500.9712	0.511915	0.258276	0.107646	0.122162	1.111356	1.024173	6.6722	2.377505
14316	-10410.99	-10911.89	500.8973	0.394264	0.320534	0.133594	0.151609	1.165772	1.089378	6.927073	1.686913
14322	-10390.92	-10892.02	501.0963	0.527617	0.195838	0.136248	0.140297	1.423603	1.112664	6.33481	2.557171
14328	-10391.19	-10891.69	500.4979	0.552524	0.153894	0.124947	0.168635	1.525909	1.127608	6.378683	3.232629
14334	-10398.12	-10899.74	501.6293	0.552258	0.154675	0.170957	0.122111	1.385477	1.130361	5.827818	3.232629
14340	-10416.53	-10917.58	501.0451	0.619224	0.156689	0.100385	0.123701	1.800629	1.129647	5.95679	3.232629
14346	-10405.4	-10906.03	500.6245	0.535319	0.219035	0.0867833	0.158863	1.331672	1.129647	6.300411	3.569042
14352	-10398.68	-10899.3	500.6195	0.542457	0.188286	0.0365293	0.232727	1.601572	1.193794	6.300411	3.047769
14358	-10411.38	-10911.38	499.9946	0.519952	0.322866	0.0350138	0.122169	1.420368	1.147111	6.300411	4.648369
14364	-10404.21	-10905.12	500.9093	0.47555	0.277615	0.0627397	0.184096	1.235864	1.147111	6.20316	3.503967
14370	-10400.04	-10900.25	500.2177	0.553618	0.169358	0.103348	0.173675	1.607677	1.161157	6.37057	3.579715
14376	-10393.28	-10894.83	501.5472	0.446825	0.317767	0.0834121	0.151995	1.267912	1.130386	6.185432	2.47709
14382	-10400.94	-10901.9	500.957	0.448598	0.333378	0.0875098	0.130514	1.220616	1.116183	6.637294	2.20946
14388	-10424.99	-10925.96	500.9666	0.45825	0.291232	0.107274	0.143244	1.326951	1.073983	6.531242	2.396725
14394	-10424.98	-10927.53	502.5452	0.377364	0.408438	0.108121	0.106077	1.084178	1.236693	5.528025	2.9041
14400	-10425.82	-10928.63	502.8109	0.4676	0.266983	0.133975	0.131442	1.134559	1.164112	5.528025	2.523395
14406	-10410.43	-10912.96	502.5329	0.4676	0.266983	0.133975	0.131442	1.11393	1.195858	5.738257	2.350154
14412	-10411.49	-10912.2	500.707	0.483061	0.259783	0.138405	0.11875	1.41591	1.127667	6.127949	3.876406
14418	-10401.31	-10901.93	500.6211	0.515747	0.150402	0.207066	0.126785	1.375845	1.125908	6.387365	3.221957
14424	-10407.91	-10908.95	501.0367	0.510776	0.158591	0.20507	0.125563	1.375845	1.150879	6.145473	3.229982
14430	-10386.34	-10886.85	500.5093	0.593765	0.115331	0.14494	0.145965	1.580324	1.120711	6.158403	3.889632
14436	-10389.68	-10890.55	500.8721	0.535413	0.162258	0.177848	0.124482	1.469717	1.173162	6.203678	3.147637
14442	-10409.62	-10909.21	499.5985	0.468189	0.236951	0.182502	0.112358	1.153421	0.9873502	7.398354	2.406824
14448	-10390.57	-10892.72	502.1584	0.487022	0.246482	0.149618	0.116878	1.199693	1.182391	5.684267	2.979439
14454	-10388.64	-10889.86	501.2259	0.49482	0.250428	0.136003	0.118749	1.34231	1.152627	5.990395	3.450526
14460	-10413.53	-10916.38	502.8466	0.320741	0.415168	0.186479	0.0776117	1.021215	1.09085	6.163856	1.228977
14466	-10396.01	-10897.39	501.3807	0.350958	0.394544	0.177216	0.0772816	1.059889	1.127187	6.744209	1.590712
14472	-10398.23	-10900.49	502.2538	0.423358	0.273594	0.213774	0.0892748	1.073627	1.114276	5.88853	2.535838
14478	-10398.42	-10898.89	500.4665	0.421073	0.272117	0.21262	0.0941889	1.570123	0.9995743	6.676313	2.535838
14484	-10395.52	-10896.29	500.7636	0.428841	0.195085	0.330203	0.0458705	1.373263	1.111653	6.676313	2.189583
14490	-10395.28	-10895.26	499.9758	0.669471	0.0402605	0.208791	0.0814774	1.881292	1.13291	6.676313	2.69869
14496	-10387.69	-10888.17	500.481	0.601159	0.123075	0.198359	0.0774065	1.41824	1.154214	6.50095	2.990896
14502	-10398.54	-10901.13	502.5879	0.476344	0.131727	0.3101	0.0818301	1.507596	1.203474	5.736166	1.784598
14508	-10404.27	-10905.79	501.5208	0.480512	0.229608	0.224214	0.065666	1.479725	1.157671	6.355985	1.784598
14514	-10394.24	-10895.14	500.9009	0.484237	0.231388	0.225952	0.0584229	1.234404	1.072678	6.591996	2.45577
14520	-10404.26	-10905.7	501.4453	0.49601	0.210517	0.245744	0.0477285	1.082057	1.074374	6.591996	1.898972
14526	-10407.96	-10907.71	499.7549	0.534016	0.194642	0.227212	0.0441293	1.437094	1.048409	6.7891	3.484336
14532	-10403.7	-10904.45	500.7471	0.511741	0.149452	0.263111	0.0756963	1.291267	0.9582489	6.762829	2.3088
14538	-10425.84	-10928.05	502.2065	0.510041	0.141507	0.27678	0.0716719	1.291267	1.097829	6.047431	1.924998
14544	-10399.55	-10902.11	502.5598	0.360198	0.373988	0.206873	0.0589412	0.8996904	1.140288	6.070877	1.850301
14550	-10403.23	-10905.61	502.3828	0.331726	0.360248	0.230202	0.0778235	1.183345	1.094056	6.279124	1.327852
14556	-10394.16	-10895.24	501.0851	0.347587	0.377472	0.241208	0.0337325	1.09095	1.12034	6.415527	2.812877
14562	-10400.1	-10901.92	501.8241	0.36063	0.391637	0.186272	0.0614611	1.059892	1.110314	6.415527	1.81284
14568	-10394.47	-10897.41	502.9445	0.351123	0.381313	0.181362	0.0862023	0.9382086	1.141864	6.043518	1.399581
14574	-10390.5	-10892.31	501.8189	0.349513	0.380749	0.200952	0.0687864	1.079628	1.126479	6.324453	1.991288
14580	-10401.68	-10902.78	501.0998	0.453215	0.260946	0.195654	0.090186	1.27225	1.103706	6.833288	1.516417
14586	-10391.98	-10892.3	500.3165	0.524458	0.163785	0.20704	0.104717	1.382748	1.104805	6.833288	2.411533
14592	-10399.99	-10900.04	500.055	0.417234	0.35043	0.134994	0.0973426	1.016092	1.057701	7.179522	2.428683
14598	-10417.43	-10918.98	501.5531	0.399948	0.343216	0.149229	0.107607	1.064641	1.120302	6.461384	2.036984
14604	-10393.12	-10894.35	501.2347	0.388258	0.365715	0.141245	0.104781	1.093133	1.11126	6.684345	1.888701
14610	-10390.24	-10891.29	501.0495	0.444817	0.292671	0.15848	0.104031	1.257191	1.11126	6.700203	1.888701
14616	-10400.88	-10901.46	500.585	0.397359	0.318774	0.175765	0.108102	1.063099	1.040509	7.129196	1.792447
14622	-10406.15	-10907.38	501.2316	0.539128	0.163373	0.136138	0.161361	1.332513	1.071032	6.192382	2.953977
14628	-10404.89	-10905.26	500.3745	0.498816	0.135039	0.181005	0.18514	1.418761	1.141231	6.391239	3.556195
14634	-10426.15	-10926.89	500.7414	0.385855	0.222794	0.342577	0.0487739	1.189021	1.065334	7.041788	1.619995
14640	-10419.14	-10917.94	498.7983	0.401949	0.267336	0.305204	0.0255108	1.123653	1.026934	7.586776	3.100329
14646	-10420.09	-10920.28	500.199	0.501553	0.125312	0.315298	0.0578373	1.176968	1.006179	6.991664	2.579536
14652	-10406.3	-10906.23	499.9369	0.545851	0.150004	0.237702	0.0664429	1.592017	1.09964	6.723678	3.053291
14658	-10425.91	-10925.64	499.7302	0.560002	0.050736	0.304224	0.0850373	1.277582	1.042591	6.94698	3.271273
14664	-10427.82	-10929.64	501.8254	0.493456	0.154631	0.308435	0.0434771	1.373093	1.088697	6.188284	2.000753
14670	-10425.07	-10926.22	501.1472	0.481369	0.0726169	0.289383	0.156631	1.277469	1.08857	6.385007	2.576216
14676	-10428.54	-10929.69	501.1546	0.551834	0.109543	0.196465	0.142158	1.543805	1.076657	6.259345	2.576216
14682	-10414.93	-10914.78	499.854	0.551752	0.245411	0.0866725	0.116164	1.485892	1.122832	6.452941	4.2766
14688	-10411.9	-10913.29	501.3888	0.413766	0.367727	0.0702613	0.148245	1.275774	1.144466	6.496796	1.870935
14694	-10429.89	-10931.92	502.0287	0.360817	0.418376	0.156619	0.0641883	1.182653	1.115368	6.219469	1.854704
14700	-10415.27	-10916.41	501.1444	0.377889	0.421491	0.109535	0.0910856	1.063998	1.110017	6.880662	1.586602
14706	-10401.83	-10902.85	501.0207	0.429129	0.305585	0.162546	0.102739	1.028915	1.00919	6.951194	1.742568
14712	-10396.74	-10897.76	501.0168	0.353535	0.375092	0.196169	0.0752044	0.858723	1.096692	6.958344	1.838016
14718	-10387.55	-10887.79	500.2346	0.353945	0.344425	0.226338	0.0752917	0.9998262	1.061706	7.310931	1.860695
14724	-10397.64	-10897.41	499.7739	0.393543	0.313831	0.206233	0.0863926	1.119884	1.091387	7.319709	2.26142
14730	-10412.49	-10913.88	501.3899	0.472024	0.221556	0.215868	0.0905527	1.154631	1.112609	6.207873	2.851402
14736	-10397.83	-10899.67	501.8343	0.463003	0.217321	0.230854	0.0888221	1.182247	1.067775	6.207873	2.208367
14742	-10404.07	-10905.97	501.9013	0.375244	0.33988	0.193704	0.0911724	0.9276579	1.129399	6.504498	1.654106
14748	-10403.15	-10905.81	502.6595	0.388475	0.351344	0.153491	0.10669	1.094181	1.184541	5.795188	2.069398
14754	-10407.87	-10910.27	502.398	0.465025	0.262731	0.160607	0.111637	1.317426	1.235794	5.795188	2.069398
14760	-10409.3	-10913.18	503.887	0.448431	0.290508	0.13364	0.12742	1.169772	1.235794	5.30613	1.49111
14766	-10403.89	-10907.6	503.7126	0.356455	0.438802	0.10623	0.0985133	1.122172	1.272801	5.054745	2.314876
14772	-10406.67	-10908.75	502.0796	0.379252	0.337062	0.188407	0.095279	1.055319	1.192355	6.248646	1.780499
14778	-10402.03	-10903.55	501.514	0.278649	0.490815	0.126504	0.104032	1.159791	1.09308	6.715752	1.424128
14784	-10411.03	-10913.92	502.898	0.278296	0.484551	0.171738	0.0654153	0.9139031	1.158651	6.146391	1.251668
14790	-10406.61	-10909.54	502.9339	0.238935	0.551613	0.0869091	0.122543	0.7379075	1.158651	6.146391	1.414359
14796	-10397.39	-10899.56	502.1662	0.414219	0.361814	0.150666	0.0733012	1.131681	1.115989	6.369283	1.414862
14802	-10393.24	-10895.01	501.7669	0.374295	0.351677	0.160051	0.113978	1.221157	1.115989	6.540533	1.413052
14808	-10389.98	-10892.61	502.6236	0.518637	0.206746	0.141533	0.133084	1.012694	1.128792	5.806666	2.279351
14814	-10386.91	-10889.72	502.8122	0.375192	0.452169	0.0878958	0.084743	1.245424	1.181285	5.868423	1.530839
14820	-10391.3	-10893.34	502.0365	0.406062	0.372877	0.110999	0.110061	1.18966	1.194027	6.088089	2.049671
14826	-10392.88	-10894.61	501.7379	0.414063	0.328074	0.113186	0.144677	1.09067	1.119904	6.292499	2.175694
14832	-10391.28	-10891.52	500.2348	0.442241	0.322136	0.0849749	0.150648	1.327353	1.129536	7.082872	1.917484
14838	-10390.04	-10890.47	500.4344	0.430563	0.297622	0.145149	0.126666	1.009421	1.124196	7.082872	2.061605
14844	-10395.41	-10895.36	499.9509	0.449911	0.310996	0.151671	0.0874224	1.259183	1.089526	7.232242	2.061605
14850	-10386.13	-10886.53	500.3927	0.322952	0.41373	0.162735	0.100583	0.9005456	0.9982373	7.232242	2.061605
14856	-10379.33	-10880.5	501.1626	0.322952	0.41373	0.162735	0.100583	0.8490946	1.11539	6.85177	1.893449
14862	-10397.58	-10898.88	501.2981	0.384857	0.361799	0.13348	0.119863	1.199766	1.113776	6.324349	2.588646
14868	-10391.22	-10891.65	500.4217	0.399329	0.447259	0.0425243	0.110887	1.233324	1.08256	6.982146	2.095926
14874	-10383.67	-10884.61	500.9484	0.379391	0.444626	0.0517983	0.124185	1.055862	1.127272	6.439801	3.008656
14880	-10386.78	-10888.92	502.1461	0.360965	0.411708	0.0942691	0.133058	0.9773119	1.071677	6.080374	2.37864
14886	-10401.75	-10904.05	502.3024	0.42181	0.37819	0.0850508	0.114949	1.112971	1.198303	6.074806	1.823987
14892	-10404.36	-10906.56	502.1928	0.309174	0.495046	0.039289	0.156491	1.128639	1.221544	5.914673	2.317776
14898	-10402.37	-10904.99	502.6142	0.414901	0.42005	0.019948	0.145101	1.394764	1.146173	6.003218	1.360181
14904	-10404.93	-10907.4	502.4686	0.413498	0.422011	0.0198806	0.14461	1.673369	1.148707	5.844946	1.584189
14910	-10404.97	-10905.4	500.4319	0.405488	0.413836	0.0150911	0.165585	1.308982	1.10835	6.333766	3.899633
14916	-10393.28	-10894.71	501.4274	0.395707	0.403854	0.0388479	0.161591	1.151806	1.122134	6.231626	2.710753
14922	-10382.25	-10883.22	500.9776	0.410167	0.418611	0.0542217	0.117001	1.156791	1.143123	6.381872	2.948528
14928	-10385.55	-10887.62	502.0769	0.473753	0.295737	0.119511	0.110999	1.156791	1.202532	6.019074	2.199405
14934	-10394.1	-10894.05	499.9469	0.457364	0.259801	0.185324	0.0975108	1.295512	1.075099	6.927257	2.883057
14940	-10404.61	-10904.58	499.9728	0.452225	0.256882	0.194477	0.0964152	1.196811	1.106934	6.568363	4.164034
14946	-10384.87	-10886.32	501.4463	0.405858	0.304681	0.231514	0.0579472	1.101953	1.106934	6.433397	2.223261
14952	-10396.96	-10897.72	500.761	0.483499	0.264486	0.200971	0.0510436	1.101953	1.106934	6.842915	2.123028
14958	-10404.01	-10906.06	502.049	0.426678	0.224593	0.321641	0.0270882	1.168307	1.061825	6.297981	1.731718
14964	-10421.4	-10920.9	499.4986	0.338272	0.45052	0.0807168	0.130491	1.307271	1.076481	7.38735	2.244442
14970	-10400.12	-10899.8	499.6853	0.384979	0.467783	0.0918618	0.055376	1.135867	1.050456	7.38735	2.244442
14976	-10444.06	-10945.42	501.3671	0.403143	0.348331	0.10913	0.139397	1.135867	1.17112	6.864517	1.22196
14982	-10414.02	-10915.35	501.3275	0.344109	0.297323	0.321811	0.0367571	1.060196	1.119847	6.554828	2.115607
14988	-10412.81	-10914.73	501.9291	0.357091	0.468125	0.141835	0.0329487	1.020427	1.119847	6.078949	2.570267
14994	-10402.35	-10904.24	501.891	0.358133	0.478771	0.10713	0.0559669	1.033068	1.072711	6.414379	1.811894
15000	-10417.23	-10917.11	499.8785	0.414059	0.284531	0.219932	0.0814774	1.20303	1.00438	7.448133	1.809968
15006	-10404.12	-10905.1	500.9831	0.427138	0.293518	0.220605	0.058739	1.285957	1.152157	6.536986	2.298231
15012	-10423.68	-10925.3	501.6185	0.392227	0.351261	0.202574	0.0539381	1.142869	1.074088	6.728137	1.321212
15018	-10420.86	-10921.51	500.6524	0.318985	0.364282	0.27117	0.0455635	1.055741	1.087852	7.286515	1.321212
15024	-10405.48	-10906.88	501.3992	0.282935	0.399898	0.267149	0.0500183	0.9536757	1.10955	6.720774	1.772007
15030	-10404.92	-10906.66	501.736	0.385294	0.2924	0.28088	0.0414265	1.095764	1.161332	6.45257	1.729673
15036	-10392.62	-10894.65	502.0318	0.399412	0.266473	0.291171	0.0429445	1.059779	1.131835	6.338718	1.703574
15042	-10402.14	-10904.31	502.1709	0.365754	0.337484	0.258619	0.0381433	1.059779	1.206903	6.338718	1.449779
15048	-10411.9	-10913.66	501.7577	0.357374	0.386607	0.212878	0.0431402	0.9670698	1.124758	6.525432	1.739531
15054	-10399.26	-10901.9	502.6386	0.31521	0.419295	0.198051	0.0674437	0.8909029	1.091658	6.3223	1.280201
15060	-10417.13	-10918.66	501.5331	0.293326	0.548338	0.0892199	0.0691161	0.8243194	1.083553	6.691736	1.87221
15066	-10414.73	-10917.24	502.5098	0.294899	0.45534	0.176502	0.0732595	0.7994377	1.182488	5.913984	2.398234
15072	-10413.63	-10914.81	501.1823	0.401109	0.383629	0.153541	0.0617219	0.7994377	1.098111	6.575911	2.692821
15078	-10404.97	-10906.15	501.1757	0.347543	0.405492	0.162291	0.0846751	1.048487	1.076623	6.993126	1.366349
15084	-10411.89	-10914.26	502.368	0.342052	0.418518	0.162633	0.076797	0.9145266	1.034242	6.456743	1.341513
15090	-10415.79	-10916.1	500.3116	0.316526	0.461364	0.137981	0.0841294	0.9766399	0.9783811	7.469087	1.535295
15096	-10402.04	-10905.2	503.1565	0.382211	0.374802	0.184728	0.0582597	1.19268	1.16787	5.826039	1.300418
15102	-10417.11	-10919.52	502.4139	0.345175	0.464575	0.162242	0.0280076	1.091461	1.100084	6.293293	1.355698
15108	-10414.44	-10915.98	501.5373	0.280474	0.54197	0.131831	0.0457242	1.034108	1.085076	6.787978	1.393957
15114	-10410.81	-10912.65	501.8331	0.350615	0.390712	0.1648	0.0938725	1.029482	1.071074	6.403706	1.918296
15120	-10401.52	-10903.68	502.1565	0.350615	0.390712	0.1648	0.0938725	1.029482	1.125348	6.103748	2.152356
15126	-10403.12	-10903.34	500.2109	0.414296	0.374698	0.134703	0.0763034	1.124327	1.071109	6.686034	3.484722
15132	-10383.73	-10883.89	500.1616	0.568533	0.173806	0.184851	0.0728095	1.564583	1.092724	6.651456	2.951407
15138	-10398.27	-10899.26	500.9939	0.530452	0.157282	0.184382	0.127884	1.290558	1.202677	6.148958	3.339144
15144	-10411.14	-10912.29	501.1494	0.513354	0.171393	0.178439	0.136814	1.330564	1.124759	6.207741	2.957392
15150	-10416.78	-10919.54	502.7653	0.505684	0.280363	0.0791837	0.13477	1.330564	1.216691	5.603155	2.056187
15156	-10420.63	-10921.36	500.7272	0.490111	0.291574	0.107045	0.111271	1.330564	1.159584	6.044052	4.235326
15162	-10427.31	-10929.34	502.0372	0.603125	0.0363817	0.23099	0.129503	1.529114	1.179795	5.696243	2.666909
15168	-10426.12	-10927.01	500.8952	0.499386	0.199378	0.20193	0.099306	1.142953	1.19108	6.341857	3.153459
15174	-10401.32	-10902.81	501.4997	0.521307	0.132515	0.242512	0.103665	1.407474	1.19108	5.783505	3.465289
15180	-10394.51	-10895.1	500.5971	0.508449	0.129247	0.261197	0.101108	1.397817	1.002569	6.620866	2.718639
15186	-10379.12	-10880.19	501.0723	0.485027	0.20422	0.239882	0.0708707	1.336063	1.020567	6.620866	2.07736
15192	-10398.29	-10899.53	501.2481	0.445352	0.337391	0.115187	0.10207	1.336063	1.112569	6.50192	2.012673
15198	-10400.4	-10902.28	501.8803	0.429152	0.255879	0.21617	0.0987985	1.099598	1.145266	6.098454	2.434511
15204	-10379.39	-10881.72	502.3263	0.465482	0.238125	0.200509	0.0958838	1.068316	1.160101	6.098454	1.842366
15210	-10384.72	-10887.09	502.3664	0.318502	0.387811	0.260998	0.0326896	0.9524865	1.132607	6.282992	1.552389
15216	-10389.54	-10890.79	501.2504	0.318502	0.387811	0.260998	0.0326896	0.794565	1.093164	7.128878	1.273414
15222	-10397.3	-10898.67	501.3642	0.389739	0.184952	0.331598	0.0937109	0.9840248	1.102587	6.821725	1.55853
15228	-10406.42	-10907.15	500.7325	0.389137	0.184666	0.331086	0.0951114	1.067292	1.102587	6.782664	2.375656
15234	-10383.37	-10885.36	501.9931	0.311159	0.348048	0.264741	0.0760524	0.882495	1.109599	6.196686	2.375656
15240	-10383.25	-10885.43	502.1804	0.362418	0.410468	0.177653	0.049461	0.9303631	1.065005	6.183809	2.137141
15246	-10406.34	-10908.35	502.0077	0.2958	0.394996	0.241799	0.0674061	0.9508934	1.082186	6.676951	1.199066
15252	-10417.76	-10919.9	502.1425	0.306705	0.372691	0.250713	0.0698911	0.9996578	1.119815	6.339696	1.653745
15258	-10411.87	-10914.72	502.8571	0.384937	0.341853	0.201223	0.0719875	0.9519592	1.080005	6.116529	1.400975
15264	-10435.91	-10937.35	501.4448	0.44531	0.312514	0.167936	0.0742398	1.109167	1.079722	6.641227	1.743683
15270	-10408.14	-10908.32	500.1779	0.471409	0.320604	0.0743963	0.13359	1.374911	1.079722	6.973769	2.281246
15276	-10406.8	-10908.35	501.5461	0.397252	0.388241	0.0626931	0.151814	1.166942	0.9850915	6.603197	1.753877
15282	-10409.9	-10912.04	502.1438	0.381288	0.372638	0.10036	0.145713	1.066887	1.204528	5.866694	2.63737
15288	-10411.22	-10913.31	502.0886	0.350024	0.42408	0.0921312	0.133765	1.028316	1.204528	5.917663	2.63737
15294	-10393.13	-10894.46	501.3202	0.451798	0.242326	0.195156	0.110719	1.260103	1.15235	6.265754	2.574576
15300	-10397.41	-10899.72	502.3127	0.529285	0.178239	0.162767	0.129708	1.173063	1.242996	5.725171	2.558654
15306	-10394.12	-10896.04	501.9216	0.458117	0.273164	0.156452	0.112268	1.179112	1.072147	6.255492	1.968352
15312	-10398.91	-10901.1	502.1954	0.471795	0.266269	0.152503	0.109434	1.354754	1.158627	5.635592	2.868501
15318	-10403.04	-10904.76	501.72	0.442783	0.284078	0.157643	0.115496	1.322992	1.134367	6.328524	1.802051
15324	-10396.63	-10898.69	502.0635	0.386412	0.255977	0.249804	0.107808	1.191772	1.132077	6.328524	1.535062
15330	-10399.16	-10900.31	501.1518	0.392237	0.259836	0.266014	0.0819137	1.29302	1.133299	6.150312	3.175337
15336	-10393.63	-10895.9	502.2749	0.382496	0.30063	0.252684	0.0641911	1.054728	1.150557	6.201893	1.697453
15342	-10393.35	-10896.28	502.928	0.388974	0.302459	0.254221	0.0543453	1.054728	1.150557	5.794965	1.813214
15348	-10396.9	-10897.69	500.7916	0.412058	0.247335	0.202263	0.138345	1.337376	1.051738	6.8577	1.82734
15354	-10400.75	-10899.91	499.166	0.452967	0.210345	0.184609	0.152079	1.351078	1.009213	7.248541	3.218651
15360	-10407.98	-10910.89	502.9042	0.355911	0.311422	0.213173	0.119494	1.27436	1.110691	5.974775	1.258002
15366	-10397.5	-10899.3	501.7992	0.465443	0.321757	0.0432498	0.169551	1.325526	1.165791	6.298645	1.72966
15372	-10402.92	-10905.56	502.6428	0.414807	0.420003	0.0385447	0.126645	1.095961	1.191165	5.886689	1.85974
15378	-10397.24	-10901.2	503.9531	0.376908	0.381629	0.12639	0.115074	1.046553	1.153345	5.242511	1.794155
15384	-10402.32	-10905.56	503.2383	0.358649	0.423271	0.10858	0.109499	1.075611	1.150026	5.862842	1.280059
15390	-10397.49	-10900.29	502.7954	0.339215	0.459571	0.0823236	0.11889	0.9098976	1.11872	6.10362	1.503343
15396	-10411.82	-10914.75	502.9277	0.241068	0.571443	0.0608134	0.126676	0.9891301	1.221148	5.640268	2.181845
15402	-10411.9	-10914.65	502.7531	0.362476	0.352592	0.0944584	0.190473	1.083229	1.221148	5.684907	2.181845
15408	-10388.8	-10892.44	503.6399	0.343865	0.488865	0.0745896	0.0926809	0.8426527	1.208272	5.684907	1.39115
15414	-10388.29	-10889.72	501.4352	0.381878	0.32626	0.226508	0.0653538	0.9895812	1.176712	6.39606	2.397316
15420	-10391.38	-10891.84	500.465	0.393731	0.280026	0.196333	0.12991	1.144678	1.019549	6.992254	2.213453
15426	-10391.78	-10893.98	502.1948	0.3308	0.353999	0.24537	0.0698308	1.144138	1.196956	6.425876	1.168786
15432	-10385.77	-10888.64	502.8688	0.416123	0.244175	0.221041	0.11866	1.144138	1.12293	5.853354	1.680295
15438	-10388.17	-10891.03	502.8612	0.381027	0.412567	0.0977536	0.108652	1.057985	1.264288	5.71694	1.932099
15444	-10405.28	-10907.65	502.3656	0.46368	0.34707	0.0638638	0.125386	1.203614	1.160037	5.577884	2.988361
15450	-10410.24	-10910.79	500.5434	0.46368	0.34707	0.0638638	0.125386	1.217512	1.142375	6.463659	3.337532
15456	-10405.23	-10906.78	501.5429	0.473729	0.354592	0.0435756	0.128103	1.416225	1.097918	6.314866	2.003363
15462	-10393.91	-10895.87	501.9596	0.473729	0.354592	0.0435756	0.128103	1.292875	1.136075	6.067876	2.153135
15468	-10396.27	-10896.72	500.4471	0.433468	0.327241	0.0622941	0.176997	1.333441	1.106316	6.507289	3.240218
15474	-10419.9	-10920.07	500.1768	0.424808	0.350442	0.0352045	0.189546	1.280487	1.106316	6.507289	3.827981
15480	-10396.22	-10897.24	501.0232	0.478784	0.366585	0.0318633	0.122768	1.301837	1.134604	6.40919	2.593041
15486	-10400.95	-10902.98	502.0234	0.469431	0.359424	0.0383138	0.132831	1.142999	1.155862	5.795904	2.998789
15492	-10406.23	-10906.83	500.6013	0.525602	0.305406	0.0256842	0.143308	1.514521	1.135546	6.528573	2.611723
15498	-10425.73	-10925.87	500.1435	0.611745	0.15136	0.0700987	0.166796	1.404904	1.171071	6.701567	2.927341
15504	-10409.61	-10912.03	502.4197	0.439585	0.337571	0.118003	0.104841	1.34081	1.203739	5.556673	2.687939
15510	-10406.41	-10909.96	503.5546	0.443105	0.301764	0.149805	0.105325	1.287485	1.270425	5.11346	2.171585
15516	-10416.02	-10919.15	503.1318	0.398901	0.357249	0.149032	0.094818	1.302438	1.287826	5.278179	2.304344
15522	-10399.72	-10902.46	502.7378	0.432608	0.301852	0.0955143	0.170026	1.357367	1.19579	5.448231	2.49194
15528	-10392.88	-10895.48	502.6022	0.460948	0.321626	0.102939	0.114487	1.105865	1.208263	5.612333	2.582301
15534	-10391.63	-10893.23	501.6066	0.445406	0.369209	0.046673	0.138712	1.327817	1.272926	5.576805	3.959204
15540	-10401	-10904.01	503.0042	0.445129	0.368979	0.0472665	0.138626	1.279224	1.296254	5.3056	2.436893
15546	-10389.93	-10893.04	503.1084	0.437205	0.362411	0.0930711	0.107313	1.165607	1.205822	5.411613	2.29192
15552	-10390.85	-10892.56	501.7109	0.491516	0.27136	0.104633	0.132492	1.196774	1.141347	5.961883	2.952433
15558	-10397.85	-10898.33	500.477	0.475205	0.239597	0.157103	0.128095	1.133967	1.139963	6.410468	3.794461
15564	-10390.25	-10890.8	500.5509	0.536394	0.183847	0.135169	0.144589	1.2053	1.016654	6.409856	3.760959
15570	-10389.86	-10890.34	500.4738	0.545792	0.169547	0.137537	0.147123	1.330367	1.082623	6.409856	3.563827
15576	-10415.04	-10916.15	501.115	0.449734	0.255637	0.204925	0.0897036	1.186023	1.071943	6.736378	1.854562
15582	-10408.73	-10911.15	502.418	0.337042	0.447456	0.146692	0.06881	1.043735	1.075507	6.212767	1.603896
15588	-10406.92	-10909.03	502.1185	0.371072	0.41854	0.137213	0.0731745	1.093547	1.156381	6.212767	1.812874
15594	-10431.91	-10934.86	502.9569	0.421051	0.352544	0.158397	0.0680071	1.296414	1.200647	5.797116	1.43765
15600	-10393.28	-10895.96	502.6822	0.480003	0.188189	0.215676	0.116131	1.102932	1.163652	5.992676	1.596541
15606	-10387.26	-10888.63	501.3713	0.385835	0.306242	0.214575	0.0933483	1.102932	1.119431	6.597158	1.897758
15612	-10392.21	-10893.52	501.3078	0.411977	0.30481	0.229113	0.0540997	1.227446	1.110751	6.624306	1.774442
15618	-10393.16	-10896.48	503.3234	0.347375	0.337011	0.270029	0.0455844	1.104432	1.094476	5.866711	1.210534
15624	-10407.92	-10910.46	502.5425	0.397064	0.242176	0.308655	0.0521049	1.104432	1.19432	6.164048	1.358175
15630	-10413.75	-10915.97	502.2218	0.535715	0.115156	0.268815	0.0803143	1.461758	1.086776	6.001153	1.832329
15636	-10395.1	-10895.25	500.1518	0.507649	0.225412	0.190832	0.0761066	1.371832	1.077137	6.548527	3.627642
15642	-10387.57	-10888.68	501.1072	0.49968	0.120451	0.30854	0.0713282	1.196681	1.161891	6.071171	3.627642
15648	-10391.11	-10891	499.8853	0.504902	0.12171	0.311765	0.0616229	1.248965	1.042767	7.295008	2.068328
15654	-10395.05	-10894.98	499.9265	0.413459	0.224476	0.320799	0.0412671	1.308322	0.9654804	7.295008	2.043199
15660	-10393.77	-10895.37	501.6003	0.389138	0.19922	0.314871	0.096772	1.056422	1.093422	6.562923	1.77749
15666	-10405.12	-10906.17	501.0505	0.455464	0.233176	0.198094	0.113266	1.112738	1.103432	6.565908	2.431372
15672	-10380.53	-10881.51	500.9798	0.444719	0.22597	0.26915	0.0601607	1.210426	1.115843	6.565908	2.379991
15678	-10393.49	-10894.56	501.072	0.503247	0.132914	0.304572	0.0592678	1.18617	1.058162	6.595027	2.28538
15684	-10410.95	-10911.18	500.2234	0.523441	0.165013	0.262158	0.0493874	1.18617	1.01541	6.76619	3.191931
15690	-10395.2	-10896.1	500.9089	0.453175	0.189344	0.300812	0.0566694	1.18617	1.059306	6.815915	1.947001
15696	-10394.06	-10893.31	499.2563	0.506598	0.260399	0.169216	0.0637874	1.280285	1.088096	7.461091	2.414764
15702	-10411.83	-10911.65	499.8161	0.489342	0.202156	0.224882	0.0836202	1.270248	0.9973651	7.031435	2.945961
15708	-10402.01	-10900.9	498.8935	0.489342	0.202156	0.224882	0.0836202	1.392236	1.072291	7.427324	2.945961
15714	-10412.75	-10913.01	500.2647	0.519322	0.169425	0.228794	0.082459	1.318381	1.071467	7.050291	2.045839
15720	-10402.06	-10901.66	499.5937	0.482368	0.122273	0.270979	0.124379	1.221834	1.070749	6.996858	3.39156
15726	-10393.88	-10894.28	500.3936	0.510345	0.129365	0.286696	0.0735941	1.348018	1.063264	6.996858	1.98129
15732	-10401.18	-10901.47	500.2884	0.472537	0.16245	0.265456	0.0995567	1.201659	1.068099	6.730302	3.079003
15738	-10398.19	-10899.59	501.3953	0.481465	0.165519	0.281291	0.0717242	1.403198	1.184505	6.322011	2.083278
15744	-10389.14	-10889	499.8581	0.530465	0.0651384	0.325373	0.0790236	1.55864	1.096718	6.824209	2.926151
15750	-10399.55	-10900.04	500.493	0.549819	0.0666315	0.302714	0.080835	1.531368	1.124338	6.478527	2.926151
15756	-10402.27	-10902.55	500.285	0.442079	0.234648	0.243396	0.0798768	1.264451	1.047288	6.922527	2.457492
15762	-10406.82	-10908.21	501.3959	0.450367	0.239047	0.208008	0.102578	1.047437	1.034554	6.46397	2.395343
15768	-10406.3	-10907.56	501.2597	0.448757	0.238193	0.207265	0.105785	1.306701	0.9767333	6.580025	2.021609
15774	-10388.3	-10888.74	500.4419	0.509773	0.202037	0.219691	0.0684994	1.306701	1.061947	6.580025	3.135596
15780	-10413.05	-10914.29	501.2435	0.368388	0.323311	0.259678	0.0486235	1.083987	1.067119	7.079511	1.095067
15786	-10415.57	-10916.97	501.4031	0.505182	0.186315	0.24415	0.0643531	1.260181	1.08883	6.456065	2.04325
15792	-10412.95	-10914.2	501.25	0.381098	0.439219	0.112632	0.0670515	1.145459	1.092885	6.667374	1.867978
15798	-10407.65	-10908.33	500.6805	0.381098	0.439219	0.112632	0.0670515	0.8848022	1.017659	6.594301	3.471305
15804	-10407.95	-10908.89	500.9335	0.436959	0.350489	0.125355	0.0871971	1.069019	1.130712	6.67708	2.324324
15810	-10419.07	-10920.35	501.2842	0.425108	0.258923	0.170247	0.145722	1.310614	1.173457	6.310896	2.402745
15816	-10406.23	-10907.73	501.5043	0.4955	0.233776	0.1544	0.116324	1.290532	1.13237	6.194138	2.483195
15822	-10395.1	-10894.4	499.2982	0.402737	0.323946	0.155879	0.117438	1.199618	1.13237	6.980232	3.930085
15828	-10383.93	-10884.65	500.7145	0.473611	0.285349	0.115122	0.125917	1.199618	1.102392	6.756635	2.287618
15834	-10382.27	-10884.21	501.9455	0.407985	0.373391	0.104416	0.114207	1.149319	1.104629	6.113919	2.287618
15840	-10379.15	-10879.8	500.6523	0.365149	0.467009	0.0801628	0.0876796	1.145077	1.074049	6.726321	2.581324
15846	-10388.02	-10889.43	501.4093	0.32766	0.419062	0.16254	0.0907379	1.098531	1.090665	6.601016	1.882136
15852	-10406.39	-10907.84	501.4581	0.442562	0.328537	0.0875365	0.141365	1.113957	1.053395	6.612592	1.820754
15858	-10405.09	-10907.4	502.3162	0.347252	0.435183	0.0832015	0.134364	1.147908	1.099461	6.001609	2.067642
15864	-10424.05	-10926.61	502.5652	0.373372	0.460935	0.0233767	0.142315	1.241645	1.150194	6.019808	1.535897
15870	-10410.18	-10911.27	501.0886	0.364582	0.442165	0.0272652	0.165988	1.066268	1.117205	6.460389	2.718934
15876	-10398.34	-10900.18	501.8385	0.386564	0.435841	0.0268752	0.15072	1.012588	1.157532	6.323118	2.01524
15882	-10405.46	-10907.62	502.1618	0.333101	0.534826	0.00669733	0.125376	1.012588	1.124135	6.17026	2.003635
15888	-10387.32	-10888.2	500.8808	0.553065	0.227648	0.0111199	0.208168	1.554921	1.150404	6.300587	2.754914
15894	-10375.27	-10876.98	501.7149	0.519407	0.245433	0.0107289	0.224431	1.289301	1.144196	5.91342	2.945371
15900	-10396.44	-10895.94	499.5051	0.458175	0.353244	0.0131881	0.175393	1.397421	1.071165	7.097238	2.945371
15906	-10402.57	-10903.65	501.0898	0.434596	0.372491	0.0372334	0.15568	1.256934	1.108952	6.289348	2.945371
15912	-10408.08	-10909.78	501.7	0.446703	0.352609	0.0533177	0.14737	1.074739	1.112069	6.457962	1.850391
15918	-10413.87	-10915.78	501.9156	0.440353	0.347596	0.0667748	0.145275	1.197734	1.13835	6.115011	2.214178
15924	-10405.75	-10907.45	501.6972	0.427745	0.337643	0.102282	0.13233	1.264875	1.058541	6.380438	1.873846
15930	-10382.73	-10882.7	499.9719	0.439607	0.347007	0.0773856	0.136	1.351097	1.06952	7.262987	1.873846
15936	-10402.47	-10903.62	501.1574	0.439607	0.347007	0.0773856	0.136	1.125294	1.022738	6.763324	1.873846
15942	-10402.34	-10902.66	500.3163	0.495349	0.339235	0.0529925	0.112424	1.60832	1.12843	6.939807	1.840861
15948	-10392.54	-10893.36	500.8238	0.483558	0.33116	0.075535	0.109747	1.539657	1.13638	6.219359	3.140714
15954	-10391.69	-10893.01	501.3192	0.345237	0.47247	0.0719282	0.110365	1.012082	1.111192	6.767657	1.68891
15960	-10386.89	-10888.52	501.6316	0.360839	0.493822	0.0299866	0.115353	1.031248	1.147896	6.519472	1.801926
15966	-10393.65	-10895.01	501.3615	0.348597	0.464996	0.0254107	0.160996	1.019378	1.009188	6.7469	1.801926
15972	-10397.22	-10898.09	500.8717	0.334661	0.446407	0.064372	0.15456	1.087079	1.117854	6.786912	2.118474
15978	-10410.46	-10911.4	500.9424	0.365978	0.416451	0.0795766	0.137995	1.144102	1.054585	6.753119	2.118474
15984	-10411.6	-10912.78	501.1828	0.390107	0.431565	0.0777904	0.100538	1.064753	1.066899	6.753119	1.884447
15990	-10406.42	-10907.26	500.8367	0.474323	0.307662	0.125486	0.0925289	1.490245	0.9911412	6.799032	1.81337
15996	-10396.81	-10897.83	501.0155	0.455487	0.325901	0.119561	0.0990511	1.236591	1.123544	6.643374	2.082296
16002	-10400.95	-10902.22	501.2668	0.396542	0.383738	0.0951486	0.124571	1.139262	1.055767	6.344434	2.760302
16008	-10408.99	-10910.79	501.7982	0.375334	0.385336	0.0992377	0.140092	1.150533	1.073868	6.339882	1.959871
16014	-10422.1	-10924.49	502.3876	0.362985	0.372659	0.128872	0.135483	1.163625	1.087712	6.028305	1.90358
16020	-10418.8	-10917.38	498.5831	0.48629	0.233398	0.0898102	0.190502	1.678689	1.077412	7.000736	4.574388
16026	-10422.98	-10922.85	499.8722	0.562732	0.173324	0.0764555	0.187488	1.759487	1.077412	6.727236	2.958078
16032	-10418.21	-10917.98	499.7742	0.413054	0.327713	0.097038	0.162195	1.606896	1.067859	6.727236	3.358175
16038	-10424.14	-10924.27	500.1324	0.51205	0.250116	0.0367664	0.201068	1.665686	1.139789	6.727236	2.566135
16044	-10411.38	-10912.96	501.5733	0.365986	0.387104	0.135324	0.111586	1.176284	1.098161	6.713719	1.33879
16050	-10423.79	-10925.42	501.6396	0.366287	0.387423	0.134613	0.111678	1.242474	1.118537	6.633194	1.33879
16056	-10409.38	-10910.93	501.5557	0.391703	0.414305	0.0745648	0.119427	1.07586	1.020268	6.633194	1.738645
16062	-10424.59	-10925.71	501.1127	0.386847	0.40917	0.0860363	0.117947	1.170844	1.048096	6.766823	1.834394
16068	-10421.53	-10921.86	500.3268	0.366414	0.355104	0.092412	0.18607	1.203539	1.05778	6.893006	2.546752
16074	-10421.49	-10921.82	500.3288	0.452951	0.313439	0.0551083	0.178502	1.285193	1.057416	6.851132	2.546752
16080	-10419.35	-10919.91	500.5575	0.412389	0.245484	0.216028	0.126099	1.38164	1.045733	6.785807	2.276906
16086	-10414.29	-10914.81	500.5185	0.501	0.124237	0.274802	0.0999609	1.421272	1.051937	6.835719	2.143717
16092	-10401.69	-10901.86	500.1682	0.496129	0.175539	0.240755	0.0875761	1.283864	1.065246	6.823366	2.869845
16098	-10397.76	-10898.39	500.6316	0.509668	0.18033	0.220036	0.0899659	1.543871	1.114866	6.533226	2.545508
16104	-10391.94	-10894.44	502.5058	0.509668	0.18033	0.220036	0.0899659	1.299979	1.190807	5.566569	2.604125
16110	-10401.81	-10904.39	502.5807	0.50148	0.177433	0.216502	0.104585	1.232111	1.174307	5.566204	2.611837
16116	-10384.37	-10887.06	502.6822	0.472034	0.270458	0.141349	0.116159	1.648431	1.245465	5.335822	2.430771
16122	-10401.84	-10903.72	501.8809	0.521889	0.1789	0.156278	0.142933	1.405292	1.186671	5.889885	2.518709
16128	-10415.02	-10915.19	500.1769	0.517047	0.0768494	0.303029	0.103075	1.346887	1.113875	6.66182	3.179233
16134	-10414.12	-10914.3	500.1796	0.578404	0.0769871	0.24135	0.103259	1.372784	1.058483	6.871252	2.594629
16140	-10407.37	-10907.28	499.9074	0.554345	0.115379	0.231311	0.0989645	1.333853	1.055027	6.810488	3.292598
16146	-10399.5	-10901.01	501.5132	0.538491	0.151812	0.216899	0.0927986	1.483791	1.073588	6.151016	2.418911
16152	-10401.98	-10903.92	501.9387	0.494902	0.200568	0.185928	0.118602	1.266855	1.140588	5.804705	2.944469
16158	-10416.81	-10918.48	501.6677	0.47154	0.334301	0.0962897	0.0978692	1.397223	1.134172	6.37987	1.667152
16164	-10422.47	-10924.09	501.6183	0.469437	0.232062	0.148805	0.149696	1.151067	1.180094	6.009223	2.969956
16170	-10404.32	-10907.13	502.8103	0.431563	0.333608	0.0918394	0.142989	1.151067	1.211892	5.801719	1.751034
16176	-10430.51	-10932.82	502.3121	0.419824	0.380934	0.0782864	0.120956	1.204061	1.158609	5.788177	2.469074
16182	-10405.29	-10907.55	502.2594	0.341942	0.485964	0.0694532	0.10264	0.9192772	1.176795	6.042346	2.249413
16188	-10402.38	-10904.22	501.8421	0.301785	0.420728	0.193937	0.0835506	0.8777197	1.076811	6.560559	1.727006
16194	-10424.19	-10926.56	502.3775	0.307621	0.513409	0.0746067	0.104363	0.8758875	1.111468	6.339568	1.533797
16200	-10401.7	-10903.57	501.8663	0.379204	0.361109	0.14494	0.114747	1.034201	1.074522	6.339568	2.019837
16206	-10383.05	-10884.82	501.773	0.398481	0.362754	0.123317	0.115448	1.145444	1.177799	6.168961	2.290422
16212	-10390.55	-10891.62	501.0676	0.427716	0.321911	0.146978	0.103394	1.063476	1.112106	6.371021	3.03422
16218	-10388.52	-10890.74	502.2192	0.387255	0.31413	0.174625	0.123989	0.9788913	1.105509	6.260531	1.782231
16224	-10399.3	-10899.36	500.0644	0.473534	0.284582	0.0739247	0.167959	1.188141	1.125846	6.716007	3.439707
16230	-10419.33	-10920.29	500.965	0.418101	0.251268	0.182334	0.148298	1.266738	1.205107	6.400598	2.648366
16236	-10428.55	-10930.19	501.6439	0.453141	0.226228	0.195372	0.125259	1.263483	1.205107	5.950614	2.889213
16242	-10424.82	-10926.61	501.7898	0.465322	0.304261	0.0660984	0.164319	1.292804	1.211949	6.005847	2.451141
16248	-10428.83	-10929.56	500.7349	0.415756	0.271851	0.225017	0.0873759	1.238837	1.074002	6.68048	2.451141
16254	-10403.91	-10905.07	501.1629	0.436298	0.305586	0.142657	0.11546	1.174328	1.134626	6.37927	2.64611
16260	-10411.46	-10912.73	501.2708	0.386312	0.44665	0.0617032	0.105334	1.047228	1.249046	5.965064	3.795302
16266	-10402.89	-10904.74	501.8504	0.341888	0.378586	0.129	0.150526	1.012017	1.222303	5.981203	2.82748
16272	-10395.02	-10898.98	503.9623	0.354078	0.447364	0.0800897	0.118469	1.028417	1.239171	5.262185	1.654886
16278	-10396.83	-10900.45	503.6199	0.261799	0.486085	0.0870217	0.165094	0.8731727	1.243187	5.535298	1.654886
16284	-10398.82	-10901.31	502.4993	0.261799	0.486085	0.0870217	0.165094	0.8937562	1.132542	6.066664	1.956847
16290	-10417.27	-10918.88	501.6108	0.403606	0.353847	0.0921462	0.1504	1.125155	1.111984	6.381641	2.089433
16296	-10418.8	-10919.65	500.8427	0.427638	0.374916	0.0380908	0.159355	1.130898	1.10947	6.610246	2.585261
16302	-10416.65	-10918.31	501.6586	0.443078	0.396174	0.0181553	0.142592	1.327641	1.091408	6.20641	2.236351
16308	-10413.92	-10915.83	501.9028	0.408583	0.364622	0.108351	0.118445	1.272708	1.168542	5.770491	3.05307
16314	-10398	-10897.26	499.2662	0.431048	0.339442	0.114308	0.115201	1.263968	1.011669	7.268555	3.114549
16320	-10411.54	-10909.88	498.3379	0.495633	0.31063	0.0883138	0.105423	1.36006	1.074045	7.502226	3.733829
16326	-10385.46	-10886.09	500.6224	0.37823	0.390307	0.0960675	0.135396	1.08283	1.137653	7.09037	1.69095
16332	-10391.92	-10892.16	500.2346	0.368876	0.396179	0.0975128	0.137433	1.266464	1.011473	7.272811	1.69095
16338	-10403.98	-10904.62	500.6473	0.307738	0.537685	0.0399224	0.114655	1.048937	1.032821	7.151237	1.69095
16344	-10425.6	-10925.73	500.1327	0.42867	0.36722	0.0328315	0.171279	1.392842	1.0975	6.976918	2.289153
16350	-10408.26	-10908.52	500.2586	0.44828	0.384019	0.03813	0.129571	1.186753	1.059223	7.031638	2.289153
16356	-10402.9	-10902.65	499.7537	0.467933	0.400854	0.0398017	0.0914107	1.447238	1.053634	7.178565	2.289153
16362	-10418.26	-10920.86	502.5983	0.323499	0.466556	0.139531	0.0704142	1.06889	1.098137	6.274711	1.218375
16368	-10413.46	-10913.96	500.4977	0.391083	0.352133	0.161664	0.0951198	1.007309	1.043501	6.901633	2.573827
16374	-10399.57	-10901.18	501.6066	0.450455	0.316969	0.145521	0.0870555	1.05436	1.069689	6.782887	1.322283
16380	-10413.58	-10915.52	501.937	0.242289	0.454474	0.202496	0.100741	0.8904404	1.125678	6.303499	2.141739
16386	-10423.13	-10925.34	502.212	0.260659	0.488932	0.213897	0.0365108	0.9050416	1.146504	6.303499	1.734941
16392	-10415.05	-10917.27	502.2236	0.363126	0.431222	0.153537	0.0521137	0.9050416	1.165368	6.309635	1.683588
16398	-10420.16	-10922.65	502.4868	0.288776	0.41856	0.218554	0.0741097	0.9579723	1.152364	6.160522	1.647397
16404	-10435.67	-10938.32	502.6498	0.425845	0.329403	0.117676	0.127077	1.628202	1.207924	5.714878	1.625418
16410	-10399.88	-10902.89	503.0069	0.391118	0.322799	0.209185	0.0768975	1.120013	1.138511	5.991398	1.241546
16416	-10397.25	-10899.12	501.8708	0.388267	0.320446	0.21495	0.0763369	1.074193	1.161462	6.396187	1.717513
16422	-10395.42	-10897.14	501.7128	0.504579	0.248074	0.173021	0.074326	1.245227	1.160927	6.216986	2.142202
16428	-10401.16	-10902.51	501.3496	0.490696	0.241248	0.195774	0.072281	1.176584	1.206707	6.087718	3.093903
16434	-10386.62	-10888.19	501.5697	0.472792	0.268933	0.188631	0.0696436	1.501253	1.201064	5.921111	2.760043
16440	-10380.86	-10883.31	502.4538	0.463006	0.263367	0.179136	0.0944916	1.214521	1.224657	5.675577	2.451148
16446	-10383.77	-10885.93	502.1606	0.454525	0.258543	0.175854	0.111077	1.200299	1.175696	6.13261	1.792023
16452	-10378.07	-10879.58	501.5109	0.38456	0.342037	0.184293	0.0891097	1.073472	1.098796	6.243764	2.700288
16458	-10393.1	-10893.45	500.343	0.406284	0.35682	0.152708	0.0841889	1.172653	1.010951	6.970891	2.420052
16464	-10410.89	-10912.1	501.2112	0.441386	0.321041	0.120187	0.117387	1.28192	1.034003	6.609187	1.968387
16470	-10402.55	-10904.83	502.2792	0.375728	0.405328	0.129942	0.0890016	0.9919573	1.056409	6.168903	1.968387
16476	-10393.1	-10895.39	502.2853	0.445397	0.331902	0.138265	0.0844358	1.048326	1.164035	6.168903	1.750626
16482	-10390.54	-10893.77	503.2265	0.416268	0.349334	0.145527	0.0888705	0.9459036	1.271716	5.503467	2.103473
16488	-10394.26	-10897.59	503.3287	0.458904	0.304251	0.136854	0.0999908	1.055114	1.164284	5.620373	1.693277
16494	-10400.4	-10901.02	500.6193	0.459938	0.304937	0.13491	0.100216	1.179587	1.184298	6.588811	2.807542
16500	-10401.95	-10902.81	500.8637	0.466273	0.292569	0.139561	0.101596	1.324039	1.116511	6.284889	3.225926
16506	-10403.79	-10904.37	500.582	0.603754	0.115669	0.162374	0.118203	1.572514	1.084817	6.005555	4.400423
16512	-10399.37	-10898.98	499.6115	0.555057	0.106339	0.209919	0.128685	1.524812	1.014866	6.964442	3.088567
16518	-10394.33	-10896.83	502.5024	0.313499	0.409156	0.184731	0.0926147	0.9516411	1.123513	6.054092	1.917483
16524	-10425.46	-10925.91	500.4467	0.522922	0.218316	0.136971	0.12179	1.456397	1.114539	6.543813	2.926756
16530	-10396.94	-10897.16	500.2282	0.421075	0.31995	0.110293	0.148681	1.187204	1.093956	6.795646	2.956603
16536	-10386.46	-10886.65	500.1881	0.437736	0.228362	0.227782	0.10612	1.384732	1.153757	6.395459	3.93176
16542	-10411.76	-10912.08	500.3155	0.495845	0.213005	0.204919	0.0862305	1.269108	1.021303	6.854387	2.636042
16548	-10388.78	-10887.84	499.0543	0.540638	0.222556	0.175089	0.0617165	1.286105	1.057839	7.317695	3.20722
16554	-10396.04	-10896.47	500.4291	0.463862	0.227281	0.252173	0.0566837	1.033399	1.076347	6.486342	3.930594
16560	-10391.59	-10891.59	500.0087	0.491687	0.247915	0.200314	0.0600839	1.077289	1.082189	7.071972	2.674014
16566	-10409.37	-10909.84	500.4694	0.488386	0.24625	0.187562	0.0778019	1.085238	0.984985	6.918958	2.53993
16572	-10406.28	-10905.61	499.3232	0.416706	0.314446	0.17142	0.0974283	1.174834	1.087692	7.053113	3.75065
16578	-10386.16	-10887.21	501.047	0.466673	0.210183	0.191975	0.131169	1.333791	1.019411	6.458466	2.549512
16584	-10392.56	-10893.56	500.9934	0.352255	0.306802	0.289899	0.0510437	0.8872467	1.039033	6.919981	1.997917
16590	-10392.77	-10893.36	500.5865	0.513873	0.192572	0.227173	0.0663821	1.307828	1.037021	6.919981	1.997917
16596	-10405.83	-10906.63	500.7964	0.439869	0.242917	0.250601	0.0666136	1.036316	1.028531	6.579231	3.029798
16602	-10399.77	-10902.27	502.5003	0.432751	0.24153	0.246546	0.0791727	1.094669	1.189956	5.80741	2.251017
16608	-10401.07	-10903.53	502.4607	0.4845	0.247236	0.138056	0.130209	1.003615	1.136289	5.992887	2.035059
16614	-10406.84	-10906.64	499.8028	0.503984	0.220599	0.143608	0.131809	1.336333	1.172916	6.093541	6.154069
16620	-10402.15	-10903.39	501.2391	0.545252	0.16123	0.179023	0.114495	1.336333	1.110071	6.163925	2.957872
16626	-10417.36	-10918.59	501.2359	0.564831	0.16702	0.185451	0.0826982	1.281906	1.117461	6.110498	3.201567
16632	-10411.51	-10912.16	500.6541	0.488082	0.173575	0.256048	0.0822951	1.283065	1.211256	6.225458	3.702576
16638	-10374.34	-10876.13	501.7923	0.508377	0.175573	0.251737	0.0643135	1.210887	1.140775	6.185532	2.184686
16644	-10379.9	-10881.09	501.1902	0.550079	0.0468491	0.333483	0.0695891	1.201432	1.17003	6.379093	2.511492
16650	-10381.72	-10882.31	500.584	0.540208	0.084011	0.241639	0.134142	1.304295	1.124354	6.504031	3.030394
16656	-10384.49	-10886.14	501.6503	0.447992	0.304398	0.161146	0.086464	1.086967	1.117327	6.504031	1.783767
16662	-10401.83	-10903.58	501.7551	0.382971	0.329268	0.173181	0.11458	1.096138	1.101767	6.4508	1.783767
16668	-10403.83	-10904.82	500.9832	0.438957	0.264237	0.259591	0.0372153	1.084924	1.07571	7.000978	1.529673
16674	-10419.59	-10920.14	500.5536	0.388572	0.323736	0.242515	0.0451774	1.111308	1.099403	7.327707	1.273429
16680	-10425.29	-10924.16	498.8673	0.524995	0.080608	0.365961	0.0284356	1.372755	1.042299	6.894119	5.048808
16686	-10431.26	-10931.21	499.9461	0.524995	0.080608	0.365961	0.0284356	1.155308	1.030923	7.067179	2.748499
16692	-10425.55	-10927.92	502.3699	0.297658	0.549425	0.0936588	0.0592586	0.9978734	1.110441	6.334022	1.412816
16698	-10412.04	-10913.86	501.817	0.328194	0.412401	0.112913	0.146492	1.216966	1.119719	6.10735	2.376368
16704	-10412.31	-10915.21	502.8921	0.292067	0.569213	0.00835402	0.130366	1.06062	1.205022	5.651943	2.125693
16710	-10405.9	-10909.47	503.5713	0.292067	0.569213	0.00835402	0.130366	1.075613	1.293188	5.456618	1.580291
16716	-10412.93	-10915.23	502.2957	0.346363	0.494854	0.00418158	0.154602	1.075613	1.139923	6.082084	1.937568
16722	-10410.97	-10913.96	502.9889	0.397913	0.429732	0.00482397	0.167532	1.114146	1.262504	5.40601	2.470888
16728	-10415.8	-10918.82	503.0224	0.393981	0.425485	0.0125209	0.168013	1.391384	1.170592	5.574163	1.778931
16734	-10401.13	-10901.65	500.5198	0.345211	0.418014	0.157764	0.0790109	1.173295	1.041322	6.698695	2.880719
16740	-10397.67	-10899.43	501.7605	0.429784	0.350861	0.141048	0.0783073	1.269888	1.185663	5.974277	2.655755
16746	-10391.93	-10893.02	501.091	0.443227	0.325067	0.154152	0.0775535	1.094964	1.127239	6.731975	1.937932
16752	-10411.31	-10912.92	501.6155	0.36563	0.4002	0.172585	0.0615863	1.069433	1.099162	6.504205	1.872517
16758	-10418.11	-10920.03	501.921	0.521053	0.231675	0.159506	0.0877658	1.444067	1.142727	5.927085	2.372739
16764	-10420.25	-10920.16	499.9103	0.338192	0.394919	0.113785	0.153104	1.039643	1.043545	7.507241	1.780302
16770	-10412.94	-10913.9	500.9532	0.421826	0.267262	0.187642	0.123269	1.136784	0.9857569	6.698917	2.351984
16776	-10423.19	-10923.62	500.4315	0.424687	0.292393	0.145146	0.137773	1.058885	1.05157	6.906073	2.571958
16782	-10403.59	-10904.05	500.459	0.287163	0.493984	0.118158	0.100695	1.109352	1.105041	7.15884	1.743935
16788	-10416.22	-10917.4	501.1755	0.271043	0.454083	0.179831	0.0950427	0.8209322	1.065023	7.375906	0.8801686
16794	-10394.73	-10893.81	499.0728	0.472357	0.297294	0.0837039	0.146644	1.141741	1.091444	7.015003	4.458085
16800	-10385.96	-10886.89	500.9335	0.443687	0.315845	0.1256	0.114868	1.080103	1.106424	6.769272	2.103551
16806	-10390.71	-10891.51	500.8057	0.495827	0.238686	0.143875	0.121613	1.346569	1.106424	6.4989	2.65409
16812	-10417.29	-10918.11	500.8203	0.531612	0.28549	0.0475593	0.135339	1.34842	1.203615	6.145424	3.569283
16818	-10406.75	-10908.18	501.4241	0.497608	0.307639	0.0949635	0.0997897	1.457644	1.198472	6.005794	2.809357
16824	-10420.09	-10922.27	502.1767	0.403659	0.310334	0.205259	0.0807474	1.016559	1.135752	6.093452	2.153936
16830	-10406.52	-10908.64	502.1154	0.357791	0.32142	0.17993	0.140859	1.114201	1.153404	6.198132	1.829266
16836	-10407.3	-10908.7	501.4001	0.497541	0.236201	0.162746	0.103512	1.125141	1.054999	6.508972	2.134329
16842	-10388.38	-10888.6	500.2245	0.399611	0.328475	0.17859	0.0933236	1.272047	1.033101	7.08051	2.134329
16848	-10395.43	-10895.77	500.342	0.370216	0.35001	0.174472	0.105302	1.158398	1.098826	7.08051	2.030327
16854	-10392.76	-10893.69	500.9255	0.421527	0.259893	0.224048	0.0945319	1.153404	1.129219	6.741264	2.057598
16860	-10394.96	-10895.93	500.974	0.416325	0.256885	0.221455	0.105335	1.153404	1.059379	6.816698	1.900747
16866	-10412.08	-10913.71	501.6319	0.431884	0.229113	0.229732	0.109271	1.267434	1.092252	6.435344	1.78228
16872	-10395.97	-10897.85	501.8812	0.395235	0.316326	0.195466	0.0929729	1.21883	1.186904	6.399181	1.502103
16878	-10406.69	-10908.75	502.0587	0.351667	0.407259	0.150139	0.0909353	1.051004	1.07301	6.355888	1.714515
16884	-10407.91	-10909.51	501.5966	0.230814	0.515866	0.177095	0.0762256	0.9478385	1.081157	6.961333	1.082618
16890	-10390.54	-10892.97	502.4272	0.244216	0.50885	0.166282	0.0806516	0.8085571	1.123764	6.498374	1.215781
16896	-10403.77	-10905.89	502.118	0.386933	0.367552	0.215062	0.0304523	0.9397444	1.049406	6.469305	1.553684
16902	-10410.05	-10912.4	502.3509	0.341922	0.440768	0.170958	0.0463519	0.7513131	1.100973	6.469305	1.450658
16908	-10385.35	-10887.8	502.4518	0.339669	0.476001	0.134273	0.050057	1.066087	1.14168	6.310754	1.260575
16914	-10394.96	-10895.85	500.8868	0.34735	0.339114	0.168959	0.144576	1.177985	1.109942	6.642872	2.361416
16920	-10387.84	-10888.49	500.6494	0.492738	0.288905	0.0556399	0.162717	1.378245	1.09076	6.681051	2.363505
16926	-10398.12	-10897.96	499.8373	0.498488	0.292276	0.0562891	0.152947	1.340289	1.02515	7.190808	2.314076
16932	-10404.51	-10905.11	500.6012	0.420768	0.332316	0.117815	0.129101	1.123435	1.027233	6.703619	2.834129
16938	-10394.85	-10896.04	501.1917	0.430893	0.291202	0.129312	0.148593	1.224	1.144786	6.703619	1.698291
16944	-10398.5	-10898.59	500.0841	0.490779	0.304264	0.0357132	0.169244	1.517635	1.207973	6.673734	2.88735
16950	-10412.4	-10913.87	501.4673	0.495166	0.308731	0.005943	0.19016	1.159201	1.135473	5.972171	3.41308
16956	-10399.49	-10901.55	502.0622	0.532063	0.260975	0.0244898	0.182471	1.31991	1.177582	5.972171	2.162482
16962	-10411.36	-10912.67	501.3074	0.501409	0.159825	0.166807	0.171959	1.577294	1.192678	5.972171	2.941996
16968	-10405.9	-10907.86	501.9636	0.440924	0.291987	0.180736	0.0863533	1.076944	1.162729	6.024891	2.518769
16974	-10396.58	-10898.59	502.0066	0.456459	0.259354	0.207484	0.0767023	1.160794	1.188082	6.213475	1.830668
16980	-10398.09	-10899.57	501.4831	0.411824	0.331779	0.187196	0.069202	1.12131	1.081655	6.584949	1.809092
16986	-10396.38	-10898.26	501.8806	0.415725	0.326041	0.188969	0.0692659	0.9907078	1.094286	6.37556	1.944151
16992	-10394.48	-10895.83	501.3412	0.327492	0.375277	0.217505	0.079726	0.9878234	1.094286	6.880334	1.464121
16998	-10409.28	-10911.29	502.0087	0.49723	0.198759	0.204112	0.0998998	0.9992806	1.147772	6.094537	2.398005
17004	-10426.97	-10927.93	500.9625	0.504296	0.201584	0.207013	0.0871076	1.217051	1.150053	6.331315	3.022144
17010	-10420.34	-10921.34	500.9937	0.447515	0.304918	0.170268	0.0772997	1.133009	1.032103	6.974066	1.572536
17016	-10418.81	-10919.16	500.3456	0.47253	0.266064	0.179786	0.0816206	1.30324	1.059225	6.974066	2.16445
17022	-10405.03	-10905.91	500.878	0.389618	0.371143	0.17194	0.067299	1.015663	1.091163	6.974066	1.781827
17028	-10435.64	-10937.08	501.4365	0.435737	0.241429	0.280743	0.0420906	1.212461	1.134914	6.4306	2.059491
17034	-10434.64	-10936.06	501.422	0.396831	0.284345	0.262492	0.0563315	1.238113	1.134914	6.569236	1.716532
17040	-10410.5	-10912.77	502.2681	0.332595	0.424496	0.195696	0.0472129	0.9039483	1.108718	6.229402	1.885801
17046	-10411.74	-10911.67	499.9378	0.49709	0.137037	0.292484	0.0733896	1.249735	1.052143	6.757366	3.5608
17052	-10421.43	-10923.88	502.4419	0.455978	0.286951	0.164943	0.0921286	1.205006	1.102228	6.071137	1.66894
17058	-10403.16	-10904.81	501.641	0.490419	0.194438	0.202203	0.11294	1.205006	1.123827	5.979978	3.029989
17064	-10403.49	-10904.52	501.0228	0.546172	0.211888	0.123015	0.118924	1.298289	1.15804	6.244533	3.049315
17070	-10412.44	-10914.82	502.3836	0.546172	0.211888	0.123015	0.118924	1.208154	1.137243	5.899951	2.100074
17076	-10406.51	-10908.59	502.0813	0.469379	0.184777	0.26407	0.0817738	1.405592	1.153541	5.702565	2.790509
17082	-10406.58	-10908.01	501.4326	0.455139	0.280563	0.201147	0.0631508	1.161894	1.088323	6.490916	2.042131
17088	-10418.58	-10920.23	501.6444	0.442574	0.370078	0.0851655	0.102183	1.196528	1.104839	6.435949	1.832921
17094	-10405.66	-10906.69	501.0348	0.574415	0.0346684	0.259908	0.131008	1.393442	1.072003	6.397618	2.577228
17100	-10404.74	-10904.2	499.4597	0.552989	0.0602324	0.259193	0.127585	1.423239	1.072003	6.772298	4.090781
17106	-10406.34	-10904.5	498.1668	0.498616	0.131733	0.248983	0.120668	1.423239	0.9931971	7.611836	3.716707
17112	-10407.45	-10904.91	497.4559	0.483645	0.143897	0.271974	0.100483	1.345051	0.9550463	8.548455	2.179298
17118	-10401.22	-10901.32	500.1082	0.450037	0.152676	0.307334	0.0899535	1.345051	1.063653	7.003715	2.36336
17124	-10416.35	-10916.94	500.5851	0.430437	0.159154	0.320376	0.0900327	1.053422	1.056178	6.899137	2.36336
17130	-10419.19	-10918.42	499.2258	0.548078	0.182648	0.176034	0.0932397	1.178602	0.9623461	7.492363	2.708583
17136	-10414.36	-10913.92	499.5671	0.544723	0.127179	0.14706	0.181038	1.543418	1.049666	6.993856	2.986158
17142	-10409.85	-10910.29	500.4388	0.538407	0.122764	0.239577	0.0992525	1.322863	0.9750831	6.735349	2.784323
17148	-10400.3	-10900.95	500.6492	0.456438	0.168875	0.290545	0.084142	1.664286	1.087186	6.538404	2.395924
17154	-10405.65	-10908.94	503.2808	0.429823	0.279701	0.163424	0.127052	1.096955	1.133552	5.640249	1.69515
17160	-10407.6	-10907.48	499.8802	0.472348	0.21578	0.268328	0.0435436	1.349115	1.044269	7.217518	2.145266
17166	-10388.78	-10889.04	500.2627	0.486421	0.171782	0.294075	0.0477217	1.476454	0.9739374	7.157673	1.73468
17172	-10397.84	-10898.51	500.6703	0.500726	0.183579	0.288322	0.0273722	1.184294	1.069815	6.841999	2.193017
17178	-10392.59	-10892.55	499.9602	0.489783	0.174178	0.273558	0.0624812	1.234278	0.9870628	7.32479	1.986536
17184	-10386.03	-10887.17	501.1395	0.458963	0.190985	0.299954	0.0500974	1.308548	1.011633	6.693198	1.856847
17190	-10395.57	-10895.14	499.5737	0.360603	0.329459	0.272576	0.0373617	1.067011	1.023036	7.682439	1.783844
17196	-10398.37	-10898.21	499.8373	0.391524	0.3166	0.256691	0.0351843	1.032882	1.023036	7.340057	2.336243
17202	-10388.02	-10889.65	501.6305	0.369666	0.365861	0.231253	0.03322	0.9286407	1.117073	6.778951	1.391193
17208	-10388.83	-10890.62	501.7911	0.335221	0.415614	0.211428	0.0377376	0.9644949	1.043737	6.712158	1.391193
17214	-10411.11	-10912.48	501.3705	0.387433	0.26016	0.318551	0.0338567	1.049705	1.063277	6.712158	1.765749
17220	-10407.86	-10910.03	502.1702	0.343559	0.353473	0.272636	0.0303322	1.102492	1.102403	6.235235	1.752842
17226	-10397.67	-10899.27	501.5959	0.332009	0.299032	0.277314	0.0916454	1.246423	1.034582	6.50936	1.752842
17232	-10383.68	-10885.79	502.113	0.266728	0.441501	0.222787	0.0689835	0.9318597	1.128973	6.48139	1.45065
17238	-10379.49	-10881.88	502.3886	0.313452	0.413368	0.208591	0.0645878	1.037565	1.100874	6.456414	1.116566
17244	-10388.08	-10890.45	502.3645	0.331737	0.380458	0.216655	0.0711512	0.9259031	1.150593	6.095353	1.998112
17250	-10383.9	-10886.08	502.1808	0.343835	0.357864	0.224556	0.073746	0.9259031	1.046878	6.485929	1.464371
17256	-10393.62	-10894.7	501.0776	0.327988	0.387459	0.214207	0.0703471	1.036572	1.053555	6.908111	1.706809
17262	-10409.65	-10911.47	501.8256	0.329959	0.385278	0.206928	0.0778357	1.111647	1.137516	6.418639	1.706809
17268	-10402.26	-10903.16	500.8993	0.422697	0.331953	0.178288	0.0670627	1.287408	1.137516	6.483699	2.588139
17274	-10419.14	-10921	501.8604	0.443618	0.258385	0.264512	0.0334849	1.052034	1.057601	6.598976	1.435077
17280	-10395.1	-10899.46	504.3648	0.373926	0.362651	0.194775	0.068648	1.004465	1.237441	5.275317	1.200627
17286	-10413.75	-10916.89	503.1425	0.426136	0.301135	0.221971	0.0507567	0.9879209	1.148498	6.003877	1.200627
17292	-10400.08	-10901.77	501.6906	0.481912	0.169199	0.321129	0.0277593	1.183654	1.105739	6.20408	2.367714
17298	-10402.05	-10904.21	502.154	0.442428	0.273774	0.262704	0.0210934	1.183654	1.116252	6.153279	1.847728
17304	-10407.49	-10908.94	501.4416	0.41431	0.273694	0.292242	0.0197528	1.181069	1.150851	6.417301	2.104573
17310	-10393.8	-10894.27	500.4781	0.455794	0.19614	0.280969	0.0670966	1.221209	0.9685329	7.101743	1.892241
17316	-10417.06	-10917.6	500.5425	0.544338	0.0558794	0.335551	0.0642317	1.221209	0.9906873	6.88703	2.318766
17322	-10415.53	-10916.21	500.6739	0.533549	0.106974	0.218142	0.141335	1.401351	1.000018	6.722378	2.318766
17328	-10418.01	-10918.49	500.4821	0.55249	0.151221	0.193757	0.102532	1.429953	1.082023	6.722378	2.442286
17334	-10400.65	-10900.87	500.2142	0.483951	0.27763	0.150099	0.0883202	1.131044	1.00253	6.78183	3.271879
17340	-10398.12	-10900.16	502.0443	0.412069	0.340924	0.0967806	0.150226	1.225338	1.185572	6.118167	1.932566
17346	-10406.13	-10908.09	501.9599	0.357906	0.443753	0.0851355	0.113206	1.160784	1.208191	6.184971	1.932566
17352	-10395.14	-10896.04	500.8975	0.561352	0.096837	0.23465	0.107161	1.467975	1.028125	6.863488	1.570903
17358	-10393.61	-10894.85	501.2486	0.484482	0.0977839	0.343113	0.0746208	1.252675	1.133349	6.333535	2.533088
17364	-10397.68	-10900.25	502.5704	0.463455	0.164573	0.328222	0.04375	1.252675	1.178829	6.055864	1.40918
17370	-10394.1	-10896.93	502.8296	0.36062	0.283369	0.321081	0.0349309	0.9723529	1.191006	6.055864	1.40918
17376	-10396.12	-10896.52	500.4082	0.379512	0.288698	0.305219	0.0265701	0.9310151	1.053222	7.445188	1.442089
17382	-10380.71	-10881.29	500.5754	0.382583	0.322101	0.247988	0.0473288	1.218662	1.053222	7.072174	1.734432
17388	-10398.62	-10900.22	501.6027	0.376435	0.316925	0.2463	0.06034	1.218662	1.131214	6.629662	1.397834
17394	-10390.85	-10891.25	500.3914	0.389655	0.28725	0.254949	0.0681459	1.115097	1.045983	7.01563	2.258896
17400	-10402.37	-10903.96	501.5883	0.45852	0.233046	0.249345	0.059089	1.115097	1.096906	6.466046	1.944521
17406	-10396.31	-10897.77	501.4586	0.517678	0.198433	0.212312	0.0715774	1.283251	1.061256	6.432304	2.036086
17412	-10395.86	-10895.97	500.1128	0.517678	0.198433	0.212312	0.0715774	1.210689	1.09531	6.668361	3.529467
17418	-10402.66	-10903.86	501.2056	0.532307	0.24373	0.104098	0.119865	1.458033	1.049129	6.366596	2.357039
17424	-10417.12	-10919.57	502.4424	0.388515	0.38048	0.11319	0.117814	1.268073	1.197357	5.850244	1.987139
17430	-10408.13	-10909.74	501.6116	0.435995	0.320756	0.132748	0.110502	1.281131	1.163708	6.414818	1.749777
17436	-10395.99	-10898.5	502.5126	0.35148	0.453205	0.113946	0.0813689	0.9337914	1.190196	6.039438	1.876177
17442	-10413.38	-10915.93	502.549	0.34388	0.443404	0.111482	0.101234	1.261971	1.147008	5.890063	1.82678
17448	-10381.23	-10883.81	502.5798	0.335716	0.459578	0.108835	0.0958705	1.02769	1.183427	6.081305	1.589241
17454	-10388.55	-10890.95	502.4043	0.360443	0.415378	0.119189	0.10499	1.032624	1.217697	6.227145	1.436129
17460	-10398.93	-10899.94	501.0129	0.333203	0.462832	0.121819	0.0821462	1.032624	1.059511	7.19582	1.170225
17466	-10400.13	-10901.27	501.1364	0.332687	0.462115	0.121631	0.0835669	1.091686	1.082816	6.92552	1.498399
17472	-10397.14	-10897.31	500.1763	0.508503	0.249239	0.108372	0.133886	1.39586	1.134404	6.596817	3.277553
17478	-10405.51	-10906.62	501.1066	0.482931	0.266404	0.12503	0.125634	1.227056	1.101308	6.575908	2.171332
17484	-10402.1	-10901.33	499.2273	0.462858	0.284947	0.138229	0.113966	1.444429	1.052509	7.473364	2.261543
17490	-10407.06	-10909.58	502.5186	0.398011	0.327584	0.206916	0.0674888	1.042704	1.13279	5.964218	1.980759
17496	-10398.6	-10899.33	500.7353	0.473983	0.141905	0.303742	0.0803709	1.374628	1.141832	6.501781	2.66101
17502	-10405.8	-10906.67	500.8696	0.53309	0.159601	0.224367	0.082943	1.310282	1.130872	6.248969	3.328755
17508	-10413.34	-10913.95	500.6051	0.51008	0.219994	0.139934	0.129991	1.310282	1.087925	6.631599	2.664826
17514	-10407.52	-10909.18	501.658	0.465575	0.282185	0.123747	0.128493	1.307273	1.126056	6.150273	2.36201
17520	-10397.18	-10897.08	499.8984	0.485409	0.294206	0.129018	0.091367	1.464536	1.053369	6.981985	2.594343
17526	-10402.95	-10903.18	500.2235	0.482853	0.292657	0.161551	0.0629383	1.194632	0.9980427	6.959003	2.621756
17532	-10386.99	-10887	500.0115	0.545278	0.194574	0.189073	0.0710751	1.271905	1.073447	6.911761	2.862707
17538	-10395.16	-10896.9	501.7453	0.473009	0.232908	0.209891	0.0841917	1.104352	1.067055	6.417338	1.909367
17544	-10400.27	-10900.14	499.8685	0.427757	0.253535	0.22848	0.0902288	1.171296	1.010104	7.252901	2.350263
17550	-10398.14	-10898.6	500.461	0.480919	0.249128	0.16851	0.101442	1.346099	0.9686511	6.854782	2.389141
17556	-10383	-10882.35	499.3506	0.557705	0.205127	0.119528	0.117639	1.475566	1.10652	7.006051	3.32221
17562	-10404.65	-10904.86	500.2124	0.530372	0.195074	0.157732	0.116822	1.50643	1.112981	6.854349	2.336334
17568	-10430.54	-10931.3	500.7639	0.439992	0.161832	0.298223	0.0999532	1.219902	1.055921	6.478625	3.053254
17574	-10424.66	-10925.6	500.9457	0.429774	0.169433	0.291298	0.109495	1.134608	1.064962	6.499056	2.810204
17580	-10414.59	-10916.05	501.465	0.458365	0.292834	0.132021	0.11678	1.210863	1.118906	6.499056	1.878254
17586	-10410.94	-10911.6	500.6573	0.374231	0.305528	0.193342	0.1269	0.971107	1.049405	6.499056	3.618101
17592	-10407.87	-10909.4	501.5357	0.377458	0.308163	0.19249	0.12189	1.134906	1.053305	6.618079	1.686393
17598	-10402.85	-10903.04	500.1893	0.34435	0.423713	0.115057	0.11688	1.298647	1.064416	7.313267	1.555621
17604	-10402.18	-10903.43	501.2531	0.360663	0.331735	0.152593	0.15501	1.146495	1.064416	6.440697	2.483505
17610	-10387.14	-10888.01	500.8709	0.410237	0.410753	0.0636539	0.115357	1.257522	1.09835	6.361243	3.107538
17616	-10397.08	-10898.47	501.395	0.362351	0.427927	0.0663154	0.143406	1.256531	1.09835	6.590967	1.724288
17622	-10412.63	-10914.03	501.4022	0.544895	0.241641	0.0818704	0.131594	1.208171	1.137767	6.405364	2.171936
17628	-10409.36	-10910.71	501.3521	0.36391	0.446422	0.0546775	0.13499	1.16562	1.107958	6.250845	2.775627
17634	-10415.49	-10916.87	501.3814	0.41211	0.379777	0.0686414	0.139472	1.112806	1.107958	6.431462	2.304136
17640	-10415.41	-10917.95	502.5476	0.433837	0.370177	0.0360732	0.159912	1.112806	1.219887	6.005921	1.649963
17646	-10434.09	-10938.08	503.9899	0.351477	0.462167	0.0568024	0.129554	1.005009	1.284564	5.279199	1.558622
17652	-10413.37	-10916.75	503.3732	0.395583	0.352478	0.109096	0.142843	1.142744	1.221454	5.396434	1.973867
17658	-10408.52	-10911.93	503.4052	0.389394	0.378717	0.0784129	0.153476	1.097883	1.13288	5.604588	1.622741
17664	-10422.48	-10925.92	503.4391	0.352214	0.369878	0.139087	0.138822	1.079009	1.24974	5.531856	1.622741
17670	-10398.77	-10901.91	503.1429	0.334447	0.35122	0.182514	0.131819	1.021358	1.15078	5.779808	1.622741
17676	-10406.27	-10907.85	501.583	0.383308	0.377548	0.166398	0.0727456	1.124914	1.113101	6.42626	2.0148
17682	-10400.14	-10902.66	502.5263	0.363488	0.358025	0.157794	0.120693	1.073964	1.147534	5.743205	2.475006
17688	-10399.12	-10900.76	501.641	0.38669	0.356502	0.167866	0.0889421	1.073964	1.112202	6.245421	2.475006
17694	-10407.63	-10910.28	502.6521	0.415772	0.383314	0.119044	0.0818702	1.021827	1.112202	5.947753	1.899393
17700	-10394.52	-10896.46	501.9385	0.513558	0.305665	0.0641712	0.116606	1.411815	1.081274	6.153957	1.899393
17706	-10400.75	-10901.26	500.5155	0.398282	0.297403	0.213884	0.0904317	1.322289	1.036434	6.828744	2.312989
17712	-10401.78	-10901.62	499.8356	0.478188	0.280062	0.156591	0.0851588	1.198577	0.9939469	7.27919	2.312989
17718	-10388.68	-10888.48	499.794	0.546326	0.173173	0.178904	0.101597	1.238693	0.9862206	7.285482	2.312989
17724	-10381.53	-10883.44	501.9024	0.331966	0.555641	0.0506586	0.0617338	1.031005	1.152932	6.226468	2.151535
17730	-10393.9	-10896.22	502.3211	0.381901	0.386637	0.141868	0.0895937	1.03108	1.173921	6.176418	1.698137
17736	-10394.47	-10895.31	500.8425	0.387574	0.365775	0.183866	0.0627851	1.208609	1.090295	6.929314	1.698137
17742	-10403.23	-10904.01	500.7872	0.46405	0.253447	0.207143	0.0753608	1.208609	1.065757	6.529918	2.859237
17748	-10416.17	-10917.12	500.9466	0.453226	0.272311	0.171162	0.103301	1.107991	1.095114	6.376117	3.179482
17754	-10398.5	-10900.1	501.6065	0.417382	0.338384	0.157625	0.0866089	1.107991	1.168648	6.376117	2.054802
17760	-10401.54	-10901.55	500.0166	0.437869	0.328935	0.165362	0.0678342	1.218702	1.016005	7.344265	1.847098
17766	-10400.66	-10899.6	498.9375	0.500909	0.18385	0.19855	0.116692	1.405542	0.9395909	7.634821	2.458606
17772	-10405.39	-10905.84	500.4501	0.461917	0.198213	0.214061	0.125809	1.170829	1.088329	7.094062	1.853773
17778	-10402.29	-10903.11	500.8172	0.437924	0.34021	0.102593	0.119274	1.170829	1.035322	7.002682	1.673472
17784	-10416	-10917.4	501.3993	0.448263	0.348242	0.105015	0.0984794	1.156171	1.058305	6.578793	1.91823
17790	-10398.03	-10898.54	500.5145	0.453988	0.269537	0.213039	0.0634362	1.028064	1.122681	6.574141	3.386798
17796	-10394.6	-10895.22	500.6221	0.497553	0.199441	0.233483	0.0695236	1.436831	1.140598	6.622738	2.412378
17802	-10393.78	-10895.08	501.2924	0.432936	0.288179	0.225833	0.053052	1.082851	1.081831	6.722591	1.775388
17808	-10392.43	-10893.66	501.2308	0.370377	0.294985	0.240347	0.0942911	1.136978	1.112137	6.658328	1.900064
17814	-10402.88	-10901.54	498.6594	0.396921	0.312389	0.211521	0.0791691	1.071577	1.036486	6.501144	8.476288
17820	-10405.26	-10904.16	498.9061	0.383682	0.325944	0.204466	0.0859073	1.187352	1.020002	6.770166	5.995024
17826	-10419.88	-10921.83	501.9497	0.391088	0.332236	0.208413	0.0682634	0.9531625	1.101465	6.210399	2.309185
17832	-10399.52	-10900.07	500.5528	0.341991	0.364034	0.234282	0.0596936	0.9454995	1.084209	6.890526	2.554093
17838	-10405.03	-10904.92	499.8946	0.349518	0.410566	0.167046	0.0728708	0.9192584	0.9859508	7.296551	2.597378
17844	-10426.3	-10927.57	501.275	0.413618	0.323487	0.203642	0.0592526	1.285092	1.089868	6.181457	2.955859
17850	-10397.9	-10898.55	500.6451	0.56263	0.0947204	0.201671	0.140979	1.311355	1.134312	6.486249	2.955859
17856	-10400.3	-10900.75	500.4498	0.460882	0.260183	0.163451	0.115484	1.565401	1.134312	6.453866	3.008787
17862	-10414.91	-10916.26	501.3466	0.454766	0.288669	0.149951	0.106614	1.154263	1.235776	6.12742	2.963379
17868	-10415.67	-10918.47	502.8001	0.409203	0.31998	0.173451	0.0973661	1.092423	1.226331	5.807005	1.804581
17874	-10427.97	-10929.11	501.1403	0.478582	0.208958	0.245512	0.0669483	1.491051	1.131007	6.32079	2.414279
17880	-10405.88	-10907.68	501.7992	0.387853	0.266834	0.271326	0.0739874	0.9324016	1.074633	6.350278	2.225053
17886	-10416.54	-10917.57	501.0357	0.421395	0.229781	0.29479	0.0540339	1.080998	1.097022	6.482809	2.746198
17892	-10416.4	-10917.52	501.1199	0.492385	0.268491	0.21555	0.0235732	1.111989	1.070248	6.723282	1.974381
17898	-10398.93	-10900.18	501.2472	0.471588	0.25715	0.206446	0.0648161	1.329602	1.145125	6.462999	2.07458
17904	-10402.69	-10902.46	499.7631	0.467102	0.221608	0.236909	0.0743804	1.068794	1.084627	6.831975	3.898044
17910	-10404.58	-10906.81	502.2339	0.300016	0.482672	0.152165	0.0651467	1.004898	1.106629	6.475583	1.271031
17916	-10390.16	-10891.54	501.3878	0.311833	0.501682	0.118772	0.0677126	0.8930766	1.05552	7.021305	1.271031
17922	-10399.2	-10901.67	502.4744	0.325425	0.393027	0.210884	0.070664	1.096643	1.109769	6.208271	1.44712
17928	-10405.4	-10907.14	501.7357	0.403329	0.435159	0.0832728	0.078239	1.239916	1.157652	6.478946	1.511281
17934	-10386.6	-10889.11	502.5155	0.352521	0.45944	0.0890528	0.0989868	1.138126	1.08264	6.041601	1.747531
17940	-10381.24	-10882.2	500.9622	0.383747	0.358838	0.156985	0.100431	1.032804	1.015364	6.957538	1.788379
17946	-10381.9	-10884.13	502.234	0.345892	0.401415	0.120882	0.13181	1.036365	1.093104	6.225393	1.788379
17952	-10385.69	-10887.72	502.0334	0.27538	0.52344	0.0962393	0.10494	0.9255619	1.078728	6.541852	1.478961
17958	-10397.02	-10897.9	500.8803	0.441139	0.260129	0.190547	0.108186	1.287982	1.073794	6.651872	2.251244
17964	-10401.61	-10902.24	500.6369	0.380172	0.345658	0.134059	0.140111	1.199017	1.073794	6.651872	2.740329
17970	-10414.2	-10914.96	500.7643	0.409533	0.334455	0.125181	0.130832	1.33815	1.158695	6.482706	2.695665
17976	-10400.5	-10901.1	500.6026	0.446865	0.303886	0.131163	0.118087	1.253177	1.082627	6.895358	2.043956
17982	-10412.86	-10913.56	500.6939	0.447536	0.304342	0.175356	0.0727655	1.103909	0.9863916	7.223282	1.467961
17988	-10415.82	-10917.17	501.3457	0.352855	0.446686	0.142067	0.058392	0.9572815	1.022986	6.867116	1.607182
17994	-10408.73	-10909.9	501.1677	0.392722	0.38417	0.158119	0.0649894	1.03208	1.062948	6.867116	1.683465
18000	-10394.56	-10895.15	500.5875	0.389623	0.344048	0.17445	0.0918785	1.069259	1.017645	7.279284	1.473308
18006	-10397.81	-10900.55	502.735	0.411682	0.344231	0.147007	0.0970802	1.069259	1.197796	5.924398	1.682252
18012	-10394.65	-10898.55	503.8972	0.378638	0.399229	0.134789	0.087344	1.09396	1.28371	5.36714	1.382185
18018	-10403.32	-10906.77	503.4549	0.388316	0.284486	0.180761	0.146437	1.200011	1.191855	5.143166	2.468588
18024	-10399.22	-10899.72	500.501	0.464435	0.210738	0.216195	0.108632	1.209481	1.066777	6.819187	2.468588
18030	-10408.93	-10910.34	501.4113	0.315008	0.358877	0.267369	0.0587464	0.8024795	1.058897	7.025238	1.336515
18036	-10394.75	-10895.55	500.799	0.321587	0.366372	0.252067	0.0599734	0.9809661	1.03334	7.110726	1.679777
18042	-10423.2	-10924.12	500.9264	0.55045	0.146553	0.164197	0.1388	1.285338	1.196178	5.778218	4.868595
18048	-10397.61	-10898.77	501.1581	0.533394	0.142012	0.230313	0.09428	1.237204	1.111801	6.463664	2.36451
18054	-10401.45	-10901.85	500.4027	0.492032	0.208545	0.212454	0.0869691	1.13531	1.02946	6.863028	2.659049
18060	-10415.26	-10917.74	502.4766	0.424229	0.234356	0.279721	0.0616935	0.8280037	1.068812	6.163264	1.926842
18066	-10408.42	-10909.33	500.9073	0.39881	0.235946	0.297167	0.0680768	0.9944459	1.132679	6.886306	1.926842
18072	-10407.54	-10908.62	501.0732	0.414048	0.330867	0.129168	0.125917	0.9944459	1.082164	6.944289	1.646516
18078	-10398.31	-10899.29	500.9838	0.340369	0.477537	0.0776625	0.104431	1.023094	1.035405	7.002231	1.646516
18084	-10399.04	-10901.02	501.9826	0.364461	0.340552	0.220513	0.0744745	1.023094	1.090604	6.432815	1.646516
18090	-10396.32	-10897.22	500.9009	0.428424	0.314586	0.192108	0.0648813	1.145947	1.094979	6.525177	2.739462
18096	-10405.56	-10906.29	500.7313	0.400162	0.293833	0.215145	0.0908603	1.0435	1.13201	6.964457	1.904559
18102	-10408.5	-10911.98	503.4783	0.36658	0.365922	0.174588	0.0929093	1.019041	1.2127	5.72732	1.280942
18108	-10396.14	-10898.71	502.5751	0.395449	0.391149	0.1614	0.0520014	0.8912056	1.177031	6.240027	1.423573
18114	-10386.11	-10887.42	501.3112	0.422468	0.251901	0.223813	0.101817	1.344671	1.11147	6.386673	2.2081
18120	-10390.26	-10891.81	501.5472	0.42649	0.254299	0.216424	0.102786	1.011267	1.1032	6.386673	2.334847
18126	-10409.58	-10911.7	502.1272	0.41236	0.30171	0.237286	0.0486448	1.000135	1.091094	6.386673	1.601959
18132	-10413.77	-10915.09	501.316	0.361418	0.327865	0.257856	0.0528618	1.013842	1.12493	6.618045	2.027962
18138	-10415.67	-10916.92	501.2517	0.543608	0.157591	0.273393	0.0254084	1.150906	1.12493	6.497043	2.240109
18144	-10386.64	-10886.13	499.4926	0.548656	0.110669	0.275932	0.0647432	1.475692	1.10459	6.685658	4.19078
18150	-10375.7	-10877.39	501.6848	0.567369	0.10806	0.25762	0.0669514	1.310981	1.128589	6.245157	2.070974
18156	-10384.53	-10886.02	501.4854	0.525893	0.084032	0.325829	0.0642463	1.198157	1.150803	6.093882	2.907425
18162	-10379.39	-10882.74	503.3503	0.529941	0.0859126	0.310944	0.0732031	1.215479	1.240392	5.320364	2.071479
18168	-10391.23	-10892.93	501.7026	0.51613	0.0884369	0.32008	0.075354	1.286431	1.210033	5.78464	3.259976
18174	-10408.46	-10911.06	502.5975	0.567827	0.097295	0.210202	0.124676	1.379833	1.226827	5.286871	3.102965
18180	-10393.57	-10895.23	501.6672	0.544348	0.157029	0.201511	0.0971116	1.423931	1.206318	5.774821	3.144133
18186	-10397.04	-10899.46	502.4152	0.453236	0.274662	0.140504	0.131598	1.05613	1.171326	5.774821	2.545927
18192	-10391.11	-10891.55	500.4394	0.456999	0.273169	0.136825	0.133006	1.171905	1.107454	6.778403	2.670085
18198	-10394.59	-10894.44	499.841	0.40042	0.405547	0.077494	0.116539	0.979765	1.029126	7.500809	1.98089
18204	-10390.2	-10891.39	501.1915	0.398234	0.410961	0.0749029	0.115903	1.004655	1.149533	6.696148	1.98089
18210	-10395.25	-10897.18	501.9287	0.345895	0.444201	0.084751	0.125153	1.077831	1.163176	6.250051	1.98089
18216	-10388.19	-10889.61	501.4206	0.321719	0.450416	0.109151	0.118714	1.158417	1.15086	6.487859	1.986538
18222	-10388.21	-10891.2	502.9865	0.415605	0.290034	0.141004	0.153358	1.1095	1.205918	5.731741	1.748009
18228	-10395.74	-10897.96	502.2209	0.38539	0.367513	0.110506	0.13659	1.199683	1.186012	6.113632	1.748009
18234	-10400.05	-10902.54	502.4902	0.383938	0.369898	0.110089	0.136076	1.033676	1.127143	6.083014	1.755923
18240	-10382.42	-10883.82	501.4017	0.321171	0.472908	0.0920916	0.11383	1.090385	1.071164	6.896347	1.276164
18246	-10388.35	-10889.74	501.3872	0.298177	0.439051	0.201582	0.0611899	0.8882398	1.044211	7.027856	1.276164
18252	-10398.67	-10901.11	502.4352	0.325371	0.430781	0.185855	0.057993	0.889855	1.113978	6.509362	1.107966
18258	-10406.35	-10906.48	500.1296	0.324964	0.388533	0.214652	0.0718508	0.8884059	1.071445	7.51749	1.640358
18264	-10419.28	-10919.61	500.3236	0.319764	0.382315	0.227219	0.0707011	1.052595	1.025319	7.51749	1.281515
18270	-10406.42	-10908.39	501.9715	0.360792	0.455164	0.162837	0.0212068	0.922111	1.141081	6.208494	2.271432
18276	-10399.57	-10901.92	502.3488	0.350205	0.441808	0.158059	0.0499285	1.165837	1.092201	6.082353	1.817735
18282	-10401.29	-10904.31	503.0278	0.392163	0.335195	0.149872	0.12277	1.099586	1.256122	5.663572	1.801349
18288	-10394.47	-10895.99	501.5188	0.405621	0.346697	0.147087	0.100595	1.099586	1.034681	6.432043	2.229591
18294	-10396.47	-10898.59	502.1217	0.329773	0.488366	0.118901	0.06296	1.001669	1.182766	6.348652	1.580959
18300	-10394.05	-10895.27	501.219	0.400999	0.329617	0.191813	0.0775709	1.138922	1.099482	6.446133	2.477886
18306	-10393.92	-10894.34	500.4136	0.560695	0.230637	0.118781	0.0898865	1.313978	1.021105	6.920693	2.247811
18312	-10403.34	-10904.31	500.9723	0.431349	0.230568	0.135749	0.202334	1.199546	1.008937	6.513707	2.715585
18318	-10407.84	-10908.4	500.5581	0.521	0.2352	0.0684238	0.175376	1.531628	1.124876	6.513707	2.715585
18324	-10396.82	-10896.69	499.8665	0.415341	0.399469	0.0702561	0.114933	1.352102	1.007516	7.003108	2.811325
18330	-10403.24	-10901.42	498.1715	0.499108	0.278774	0.0552602	0.166858	1.422176	1.037193	7.408075	4.385202
18336	-10411.56	-10912.32	500.7577	0.469363	0.26216	0.111563	0.156914	1.505878	1.125558	6.44918	2.623332
18342	-10401.1	-10902.46	501.3552	0.429649	0.362907	0.0860061	0.121438	1.035493	1.204139	6.105345	3.269532
18348	-10403.74	-10904.29	500.5481	0.458627	0.380316	0.0445915	0.116466	1.112588	1.150956	6.828817	2.384892
18354	-10398.25	-10900.96	502.7124	0.445256	0.369228	0.0724452	0.11307	1.252663	1.2821	5.388378	2.712436
18360	-10400.94	-10903	502.0555	0.418349	0.251531	0.206145	0.123975	1.329257	1.164226	6.031611	2.029594
18366	-10394.22	-10895.3	501.0791	0.43589	0.236705	0.210737	0.116667	1.164631	1.150066	6.487759	2.459845
18372	-10392.72	-10893.61	500.8993	0.468824	0.254589	0.151105	0.125482	1.15696	1.064378	6.82904	1.957519
18378	-10400.47	-10900	499.5385	0.412417	0.316076	0.161123	0.110385	1.061048	1.068291	7.067167	3.539872
18384	-10394.27	-10895.23	500.9582	0.453288	0.310432	0.139856	0.0964236	1.207146	1.097056	6.693145	2.108591
18390	-10397.34	-10898.13	500.787	0.458165	0.313772	0.141361	0.0867017	1.137263	1.056814	6.693145	2.507763
18396	-10405.38	-10905	499.6248	0.450402	0.24453	0.219835	0.0852325	1.373578	1.056814	7.201171	2.507763
18402	-10398.08	-10899.06	500.9841	0.58504	0.0898557	0.234274	0.0908306	1.632368	1.120681	6.3123	2.507317
18408	-10389.59	-10891.17	501.5839	0.569044	0.0829171	0.280896	0.0671427	1.314494	1.199386	5.900979	3.071769
18414	-10382.61	-10885.78	503.1652	0.434589	0.340982	0.123612	0.100817	1.141809	1.243339	5.346212	2.359859
18420	-10388.44	-10891.04	502.6032	0.489271	0.259495	0.180729	0.0705056	1.146138	1.197846	5.69404	2.317396
18426	-10415.57	-10916.48	500.9063	0.434764	0.269969	0.160595	0.134671	1.027982	1.074725	6.74651	2.317396
18432	-10413.26	-10914.91	501.6571	0.485838	0.299017	0.11645	0.0986957	1.080444	1.086348	6.366634	2.15864
18438	-10387.01	-10888.11	501.1	0.529881	0.171395	0.220109	0.0786151	1.521541	1.134271	6.366634	2.307169
18444	-10385.63	-10886.31	500.6799	0.414351	0.353762	0.114732	0.117156	1.248855	1.018552	6.92439	1.959898
18450	-10400.64	-10901.25	500.6149	0.403573	0.33549	0.219942	0.0409945	1.018613	1.03328	7.048908	2.013718
18456	-10392.07	-10893.47	501.4005	0.391345	0.325326	0.213279	0.0700502	1.02531	1.07839	6.698059	1.772106
18462	-10392.86	-10895.14	502.2845	0.273163	0.47294	0.219126	0.0347714	0.7427875	1.093316	6.563522	1.348328
18468	-10380.36	-10882.47	502.112	0.299351	0.422411	0.240133	0.0381049	0.9277302	1.103282	6.547347	1.348328
18474	-10391.94	-10893.18	501.2449	0.278903	0.437582	0.22373	0.0597839	0.9183951	1.062221	7.09145	1.249411
18480	-10392.91	-10895.42	502.5033	0.287126	0.432593	0.221179	0.0591022	0.7617133	1.058298	6.383787	1.493249
18486	-10406.49	-10909.41	502.9188	0.263418	0.446979	0.228535	0.0610678	0.9824295	1.088576	6.035049	1.456134
18492	-10404.18	-10907.18	502.9919	0.323834	0.363244	0.189749	0.123174	0.9264381	1.011683	6.209019	1.172037
18498	-10395.86	-10895.38	499.5183	0.389992	0.327703	0.171183	0.111122	1.003494	1.061185	7.588541	2.119792
18504	-10387.46	-10889.05	501.5892	0.334924	0.378473	0.191171	0.0954312	0.9402058	1.047636	6.515523	2.119792
18510	-10392.79	-10894.39	501.5955	0.401898	0.305185	0.154153	0.138764	1.151223	1.125053	6.515523	1.738421
18516	-10399.8	-10900.36	500.5581	0.428697	0.325535	0.164432	0.0813362	1.187975	1.125053	7.033869	1.791267
18522	-10394.28	-10894.97	500.6905	0.431468	0.265044	0.163821	0.139667	1.045147	1.128987	7.034869	1.791267
18528	-10391.74	-10891.5	499.7549	0.36374	0.342802	0.138106	0.155352	1.43211	1.055653	7.382966	1.791267
18534	-10385.29	-10886.19	500.9073	0.439361	0.301807	0.163956	0.0948761	1.147006	1.104829	6.844009	1.870729
18540	-10383	-10884	500.9939	0.415569	0.285464	0.209229	0.0897384	1.182643	1.057118	6.854294	1.754304
18546	-10402.4	-10902.4	500.0044	0.405961	0.278864	0.227512	0.0876636	1.363678	1.057118	6.947704	2.660917
18552	-10412.21	-10911.79	499.5752	0.468034	0.321504	0.109394	0.101068	1.247096	1.179277	6.947704	3.351517
18558	-10409.95	-10909.9	499.9415	0.504396	0.249963	0.147369	0.0982733	1.412061	1.099874	6.887869	2.800053
18564	-10380.24	-10878.89	498.6503	0.535154	0.161574	0.199006	0.104266	1.42717	1.074357	7.587924	2.800053
18570	-10393.6	-10895.6	502.0009	0.493534	0.147211	0.2359	0.123354	1.483988	1.176305	6.058513	1.840987
18576	-10404.32	-10903.82	499.4958	0.548766	0.160394	0.15368	0.137159	1.500916	1.110077	6.885622	3.416995
18582	-10384.2	-10883.22	499.0275	0.555879	0.162473	0.155672	0.125976	1.500916	1.00984	7.135466	3.60903
18588	-10426.11	-10924.16	498.0447	0.686634	0.0485955	0.109162	0.155608	1.77647	1.027594	7.135466	5.161001
18594	-10409.65	-10909.32	499.6717	0.547697	0.238071	0.0883257	0.125906	1.400361	1.063896	6.829462	3.530914
18600	-10405.17	-10905.28	500.1121	0.475151	0.338994	0.0766264	0.109229	1.19363	1.037145	6.978631	2.678885
18606	-10410.69	-10910.5	499.8072	0.60751	0.0879771	0.0863806	0.218132	1.837092	1.100211	6.6117	3.290691
18612	-10437.24	-10937.19	499.9469	0.5552	0.163047	0.176222	0.105532	1.369124	1.098878	6.614919	3.746737
18618	-10411.8	-10913.18	501.3743	0.540227	0.114805	0.217277	0.127692	1.362448	1.055803	6.375414	2.204394
18624	-10417.26	-10917.63	500.3638	0.540227	0.114805	0.217277	0.127692	1.346403	1.017867	6.749916	2.758565
18630	-10404.99	-10906.37	501.3838	0.503785	0.189692	0.154405	0.152118	1.313458	1.132487	6.040939	3.091316
18636	-10401.15	-10901.48	500.3295	0.515076	0.200164	0.131038	0.153722	1.489227	1.091362	6.131308	4.586213
18642	-10418.28	-10917.76	499.4749	0.412735	0.324722	0.168731	0.0938116	1.441867	1.078058	7.29556	2.348714
18648	-10419.22	-10920.13	500.9106	0.388341	0.33821	0.17574	0.0977083	0.9507028	1.003945	7.069202	1.711073
18654	-10414.38	-10915.08	500.6953	0.505064	0.180529	0.174366	0.140042	1.468502	1.130844	6.647077	2.216346
18660	-10396.92	-10897.34	500.4254	0.456873	0.221999	0.178092	0.143035	1.289273	1.05906	6.918073	2.216346
18666	-10387.71	-10887.73	500.0186	0.483937	0.288629	0.0759263	0.151508	1.289273	1.066713	6.918073	2.817315
18672	-10401.43	-10902.51	501.0809	0.483937	0.288629	0.0759263	0.151508	1.192095	1.117565	6.472755	2.508289
18678	-10406.24	-10907.76	501.521	0.483937	0.288629	0.0759263	0.151508	1.224631	1.176568	6.182063	2.516831
18684	-10412.72	-10915.57	502.8537	0.383262	0.294287	0.25026	0.0721904	1.09954	1.187816	5.923845	1.518412
18690	-10390.48	-10892.43	501.9492	0.373834	0.311647	0.244104	0.0704145	1.104313	1.094558	6.367954	1.73133
18696	-10392.64	-10894.43	501.7864	0.482874	0.14453	0.28918	0.0834171	1.220528	1.084447	6.367954	1.808976
18702	-10390.77	-10891.43	500.6645	0.500634	0.149846	0.268439	0.0810822	1.317985	1.033063	6.714952	2.413638
18708	-10396.26	-10898.01	501.7474	0.525145	0.157182	0.281581	0.0360922	1.218943	1.177754	6.012983	2.651786
18714	-10412.4	-10913.6	501.1987	0.523426	0.117075	0.28066	0.0788386	1.344543	1.229603	6.06969	3.103279
18720	-10417.21	-10918.19	500.9808	0.528477	0.118205	0.283368	0.0699497	1.237253	1.060174	6.693158	2.089583
18726	-10412.16	-10913.2	501.0401	0.469326	0.169958	0.267596	0.0931196	1.237253	1.081519	6.676941	2.021198
18732	-10395.22	-10895.65	500.4233	0.481076	0.128344	0.274295	0.116285	1.298078	1.081519	6.676941	2.848235
18738	-10406.44	-10906.11	499.671	0.473901	0.216316	0.183145	0.126639	1.246273	1.037613	6.714375	4.277132
18744	-10416.17	-10917.6	501.4316	0.470333	0.219659	0.184322	0.125685	1.496665	1.095625	6.216111	2.315207
18750	-10390.95	-10891.53	500.5816	0.46972	0.239788	0.153289	0.137203	1.41735	1.142377	6.583278	2.606331
18756	-10393.33	-10893.81	500.4748	0.497405	0.188461	0.209587	0.104547	1.219466	1.062529	6.442374	3.679027
18762	-10397.31	-10897.49	500.1803	0.521983	0.197774	0.17053	0.109713	1.3906	1.062529	7.018373	2.16568
18768	-10413.9	-10913.84	499.9346	0.504183	0.191029	0.178692	0.126095	1.604408	1.062529	6.969641	2.381685
18774	-10413.94	-10913.8	499.8601	0.451228	0.252178	0.133995	0.162599	1.282943	1.087159	7.027769	2.721961
18780	-10391.23	-10891.5	500.2663	0.427732	0.316102	0.162135	0.094031	1.218669	1.075617	6.968015	2.381685
18786	-10410.71	-10912.77	502.0576	0.468769	0.290615	0.171174	0.0694427	1.151918	1.151308	6.104237	2.087423
18792	-10408.84	-10910.33	501.4857	0.445887	0.276429	0.16907	0.108614	1.2217	1.15007	6.477666	1.849247
18798	-10412.79	-10914.66	501.8658	0.40292	0.437183	0.0617488	0.0981479	1.460918	1.15007	5.983524	2.271322
18804	-10412.27	-10914.57	502.2982	0.411287	0.379124	0.0859346	0.123655	1.094283	1.09787	6.220328	1.64479
18810	-10419.52	-10921.56	502.0414	0.354653	0.326919	0.21331	0.105117	1.200874	1.069092	6.524324	1.217047
18816	-10408.48	-10910.09	501.6108	0.427185	0.290176	0.189336	0.0933031	0.9546222	1.069092	6.524324	2.019533
18822	-10399.07	-10902.49	503.4207	0.332033	0.478903	0.103574	0.085489	0.9142577	1.067561	5.873912	1.325325
18828	-10400.7	-10902.31	501.6052	0.325564	0.494354	0.126361	0.0537206	1.132243	1.14333	6.582155	1.577254
18834	-10401.52	-10902.67	501.1471	0.509779	0.225085	0.197861	0.0672746	1.132243	1.055135	6.379648	2.860175
18840	-10412	-10913.16	501.1573	0.492829	0.219705	0.191282	0.0961838	1.539803	1.087623	6.379648	2.235489
18846	-10401.35	-10902.6	501.2544	0.477348	0.212803	0.185274	0.124576	1.291873	1.132152	6.321728	2.5043
18852	-10409.06	-10908.61	499.5569	0.476574	0.215268	0.160706	0.147452	1.294297	1.028393	7.185956	2.813424
18858	-10415.81	-10916.38	500.5661	0.476574	0.215268	0.160706	0.147452	1.334561	1.13574	6.352547	3.483612
18864	-10412.56	-10914.73	502.1755	0.335764	0.44205	0.115872	0.106315	1.075477	1.205636	6.144643	1.859508
18870	-10408.95	-10911.69	502.7398	0.362639	0.394024	0.207833	0.0355049	1.055158	1.134924	5.886344	1.859508
18876	-10403.88	-10907.01	503.1359	0.261736	0.475771	0.224193	0.0382998	0.7573275	1.080395	6.231231	1.091172
18882	-10398.34	-10901.25	502.9074	0.26152	0.475377	0.224008	0.0390954	0.8304475	1.108864	6.342082	1.009281
18888	-10405.55	-10908.79	503.2363	0.208617	0.538331	0.22308	0.0299721	0.7921963	1.08351	6.098772	1.198761
18894	-10424.2	-10926.67	502.4685	0.214811	0.537553	0.211805	0.0358315	0.5998453	1.122341	6.534996	1.338094
18900	-10417.34	-10920.54	503.2001	0.290253	0.518217	0.125289	0.0662417	0.8254108	1.128598	6.009049	1.329487
18906	-10409.33	-10912.16	502.8323	0.328758	0.501074	0.0951381	0.0750295	0.9839051	1.11296	6.179034	1.230716
18912	-10401.76	-10904.82	503.0605	0.262058	0.463059	0.251386	0.0234977	0.7310617	1.117206	6.313272	1.005378
18918	-10395.11	-10898.65	503.5426	0.174943	0.558736	0.251629	0.0146916	0.5147378	1.150043	6.197483	0.9306858
18924	-10403.8	-10908	504.2016	0.146857	0.565473	0.228113	0.0595569	0.6136341	1.217029	5.773561	0.8806307
18930	-10395.25	-10899.16	503.9155	0.166335	0.576817	0.221046	0.0358013	0.6648824	1.176075	5.97183	0.7941916
18936	-10403.27	-10907.92	504.6505	0.166486	0.57734	0.229999	0.0261746	0.4755366	1.226402	5.649101	0.7941916
18942	-10422.65	-10925.22	502.5757	0.166446	0.562994	0.224284	0.0462763	0.4708737	1.155273	6.818362	0.7941916
18948	-10430.99	-10933.1	502.1102	0.204998	0.561438	0.17657	0.0569945	0.625001	1.16699	6.597858	1.53257
18954	-10434.04	-10937.02	502.9817	0.207882	0.559401	0.175929	0.0567877	0.6701029	1.158207	6.280935	1.171357
18960	-10411.51	-10914.15	502.6367	0.198495	0.582299	0.160513	0.0586923	0.5419948	1.143062	6.56145	1.147414
18966	-10398.33	-10902.43	504.1048	0.194447	0.570424	0.177633	0.0574954	0.5147865	1.143062	5.858546	0.9964361
18972	-10404.29	-10907.96	503.6763	0.137464	0.602441	0.196494	0.0636002	0.499569	1.20516	6.184405	0.7862516
18978	-10400.74	-10903.8	503.0631	0.14389	0.585872	0.205679	0.0645593	0.5679462	1.064762	6.487696	0.906779
18984	-10404.67	-10907.59	502.9227	0.181575	0.563892	0.180731	0.0738022	0.7189234	1.144271	6.273634	1.207998
18990	-10394.78	-10897.21	502.4282	0.247727	0.54266	0.150909	0.0587028	0.6982735	1.116161	6.442863	1.464838
18996	-10395.52	-10897.42	501.9061	0.361772	0.341756	0.224385	0.0720872	0.9586523	1.093765	6.442863	1.794001
19002	-10424.45	-10927.37	502.921	0.251833	0.506355	0.187126	0.0546857	0.856453	1.090609	6.262975	1.135129
19008	-10431.3	-10933.89	502.5947	0.259793	0.497979	0.19978	0.0424476	0.8212451	1.127116	6.512134	0.9997074
19014	-10410.07	-10909.21	499.1441	0.532388	0.120865	0.275023	0.0717239	1.069496	1.0791	7.048925	4.348007
19020	-10409.37	-10909.2	499.8292	0.532388	0.120865	0.275023	0.0717239	1.340575	1.062634	7.236786	2.151351
19026	-10409.62	-10909.77	500.1442	0.459271	0.139764	0.318026	0.082939	1.270494	1.043731	7.005732	2.434257
19032	-10397.46	-10898.12	500.668	0.498696	0.118343	0.26029	0.122671	1.162779	1.05997	6.741234	2.511356
19038	-10423.99	-10925.19	501.1981	0.503468	0.112439	0.247305	0.136789	1.404568	1.093449	6.33232	2.465123
19044	-10413.77	-10913.71	499.9331	0.555167	0.0614654	0.238347	0.145021	1.612676	1.075731	6.92919	2.465123
19050	-10414.7	-10914.54	499.8368	0.460612	0.308733	0.0626797	0.167975	1.514717	1.092217	6.664527	3.553347
19056	-10430.99	-10930.62	499.6339	0.635632	0.0963511	0.0362166	0.231801	1.731907	1.11434	6.664527	3.553347
19062	-10422.28	-10923.54	501.2612	0.568222	0.182648	0.0419124	0.207218	1.847432	1.228269	6.066653	2.350065
19068	-10409.49	-10910.64	501.1525	0.554528	0.187579	0.0503521	0.207541	1.678561	1.193963	5.94284	3.149628
19074	-10395.42	-10896.45	501.034	0.302251	0.477659	0.170733	0.049357	0.8732139	0.9937991	7.231364	1.320566
19080	-10391.5	-10892.62	501.1236	0.227236	0.484652	0.243795	0.0443159	0.6742881	1.118897	7.390725	1.003343
19086	-10397.7	-10899.94	502.2446	0.255148	0.516405	0.181228	0.0472194	0.7897147	1.123384	6.721951	0.9985923
19092	-10390.31	-10891.5	501.1872	0.300685	0.509124	0.134544	0.0556469	0.8026961	1.081425	7.033592	1.548307
19098	-10393.18	-10894.15	500.9711	0.361662	0.460471	0.110936	0.0669315	0.9794601	1.071759	7.033592	1.600568
19104	-10387.74	-10891.11	503.3706	0.183348	0.559602	0.18901	0.0680398	0.7430291	1.236715	6.045249	1.056213
19110	-10390.42	-10892.94	502.5156	0.250708	0.513444	0.17342	0.0624276	0.8599203	1.105884	6.435849	1.206544
19116	-10397.07	-10899.47	502.4032	0.251679	0.515433	0.176855	0.0560338	0.8947632	1.1612	6.143209	1.860524
19122	-10398.93	-10900.57	501.6378	0.24404	0.521526	0.177235	0.0571986	0.7808746	1.162082	6.961864	1.133689
19128	-10402.44	-10902.89	500.4441	0.322757	0.431192	0.170403	0.0756483	0.7808746	1.028259	7.269174	2.026839
19134	-10399.91	-10900.26	500.3531	0.35959	0.337569	0.237256	0.0655857	0.9820145	1.022638	7.019808	2.530478
19140	-10415.92	-10916.94	501.0151	0.342528	0.464124	0.100466	0.0928815	0.9953204	1.080264	6.874405	1.88247
19146	-10409.07	-10909.98	500.9083	0.414342	0.340788	0.128678	0.116192	1.135643	1.049317	6.874405	1.88247
19152	-10403.04	-10904.25	501.2065	0.4183	0.297407	0.140888	0.143405	1.353394	1.191078	6.190695	2.774106
19158	-10419.83	-10919.5	499.6668	0.527662	0.117039	0.310065	0.0452339	1.186998	1.161102	6.727885	4.094989
19164	-10405.43	-10905.36	499.9316	0.354029	0.373815	0.173054	0.0991019	1.261357	0.992607	7.377784	1.854948
19170	-10406.22	-10907.51	501.2867	0.384143	0.405612	0.116038	0.0942073	1.059526	1.009672	6.997872	1.29602
19176	-10414.28	-10914.98	500.6999	0.394402	0.335475	0.192217	0.0779069	1.172572	1.027961	6.997872	1.837951
19104	-10452.27	-10954.14	501.8701	0.465159	0.207143	0.134905	0.192793	1.432249	1.105967	6.04927	2.192879
19110	-10439.04	-10940.36	501.3217	0.515025	0.068603	0.355389	0.0609826	1.492443	1.123238	6.085961	2.809961
19116	-10418.73	-10920.62	501.8945	0.510706	0.100601	0.352409	0.0362838	1.158705	1.117647	6.085961	2.404126
19122	-10421.02	-10924.01	502.9898	0.355459	0.449622	0.130268	0.0646508	0.9130529	1.137888	6.100491	1.266979
19128	-10426.54	-10928.71	502.1747	0.406213	0.371036	0.148868	0.0738819	0.8332354	1.157078	6.100491	2.373774
19134	-10424.19	-10925.17	500.9839	0.419604	0.322419	0.191274	0.0667029	1.266156	1.042693	6.752095	1.927387
19140	-10417.54	-10918.96	501.4257	0.37335	0.393127	0.119352	0.114171	1.088904	1.041133	6.549902	2.063178
19146	-10422.31	-10923.59	501.2863	0.436254	0.348239	0.1361	0.0794067	0.9582647	1.123517	6.549902	2.324119
19152	-10402.65	-10905.49	502.8406	0.507843	0.213603	0.186117	0.0924372	1.419686	1.176395	5.586052	1.944883
19158	-10393.34	-10894.16	500.8237	0.555988	0.233853	0.108959	0.101201	1.386546	1.172296	6.049221	3.894559
19164	-10395.64	-10896.66	501.021	0.556889	0.148409	0.110459	0.184243	1.527617	1.182975	6.049221	3.278192
19170	-10416.64	-10916.34	499.6921	0.485913	0.19025	0.0876515	0.236186	1.831457	1.177744	5.949803	6.027574
19176	-10424.27	-10923.37	499.1031	0.702764	0.109999	0.0506786	0.136559	1.666787	1.177744	5.934026	8.224588
19182	-10434.43	-10939.2	504.7667	0.373204	0.365304	0.0928625	0.168629	1.12685	1.327197	4.71022	1.6602
19188	-10414.47	-10918.69	504.2161	0.321258	0.482884	0.0506996	0.145158	0.906224	1.317498	5.146187	1.655795
19194	-10408.88	-10913.45	504.5706	0.339774	0.423261	0.0872991	0.149666	1.065161	1.227453	4.959355	1.551581
19200	-10416.72	-10919.73	503.0061	0.307924	0.504555	0.0690837	0.118437	1.065161	1.087733	6.098255	1.145294
19206	-10397.42	-10899.85	502.4331	0.306759	0.502645	0.0726069	0.117989	1.122933	1.038598	6.347957	1.258302
19212	-10401.66	-10903.4	501.739	0.444533	0.347458	0.0375521	0.170457	1.361966	1.188341	5.787633	3.106314
19218	-10398.45	-10899.6	501.1513	0.520541	0.219241	0.128953	0.131265	1.222555	1.108055	6.392512	2.597183
19224	-10417.88	-10918.05	500.1657	0.505601	0.17277	0.154568	0.167061	1.667841	1.059485	6.507386	3.30982
19230	-10424.83	-10925.36	500.5357	0.497785	0.180774	0.188709	0.132733	1.73401	1.081686	6.211153	3.48957
19236	-10445.36	-10946.13	500.7668	0.506571	0.183965	0.19204	0.117425	1.214929	1.13262	6.513828	2.822419
19242	-10433.62	-10933.46	499.8349	0.442347	0.26959	0.161002	0.12706	1.386946	1.067877	7.087444	2.475378
19248	-10414.87	-10916.12	501.25	0.47385	0.292203	0.120992	0.112955	1.346511	1.067877	6.537546	1.969482
19254	-10400.21	-10901.03	500.8179	0.474081	0.292345	0.121051	0.112524	1.168589	1.111417	6.537546	2.774504
19260	-10402.92	-10903.19	500.2725	0.469682	0.289633	0.119928	0.120757	1.051886	1.065094	6.62916	3.709168
19266	-10404.73	-10904.84	500.1023	0.540335	0.184544	0.139168	0.135953	1.535771	1.098756	6.998907	2.098643
19272	-10384.85	-10884.06	499.212	0.621132	0.118494	0.118497	0.141877	1.598752	1.06391	7.05975	3.280484
19278	-10383.62	-10884.16	500.542	0.590091	0.138065	0.151828	0.120016	1.404924	1.111217	6.619857	2.628043
19284	-10379.45	-10879.27	499.8238	0.606	0.158552	0.119321	0.116127	1.33781	1.211491	6.407194	4.611935
19290	-10400.08	-10900.02	499.938	0.556923	0.145712	0.18739	0.109974	1.466764	1.137612	6.812734	2.892301
19296	-10400.61	-10901.02	500.4106	0.54428	0.212369	0.135873	0.107478	1.217482	1.091104	6.551808	3.375697
19302	-10401.13	-10902.27	501.1445	0.600901	0.130433	0.150008	0.118659	1.418272	1.062802	6.103785	3.263381
19308	-10396.07	-10895.48	499.4083	0.520641	0.200516	0.129972	0.148871	1.728309	1.134444	7.164385	2.367996
19314	-10409.23	-10909.24	500.0074	0.529365	0.203876	0.068889	0.19787	1.577132	1.093917	6.505599	3.681154
19320	-10401.03	-10903.14	502.1075	0.553583	0.16181	0.127562	0.157044	1.30218	1.144404	5.781893	2.681619
19326	-10404.79	-10907.22	502.4328	0.462003	0.289987	0.078961	0.169049	1.195179	1.233728	5.772891	2.237467
19332	-10407.03	-10907.06	500.0336	0.472411	0.29652	0.0582107	0.172857	1.3018	1.132071	6.329822	4.7111
19338	-10413.33	-10914.87	501.54	0.462268	0.34932	0.042138	0.146274	1.577779	1.073316	6.176349	2.198498
19344	-10408.26	-10907.58	499.3237	0.395425	0.415412	0.0257069	0.163456	1.183954	1.027406	7.485512	2.470739
19350	-10403.41	-10904.67	501.2554	0.34253	0.509123	0.016671	0.131676	1.241723	1.121712	6.790775	1.439743
19356	-10407.12	-10908.44	501.3192	0.401273	0.4019	0.018944	0.177883	1.183987	1.132463	6.65155	1.721489
19362	-10403.1	-10904.38	501.2738	0.419278	0.40932	0.137753	0.0336489	1.116525	1.094126	6.724508	1.738014
19368	-10418.73	-10919.8	501.0735	0.416305	0.395888	0.154397	0.0334102	1.091252	1.055006	6.724508	2.080973
19374	-10415.85	-10917.61	501.7541	0.455831	0.380156	0.0728742	0.0911388	1.207643	1.12294	6.311845	1.949941
19380	-10406.87	-10908.72	501.8473	0.348772	0.395299	0.15656	0.0993685	1.171532	1.193973	6.269847	1.881268
19386	-10404.08	-10906.65	502.5778	0.36521	0.42918	0.0977247	0.107885	1.155594	1.094664	6.196836	1.308307
19392	-10401	-10903.12	502.1166	0.357585	0.420221	0.109458	0.112736	1.250829	1.131925	6.294342	1.482328
19398	-10402.49	-10904.68	502.1868	0.286464	0.474732	0.111444	0.12736	0.8727833	1.123543	6.451701	1.504818
19404	-10406.35	-10908.35	501.9948	0.333788	0.498679	0.07696	0.0905724	1.014998	1.123543	6.529561	1.395093
19410	-10398.11	-10900.66	502.5447	0.302335	0.451687	0.185498	0.0604798	0.9862499	1.180679	6.064961	1.721652
19416	-10406.81	-10908.89	502.0841	0.346314	0.440262	0.164127	0.0492977	0.7595665	1.075475	6.449223	1.837879
19422	-10398.96	-10900.56	501.604	0.30144	0.529462	0.0499645	0.119134	0.9901867	1.108289	6.708795	1.508774
19428	-10397.35	-10899.7	502.353	0.282073	0.495444	0.111004	0.111479	0.9528496	1.166801	6.395298	1.294017
19434	-10400.51	-10902.27	501.754	0.329845	0.529816	0.0612085	0.0791308	1.096833	1.195436	6.277961	2.078181
19440	-10391.71	-10893.53	501.8243	0.302347	0.485648	0.13947	0.0725341	0.8701735	1.15835	6.736552	1.28453
19446	-10390.99	-10892.97	501.9766	0.292181	0.510904	0.134781	0.0621337	1.075141	1.0678	6.674773	1.121277
19452	-10387.41	-10889.65	502.2406	0.277385	0.551238	0.0963823	0.074995	0.6886878	1.172674	6.674773	1.150492
19458	-10387.53	-10890.38	502.8493	0.261644	0.456551	0.219692	0.0621129	0.8726268	1.172492	6.063301	1.508824
19464	-10398.82	-10901.37	502.5508	0.272853	0.47611	0.186263	0.0647739	0.9288517	1.162554	6.451781	1.008495
19470	-10397.1	-10899.07	501.972	0.247411	0.53721	0.168895	0.0464832	0.8840308	1.148106	6.663134	1.267278
19476	-10383.26	-10886.32	503.0568	0.232944	0.547537	0.172142	0.0473768	0.8607914	1.146382	6.088516	1.267278
19482	-10398.6	-10899.22	500.6196	0.369629	0.335782	0.227609	0.0669802	0.9578559	1.010781	7.247986	1.6432
19488	-10413.71	-10915.94	502.2301	0.385995	0.289245	0.265987	0.0587724	0.9578559	1.160372	6.297625	1.6432
19494	-10399.64	-10901.03	501.3934	0.377566	0.293216	0.269639	0.0595793	1.120322	1.114184	6.420534	2.296485
19500	-10416.53	-10917.94	501.4097	0.406467	0.358318	0.171075	0.0641399	1.076401	1.116429	6.346703	2.532604
19506	-10401.14	-10902.29	501.1469	0.368509	0.427999	0.117041	0.0864503	1.035176	1.019092	6.884532	1.719479
19512	-10402.09	-10903.11	501.0209	0.43092	0.353017	0.153833	0.0622296	1.035176	1.112177	6.884532	1.760311
19518	-10413.53	-10915.28	501.7532	0.326959	0.400796	0.17202	0.100226	0.9761914	1.081575	6.537264	1.760311
19524	-10446.55	-10947.13	500.5802	0.505753	0.0678825	0.374911	0.0514529	1.367583	1.040592	6.691667	2.525596
19530	-10431.94	-10933.17	501.2303	0.556092	0.0622341	0.309164	0.0725092	1.036951	1.040112	6.508885	2.525596
19536	-10421.24	-10922.07	500.8287	0.551755	0.0642005	0.300328	0.0837165	1.008382	1.110722	6.590512	2.852099
19542	-10423.49	-10924.04	500.5465	0.484723	0.134381	0.278682	0.102214	1.446649	1.071964	6.791781	2.159077
19548	-10425.76	-10926.15	500.3811	0.514802	0.238085	0.145379	0.101734	1.605311	1.101446	6.791781	2.159077
19554	-10418.95	-10918.91	499.96	0.387874	0.319016	0.190941	0.102168	1.017554	1.023067	7.154218	2.695638
19560	-10421	-10921.71	500.709	0.507806	0.211121	0.0941471	0.186926	1.341627	1.097329	6.577001	2.601622
19566	-10416.9	-10918.58	501.6795	0.485299	0.29755	0.0727359	0.144415	1.383467	1.125339	6.445365	1.534039
19572	-10400.81	-10902.18	501.3687	0.498094	0.242116	0.121361	0.138428	1.450268	1.226071	6.062487	2.698665
19578	-10403.5	-10904.59	501.088	0.541787	0.184717	0.124261	0.149235	1.450268	1.167162	6.247275	2.698665
19584	-10411.02	-10912.27	501.2515	0.496414	0.29311	0.114338	0.0961376	1.450268	1.177383	6.258079	2.404599
19590	-10399.8	-10899.4	499.6051	0.47377	0.27974	0.144077	0.102413	1.322939	1.027278	7.139576	2.834549
19596	-10398.38	-10899.44	501.059	0.371693	0.348973	0.179734	0.0995999	1.322939	1.006031	7.011504	1.24922
19602	-10410.24	-10911.58	501.337	0.360876	0.406936	0.149399	0.0827897	0.9985194	1.169917	6.665166	1.84746
19608	-10401.04	-10901.9	500.8653	0.35332	0.38001	0.139514	0.127157	1.066246	1.08277	6.749886	2.301459
19614	-10413.63	-10914.31	500.6804	0.418936	0.248226	0.17413	0.158708	1.061631	1.00571	6.985117	2.064913
19620	-10410.27	-10910.7	500.4317	0.387684	0.392173	0.137437	0.0827062	1.257057	1.085452	6.796591	2.540879
19626	-10407.97	-10908.45	500.4836	0.335216	0.372914	0.178386	0.113484	1.298748	1.074894	7.161696	1.528988
19632	-10413.47	-10915.92	502.4463	0.335216	0.372914	0.178386	0.113484	1.085092	1.165154	6.064892	1.741773
19638	-10393.12	-10894.75	501.6339	0.43697	0.30525	0.183512	0.0742683	1.085092	1.233364	6.084299	2.738341
19644	-10400.47	-10902	501.5299	0.461477	0.250265	0.205209	0.0830491	1.049527	1.038691	6.259528	2.756535
19650	-10412.13	-10913.41	501.2836	0.458624	0.254102	0.141409	0.145865	1.25187	1.127498	6.535005	1.967098
19656	-10419.23	-10920.17	500.9394	0.438815	0.292694	0.100472	0.168018	1.376438	1.182945	6.298501	2.864609
19662	-10400.39	-10901.03	500.6374	0.427898	0.361953	0.0279722	0.182176	1.121999	1.127745	6.298501	3.930392
19668	-10397.43	-10899.01	501.5791	0.406315	0.343697	0.0770001	0.172988	1.016845	1.086063	6.678117	1.599743
19674	-10370.32	-10871.82	501.4979	0.339931	0.471894	0.0252682	0.162907	1.346372	1.162671	6.511463	1.599743
19680	-10386.12	-10886.79	500.6719	0.437028	0.404055	0.0213393	0.137577	1.410516	1.161677	6.860117	1.751593
19686	-10399.09	-10898.18	499.0919	0.531842	0.318044	0.0134076	0.136706	1.372683	1.048528	6.843218	4.738462
19692	-10394.41	-10893.72	499.3022	0.450354	0.383654	0.00581363	0.160179	1.340423	1.048528	7.211805	3.05155
19698	-10394.1	-10894.37	500.2778	0.436724	0.389227	0.00465485	0.169395	1.32823	1.120098	6.508302	3.524745
19704	-10424.01	-10923.3	499.2938	0.48263	0.346109	0.00541666	0.165844	1.126564	1.02306	6.878211	4.710615
19710	-10393.09	-10893	499.9015	0.476166	0.341474	0.0187377	0.163623	1.439781	1.091951	6.514189	4.09294
19716	-10399.28	-10900.42	501.1406	0.490987	0.313274	0.0297901	0.165949	1.17782	1.180289	6.38459	2.589847
19722	-10385.48	-10885.81	500.3266	0.460267	0.35624	0.0279262	0.155566	1.337649	1.072426	6.657064	3.023957
19728	-10394.25	-10895.27	501.017	0.431759	0.334175	0.0881355	0.145931	1.362355	1.121018	6.104208	3.475495
19734	-10397.46	-10899.26	501.8077	0.462894	0.286161	0.0944912	0.156454	1.191245	1.218766	5.782782	3.222114
19740	-10394.88	-10897.2	502.3246	0.385889	0.414316	0.0752313	0.124565	1.141323	1.156148	5.979037	2.044115
19746	-10393.49	-10896.32	502.8355	0.395032	0.424133	0.0770139	0.103821	1.015692	1.255663	5.712423	2.044115
19752	-10411.67	-10913.97	502.2959	0.362834	0.389563	0.0574287	0.190174	1.217075	1.201006	5.712423	2.620619
19758	-10394.63	-10896.46	501.8296	0.346693	0.405761	0.0792979	0.168249	1.135915	1.200272	6.147975	2.245813
19764	-10387.55	-10888.89	501.343	0.416445	0.324909	0.10377	0.154876	1.135915	1.200272	6.230144	2.749119
19770	-10374.71	-10875.92	501.208	0.32601	0.405016	0.129355	0.139619	0.9732859	1.151423	6.323235	3.031037
19776	-10376.86	-10878.69	501.8336	0.346772	0.421327	0.141369	0.0905321	0.8872758	1.147724	6.387873	2.045178
19782	-10387.08	-10887.89	500.8153	0.466679	0.34821	0.0860899	0.0990216	1.159069	1.150383	6.415012	3.102587
19788	-10397.32	-10899.52	502.2014	0.542439	0.199265	0.100066	0.158231	1.413722	1.182652	5.838884	2.184074
19794	-10387.54	-10889.59	502.0525	0.540975	0.201426	0.0997956	0.157804	1.37768	1.156478	5.838884	2.483408
19800	-10398.95	-10900.2	501.2491	0.50252	0.111613	0.242525	0.143341	1.408201	1.089159	6.291226	2.503732
19806	-10408.63	-10909.86	501.2385	0.502486	0.106002	0.242508	0.149004	1.370007	1.071674	6.324947	2.503732
19812	-10416.17	-10916.82	500.6509	0.581907	0.0938813	0.214779	0.109432	1.523705	0.9706361	6.655536	2.419884
19818	-10416.2	-10917.18	500.9718	0.451376	0.249957	0.197857	0.100811	0.9737423	0.9957633	6.729217	2.463513
19824	-10404.81	-10903.79	498.983	0.436034	0.241461	0.225121	0.0973841	1.216541	0.9313232	7.705431	2.463513
19830	-10401.11	-10899.41	498.2945	0.487382	0.210427	0.165243	0.136948	1.216541	1.059087	7.307736	4.888493
19836	-10394.77	-10894.56	499.7905	0.476282	0.21174	0.173999	0.137979	1.216541	1.059087	6.862689	3.516792
19842	-10402.85	-10904.63	501.7779	0.399533	0.338761	0.145961	0.115745	1.235961	1.146218	6.228123	2.057223
19848	-10412.71	-10915.58	502.8664	0.370616	0.359624	0.122836	0.146924	1.162563	1.203464	5.731555	1.838608
19854	-10412.18	-10914.73	502.5501	0.437795	0.335585	0.0965585	0.130062	1.300028	1.196257	5.838307	1.838608
19860	-10404.85	-10907.78	502.9301	0.437795	0.335585	0.0965585	0.130062	1.355667	1.236493	5.580328	1.838608
19866	-10417.53	-10919.48	501.9564	0.41834	0.301281	0.190862	0.089517	1.285534	1.19405	6.196091	1.779274
19872	-10413.94	-10915.77	501.8254	0.447705	0.296581	0.149686	0.106028	1.442088	1.110875	6.028317	2.29132
19878	-10406.38	-10907.18	500.8075	0.493089	0.300808	0.141874	0.0642292	1.526648	1.17168	6.250397	3.03042
19884	-10384.45	-10886.04	501.5885	0.570674	0.135781	0.189354	0.104191	1.585006	1.115693	5.976868	2.593047
19890	-10396.6	-10898.2	501.5998	0.584282	0.139019	0.160623	0.116075	1.290673	1.140109	6.181536	2.364806
19896	-10406.11	-10905.46	499.3494	0.478539	0.295014	0.131554	0.0948936	1.507927	1.057985	7.161831	2.866819
19902	-10413.27	-10912.46	499.1915	0.575087	0.152778	0.158095	0.114039	1.434716	1.057985	7.161831	3.240833
19908	-10414.77	-10914.21	499.4378	0.50397	0.232559	0.131991	0.13148	1.434716	1.08299	7.129012	2.885393
19914	-10397.24	-10896.24	499.0017	0.43363	0.314487	0.15253	0.0993533	1.139696	1.002044	7.15408	4.255641
19920	-10405.31	-10905.74	500.4374	0.378181	0.274272	0.260899	0.0866486	0.9332172	1.037888	7.15408	2.099281
19926	-10410.37	-10909.88	499.5064	0.420066	0.290396	0.192083	0.097455	1.337701	1.128797	7.025127	3.162544
19932	-10412.43	-10911.75	499.3195	0.420066	0.290396	0.192083	0.097455	1.337701	0.9909826	7.364066	2.660897
19938	-10402.14	-10903.76	501.6127	0.451115	0.347983	0.084121	0.116781	1.027504	1.059612	6.383782	2.287728
19944	-10421.55	-10923.54	501.9947	0.436315	0.367321	0.0756416	0.120723	1.07893	1.210913	5.991685	2.488152
19950	-10425.03	-10926.83	501.7985	0.283773	0.530805	0.0426155	0.142807	1.108202	1.094632	6.390977	1.863051
19956	-10424.46	-10925.97	501.511	0.293022	0.5344	0.0734312	0.0991475	1.021318	1.0913	6.594721	1.863051
19962	-10406.25	-10908.15	501.898	0.378723	0.478136	0.0657001	0.0774409	1.31477	1.08137	6.527958	1.237116
19968	-10411.16	-10912.47	501.3078	0.376454	0.48899	0.0330532	0.101503	1.106828	1.076653	6.689721	1.80974
19974	-10389.24	-10890.36	501.1159	0.452854	0.25845	0.170579	0.118117	1.014198	1.164859	6.3987	2.863519
19980	-10385.35	-10886.55	501.2061	0.445163	0.325899	0.135271	0.0936675	1.224818	1.125379	6.437322	2.362481
19986	-10414.92	-10915.8	500.8819	0.457925	0.285961	0.0981238	0.157991	1.183056	1.151541	6.197931	3.657192
19992	-10396.69	-10899.1	502.4066	0.410225	0.409596	0.0774358	0.102743	1.183056	1.107017	6.05708	1.764017
19998	-10413.97	-10916.29	502.3254	0.375514	0.374938	0.155498	0.0940498	1.078057	1.167919	6.048186	1.940414
20004	-10411.91	-10912.93	501.0183	0.405928	0.38005	0.112355	0.101667	1.199817	1.047627	6.972535	1.455004
20010	-10422.86	-10924.3	501.4342	0.402092	0.385909	0.111293	0.100706	1.088863	1.090628	6.417514	2.323616
20016	-10411.53	-10912.69	501.1608	0.394008	0.37815	0.134889	0.0929519	1.088863	1.013955	6.716583	2.041393
20022	-10425.85	-10927.44	501.5931	0.545344	0.125591	0.193856	0.135209	1.357242	1.106418	6.307453	2.013437
20028	-10419.47	-10920.21	500.7426	0.510396	0.186561	0.178526	0.124517	1.468018	1.15228	6.397752	2.806153
20034	-10402.18	-10901.95	499.7679	0.462192	0.222911	0.177888	0.137009	1.323282	0.9828449	7.212967	2.439442
20040	-10425.53	-10925.67	500.1422	0.551606	0.120407	0.222781	0.105206	1.460712	1.08032	6.756005	2.833037
20046	-10412.55	-10913	500.4538	0.547263	0.0624191	0.265119	0.125199	1.509994	1.079817	6.051677	4.620137
20052	-10423.12	-10922.72	499.6072	0.597712	0.149919	0.143066	0.109303	1.502526	1.105719	6.353138	5.243751
20058	-10404.33	-10905.12	500.7906	0.524419	0.131535	0.185965	0.15808	1.429353	1.105719	6.4012	2.848113
20064	-10422.3	-10924.1	501.8053	0.496923	0.139141	0.196717	0.16722	1.406131	1.120949	6.336928	1.603008
20070	-10400.29	-10901.58	501.289	0.445753	0.299507	0.137116	0.117625	1.238904	1.199122	6.203805	2.758706
20076	-10392.77	-10894.11	501.3368	0.445514	0.299882	0.137042	0.117562	1.350475	1.149694	6.203805	2.601344
20082	-10400	-10902.15	502.1556	0.267926	0.572712	0.0824153	0.0769468	1.100432	1.149304	6.391044	1.378235
20088	-10397.14	-10898.95	501.8138	0.368084	0.409643	0.0877398	0.134533	1.132987	1.093611	6.488861	1.592442
20094	-10403.48	-10904.87	501.3903	0.388279	0.396551	0.0849357	0.130234	1.125346	1.074667	6.378878	2.4639
20100	-10405.51	-10907.76	502.2534	0.388279	0.396551	0.0849357	0.130234	1.173064	1.173014	6.067349	1.862703
20106	-10395.74	-10896.69	500.9541	0.376372	0.34106	0.156328	0.12624	1.144685	1.08564	6.83372	1.862703
20112	-10388.77	-10888.8	500.0363	0.430088	0.318205	0.145852	0.105856	1.25859	1.193952	6.471488	4.103999
20118	-10388.53	-10889.03	500.4947	0.378481	0.322266	0.219567	0.0796857	1.008681	1.131064	7.089752	1.955988
20124	-10402.69	-10904.51	501.8206	0.385727	0.328436	0.223771	0.0620655	0.9712739	1.12574	6.604884	1.482332
20130	-10407.24	-10909.23	501.9959	0.386752	0.369785	0.190598	0.0528646	0.9592678	1.126447	6.604884	1.29842
20136	-10396.96	-10898.51	501.5464	0.445406	0.285521	0.175942	0.0931304	0.9592678	1.130182	6.460564	2.178377
20142	-10409.48	-10911.79	502.3159	0.304286	0.342393	0.262803	0.090518	0.9810315	1.14161	6.271915	1.591626
20148	-10400.64	-10901.71	501.0696	0.410068	0.19512	0.359696	0.0351152	1.101702	1.074431	6.945267	1.531934
20154	-10417.42	-10919.48	502.053	0.443565	0.144756	0.376588	0.0350916	1.133799	1.133652	6.15559	2.013639
20160	-10399.9	-10901.94	502.0397	0.428032	0.139687	0.366676	0.065605	1.045552	1.090781	6.372683	1.684732
20166	-10391.5	-10892.32	500.8207	0.477668	0.182865	0.260703	0.0787647	1.299554	1.076051	6.760292	2.038599
20172	-10389.15	-10890.1	500.9453	0.478948	0.140884	0.30368	0.0764879	1.299554	1.095209	6.501866	2.51466
20178	-10393.63	-10894.84	501.2042	0.434948	0.238202	0.266684	0.0601663	1.063044	1.096408	6.501866	2.461187
20184	-10380.9	-10882.09	501.1892	0.434948	0.238202	0.266684	0.0601663	1.204868	1.107854	6.768612	1.6219
20190	-10371.89	-10873.06	501.1696	0.423416	0.205436	0.259613	0.111534	1.147511	1.1028	6.768612	1.718162
20196	-10376.92	-10877.19	500.2647	0.487157	0.233332	0.225274	0.054237	1.147511	0.9557321	6.998049	2.581027
20202	-10381.39	-10881.31	499.9228	0.499332	0.0579959	0.368426	0.0742457	1.497815	1.077542	6.792827	3.033694
20208	-10385.11	-10885.28	500.1678	0.572826	0.0865955	0.189212	0.151367	1.766845	1.126088	6.249987	3.918485
20214	-10396.05	-10896.25	500.1987	0.617925	0.0947883	0.124002	0.163284	1.744039	1.086007	6.264897	3.918485
20220	-10413.13	-10913.17	500.0357	0.585476	0.0938036	0.15229	0.168431	1.581696	1.052518	6.383264	4.143221
20226	-10400.94	-10901.64	500.7011	0.585368	0.0937864	0.152446	0.1684	1.791792	1.141879	6.027389	3.611186
20232	-10398.68	-10899.85	501.1735	0.551557	0.0818154	0.22701	0.139618	1.488783	1.202007	5.873773	3.611186
20238	-10407.87	-10908.97	501.1074	0.5365	0.0845724	0.243121	0.135806	1.403151	1.248965	5.873773	3.790008
20244	-10400.67	-10900.96	500.2917	0.577253	0.0785797	0.114819	0.229348	2.000567	1.186923	5.873773	4.591666
20250	-10383.42	-10884.37	500.9541	0.55482	0.0699492	0.204823	0.170408	1.290177	1.129525	6.341099	2.927532
20256	-10394.52	-10895.68	501.1613	0.447482	0.229642	0.165197	0.157678	1.142503	1.204404	6.225654	3.04261
20262	-10380.49	-10881.33	500.8412	0.507768	0.207542	0.15503	0.12966	1.300756	1.113569	6.570525	2.451449
20268	-10390.19	-10890.94	500.7491	0.495662	0.202594	0.151334	0.15041	1.418589	1.118417	6.60908	2.319904
20274	-10404.97	-10905.79	500.8181	0.495662	0.202594	0.151334	0.15041	1.446405	1.118417	6.327782	2.979597
20280	-10394.98	-10895.89	500.9114	0.429714	0.256555	0.191643	0.122088	1.415957	1.118417	6.659686	1.969901
20286	-10383.46	-10882.99	499.5302	0.637231	0.0654395	0.145686	0.151643	1.663115	1.078642	6.416128	4.900739
20292	-10391.3	-10892	500.7022	0.627173	0.0644066	0.159171	0.149249	1.398092	1.071356	6.460443	2.91527
20298	-10392.72	-10893.48	500.7562	0.609481	0.0552608	0.194074	0.141184	1.456646	1.008773	6.641349	2.333484
20304	-10390.1	-10889.8	499.6949	0.617619	0.0668086	0.152935	0.162638	1.559964	1.035455	6.456142	4.656178
20310	-10405.38	-10905.21	499.8241	0.658496	0.0822373	0.125647	0.133619	1.545249	1.100171	6.062699	5.956023
20316	-10410.51	-10911.57	501.0587	0.63075	0.0787721	0.149739	0.140739	1.68604	1.107357	6.065216	3.064269
20322	-10414.11	-10915.6	501.4947	0.533647	0.147918	0.199363	0.119072	1.369448	1.07754	6.065216	2.840646
20328	-10401.09	-10902.98	501.8907	0.490519	0.135964	0.268906	0.104611	1.241106	1.103726	5.898862	2.840646
20334	-10392.94	-10893.9	500.9616	0.513073	0.130523	0.260438	0.0959661	1.418381	1.007909	6.555399	2.316148
20340	-10406.59	-10907.45	500.8547	0.508135	0.219328	0.195721	0.0768161	1.075454	1.137229	6.40616	3.224875
20346	-10395.42	-10896.3	500.8783	0.495685	0.213954	0.190925	0.0994359	1.090326	1.119966	6.260531	3.674443
20352	-10395.13	-10896.52	501.3886	0.543959	0.168337	0.158605	0.129098	1.317303	1.115967	6.115279	2.877775
20358	-10393.37	-10892.71	499.3382	0.491025	0.245996	0.068739	0.194241	1.36748	1.114386	6.93576	3.747486
20364	-10402.29	-10901.5	499.2119	0.590872	0.109023	0.0778916	0.222214	1.651539	1.044872	6.67147	4.654089
20370	-10403.59	-10903.91	500.3151	0.697203	0.0539094	0.173485	0.0754027	1.500391	1.050884	6.412715	3.628863
20376	-10393.78	-10893.58	499.8024	0.579614	0.0765037	0.261319	0.0825638	1.353175	0.9892263	6.768293	3.717497
20382	-10435.5	-10935.64	500.1375	0.391322	0.391534	0.115606	0.101538	1.2639	1.007324	6.823991	3.045203
20388	-10418.83	-10918.25	499.4218	0.451612	0.231815	0.168835	0.147737	1.530161	1.040905	6.945683	3.428917
20394	-10415.06	-10915.23	500.1679	0.544287	0.0964618	0.183961	0.17529	1.45719	1.12029	6.591843	3.23835
20400	-10403.79	-10904.53	500.7384	0.534898	0.175451	0.195261	0.0943899	1.46592	1.078629	6.371263	3.017011
20406	-10418.75	-10920.76	502.0067	0.501371	0.179844	0.211686	0.107098	1.269298	1.185417	6.104443	1.961537
20412	-10420.36	-10920.52	500.1537	0.519176	0.188744	0.193954	0.0981264	1.333343	1.040345	6.505527	3.913857
20418	-10409.14	-10909.74	500.6028	0.520988	0.127591	0.252952	0.0984691	1.280341	1.069383	6.749052	2.408683
20424	-10400.86	-10902.75	501.8955	0.460764	0.17286	0.279289	0.0870865	1.280341	1.069383	6.175727	2.076759
20430	-10400.24	-10900.12	499.8788	0.399184	0.269708	0.255654	0.0754536	1.162289	1.06729	7.343302	2.032775
20436	-10395.44	-10897	501.5523	0.377671	0.28336	0.265071	0.0738982	0.9026467	1.061309	6.473725	2.314866
20442	-10407.92	-10908.94	501.0226	0.411982	0.261097	0.218442	0.108479	1.034871	1.106854	6.454536	2.908781
20448	-10400.21	-10900.94	500.7289	0.545334	0.144545	0.220766	0.0893547	1.407442	1.106854	6.557872	2.520912
20454	-10407.41	-10907.06	499.6497	0.522276	0.167767	0.230587	0.079369	1.18232	1.144024	6.884483	3.605233
20460	-10399.88	-10901.59	501.7028	0.380609	0.356079	0.185811	0.0775002	1.054152	1.089406	6.488638	1.829207
20466	-10412.26	-10913.59	501.3236	0.428814	0.401177	0.0839072	0.0861019	1.351108	1.124936	6.670043	1.499335
20472	-10400.72	-10901.52	500.7976	0.477838	0.244214	0.146246	0.131702	1.179422	1.039439	6.389404	3.376269
20478	-10398.72	-10899.12	500.3951	0.543687	0.167299	0.209496	0.0795173	1.345644	1.072512	6.266825	4.227388
20484	-10388.08	-10886.98	498.8962	0.504306	0.185682	0.185493	0.124519	1.345644	0.9747196	7.360853	3.395682
20490	-10397.74	-10896.87	499.1246	0.498745	0.237013	0.183447	0.0807939	1.276559	0.9309199	7.360853	3.181119
20496	-10391.63	-10891.81	500.1763	0.507889	0.135967	0.273869	0.0822751	1.276559	1.031353	6.794843	3.010743
20502	-10382.89	-10884.61	501.7165	0.483425	0.132513	0.332524	0.0515378	1.145697	1.145862	6.181431	2.384837
20508	-10384.5	-10884.86	500.3559	0.493296	0.129364	0.324749	0.0525901	1.1653	1.140334	6.846341	2.563721
20514	-10378.74	-10880.08	501.3361	0.493296	0.129364	0.324749	0.0525901	1.152796	1.109481	6.147399	3.134506
20520	-10389.86	-10892.55	502.6896	0.346598	0.388277	0.228174	0.0369506	0.9058597	1.18085	6.037521	1.705463
20526	-10395.79	-10899.73	503.9382	0.380864	0.367915	0.216208	0.0350128	0.9566026	1.134613	5.578023	1.230299
20532	-10395.27	-10898.29	503.0227	0.340804	0.362979	0.275108	0.0211096	0.9576391	1.20812	5.839968	1.642976
20538	-10408.06	-10909.76	501.7003	0.469528	0.126796	0.379017	0.0246593	1.292047	1.09734	5.839968	3.275252
20544	-10408.02	-10907.42	499.3936	0.557841	0.0392826	0.355347	0.0475289	1.272319	1.08916	6.661167	4.932836
20550	-10403.08	-10902.61	499.5248	0.549029	0.0163368	0.349734	0.0849	1.387146	0.9936211	6.566738	5.012512
20556	-10414.4	-10913.89	499.4931	0.575636	0.0213939	0.319333	0.0836374	1.530503	1.02159	7.122773	2.779761
20562	-10412.3	-10911.57	499.2754	0.502413	0.145876	0.278713	0.0729984	1.451582	1.03148	7.220411	2.933035
20568	-10390.24	-10890.43	500.1854	0.53098	0.108111	0.29456	0.0663497	1.260797	1.026591	7.054068	2.281824
20574	-10404.14	-10904.31	500.1642	0.533203	0.108563	0.256056	0.102178	1.333994	1.021399	6.84472	2.809176
20580	-10406.65	-10908.39	501.7351	0.532133	0.078948	0.317559	0.0713602	1.302249	1.176942	5.629889	3.752877
20586	-10412.28	-10913.5	501.2183	0.431906	0.101342	0.407762	0.058991	1.387696	1.047431	6.629522	1.770423
20592	-10392.73	-10893.93	501.2033	0.38503	0.239131	0.363506	0.0123326	1.192311	1.09365	6.629522	1.960901
20598	-10386.15	-10888.13	501.9775	0.370557	0.230143	0.349843	0.0494574	0.8687695	1.059518	6.629522	1.446111
20604	-10401.27	-10902.3	501.0335	0.373018	0.229806	0.34933	0.0478464	1.049048	1.061857	6.984611	1.563956
20610	-10399.83	-10901.14	501.3043	0.493022	0.233202	0.216651	0.0571255	0.9247018	1.098103	6.688907	2.02439
20616	-10391.52	-10892.29	500.7631	0.409617	0.292032	0.260207	0.038144	0.9340763	1.004629	7.044734	1.978297
20622	-10395.55	-10896.07	500.5206	0.444845	0.317148	0.175227	0.0627792	1.062572	1.064377	7.129105	1.84475
20628	-10388.03	-10889.1	501.0747	0.393475	0.262563	0.291988	0.0519741	0.9863838	1.048367	6.761724	2.136055
20634	-10409.77	-10910.46	500.6816	0.583696	0.0621943	0.277009	0.0771003	1.387084	1.057796	6.632602	2.485282
20640	-10402.01	-10901.94	499.9237	0.564742	0.0512033	0.309458	0.0745966	1.46152	1.037706	7.02433	2.464747
20646	-10404.22	-10903.7	499.4728	0.543549	0.138857	0.243881	0.0737128	1.290394	1.129624	6.880094	3.792476
20652	-10393.4	-10893.68	500.2754	0.5629	0.183756	0.177007	0.0763371	1.289452	1.047916	6.490986	3.792476
20658	-10401.32	-10901.14	499.8199	0.396652	0.31977	0.19813	0.0854469	1.169947	1.028733	7.107957	2.810209
20664	-10412.39	-10912.13	499.7393	0.483824	0.211135	0.203075	0.101967	1.293488	1.059054	7.107957	2.706586
20670	-10415.92	-10916.6	500.6751	0.431549	0.308287	0.181134	0.0790297	1.159719	1.004209	7.107957	1.659015
20676	-10413.58	-10914.99	501.4023	0.404606	0.381077	0.136833	0.0774841	1.154447	1.060592	6.85782	1.297514
20682	-10399.74	-10902.09	502.3527	0.338169	0.413487	0.181136	0.067208	0.89795	1.26199	5.802514	2.669666
20688	-10398.85	-10900.93	502.0776	0.338169	0.413487	0.181136	0.067208	0.8744276	1.072319	6.345639	1.942231
20694	-10397.52	-10899.97	502.4523	0.392724	0.381158	0.148068	0.0780501	1.302858	1.172098	6.013181	1.591037
20700	-10395.28	-10898.1	502.8191	0.362322	0.442515	0.089778	0.105385	1.020351	1.178333	6.013181	1.470065
20706	-10410.7	-10913.68	502.9797	0.372808	0.299108	0.258277	0.0698074	1.074566	1.173827	5.898774	1.470065
20712	-10403.18	-10905.54	502.3631	0.352584	0.484327	0.0514614	0.111628	1.242933	1.124278	6.096483	1.638327
20718	-10409.65	-10912.69	503.0313	0.297167	0.527873	0.0713573	0.103602	0.9533512	1.180363	6.044258	1.243471
20724	-10406.33	-10908.6	502.2727	0.224458	0.619673	0.0588773	0.0969918	0.9995252	1.163717	6.440374	1.243471
20730	-10408.8	-10910.36	501.5595	0.339589	0.527681	0.0501368	0.0825931	1.326411	1.116249	6.440374	1.763475
20736	-10379.46	-10880.49	501.0336	0.464384	0.341455	0.139874	0.0542872	1.250917	1.014483	6.754379	1.9122
20742	-10416.35	-10916.25	499.9015	0.562161	0.0303082	0.378557	0.0289728	1.211618	1.011702	7.256581	2.236264
20748	-10419.24	-10918.73	499.4893	0.572451	0.0218161	0.385487	0.0202461	1.19977	1.060225	7.080836	3.355064
20754	-10410.36	-10911.21	500.856	0.568059	0.0293215	0.382529	0.0200908	1.178536	1.110512	6.40167	3.111512
20760	-10414.42	-10916.53	502.1118	0.38456	0.337949	0.148856	0.128635	1.272849	1.107273	6.167704	1.773354
20766	-10393.98	-10895.54	501.5618	0.361942	0.374269	0.142719	0.12107	1.136108	1.118557	6.517578	1.802159
20772	-10421.11	-10922.05	500.9451	0.470287	0.256093	0.185348	0.0882726	1.045173	1.118557	6.456631	2.994419
20778	-10408.97	-10910.33	501.3613	0.505338	0.195762	0.202472	0.0964279	1.201054	1.119203	6.177567	2.906194
20784	-10419.97	-10921.71	501.7408	0.57243	0.032578	0.26121	0.133782	1.306367	1.105942	6.22906	2.07152
20790	-10412.52	-10915.2	502.6816	0.559087	0.0427231	0.273354	0.124836	1.606861	1.170217	5.482109	2.207363
20796	-10407.82	-10907.95	500.1246	0.55684	0.0465701	0.272255	0.124334	1.267928	1.117838	6.487599	4.00225
20802	-10410.78	-10911.27	500.4931	0.560214	0.0479119	0.273904	0.11797	1.369422	1.1281	6.402108	3.407118
20808	-10412.06	-10912.01	499.9489	0.582117	0.139012	0.141372	0.137499	1.35303	1.075768	6.640994	3.722716
20814	-10402.94	-10902.67	499.735	0.52316	0.144891	0.183098	0.148851	1.456581	1.062333	6.975415	2.868519
20820	-10389.22	-10888.96	499.7467	0.534821	0.182567	0.18718	0.0954322	1.411323	1.066068	6.962	2.949275
20826	-10421.41	-10922.17	500.7585	0.534821	0.182567	0.18718	0.0954322	1.14905	1.06867	6.49151	3.114346
20832	-10407.67	-10909.04	501.3744	0.436698	0.228535	0.258798	0.0759692	1.132336	1.062903	6.493511	2.188994
20838	-10395.23	-10896.03	500.8005	0.430965	0.225535	0.255401	0.0880985	1.169427	1.013869	6.911447	1.937387
20844	-10403.39	-10906.02	502.6321	0.442672	0.301331	0.206534	0.0494627	1.040628	1.134155	5.920625	1.937387
20850	-10402.86	-10903.71	500.8558	0.516353	0.203328	0.24091	0.0394093	1.014649	1.129277	6.337644	3.572711
20856	-10411.39	-10913.36	501.9794	0.387293	0.302884	0.175219	0.134605	1.401053	1.143509	6.225351	1.61888
20862	-10406.96	-10909.66	502.6961	0.442301	0.223706	0.180271	0.153723	1.266773	1.181861	5.633449	2.203762
20868	-10399.28	-10901.18	501.8974	0.329063	0.437875	0.118695	0.114367	1.013983	1.153667	6.693893	1.140333
20874	-10409.44	-10911.15	501.7071	0.286352	0.488913	0.0970372	0.127697	1.013983	1.11343	6.81838	1.140333
20880	-10400.88	-10902.03	501.1406	0.438776	0.384489	0.0763116	0.100423	1.076701	1.160402	6.347242	2.884522
20886	-10404.57	-10905.91	501.3402	0.379656	0.440681	0.111933	0.0677299	1.091217	1.140065	6.611105	1.892601
20892	-10415.49	-10917.25	501.7619	0.334067	0.442419	0.155518	0.067997	0.9369952	1.129087	6.681624	1.423036
20898	-10413.43	-10915.04	501.6117	0.317624	0.43659	0.168985	0.0768005	1.019508	1.129087	6.681624	1.500083
20904	-10406.27	-10908.98	502.7103	0.349408	0.404304	0.192527	0.0537609	0.9691979	1.101623	6.265259	1.219514
20910	-10397.21	-10898.89	501.6789	0.34587	0.408269	0.194415	0.0514454	0.9068364	1.105253	6.746306	1.443409
20916	-10402.22	-10903.5	501.2779	0.34587	0.408269	0.194415	0.0514454	0.9713135	1.097535	6.787664	1.761565
20922	-10405.32	-10907.34	502.0195	0.310517	0.468753	0.174543	0.0461869	1.027355	1.083373	6.621604	1.212573
20928	-10408.27	-10910.44	502.1722	0.296073	0.478573	0.1782	0.0471545	0.9423214	1.134254	6.557684	1.212573
20934	-10398.65	-10900.66	502.0102	0.298669	0.484043	0.180236	0.0370522	0.8474921	1.15109	6.357555	1.935078
20940	-10391.85	-10894.31	502.4653	0.381643	0.420179	0.0977945	0.100383	1.147523	1.197708	6.130586	1.464048
20946	-10387.31	-10888.89	501.5801	0.412942	0.397841	0.138071	0.0511455	1.147523	1.116144	6.464141	1.894005
20952	-10395.08	-10897.27	502.1949	0.384879	0.416859	0.144671	0.0535904	0.9311676	1.116144	6.464141	1.409155
20958	-10396.87	-10898.06	501.1939	0.304218	0.406627	0.246796	0.0423591	0.8299556	1.116144	7.000017	1.539495
20964	-10395.35	-10897.12	501.776	0.285835	0.430993	0.261585	0.0215878	0.8469522	1.118522	6.826965	1.224915
20970	-10401.26	-10903.4	502.1382	0.349465	0.373179	0.2757	0.00165494	1.128045	1.181876	6.271675	1.583415
20976	-10401.82	-10904.48	502.6686	0.349548	0.373268	0.275766	0.00141767	1.128045	1.111754	6.373532	0.889865
20982	-10405.33	-10908.07	502.7378	0.350318	0.371367	0.276373	0.00194119	1.009192	1.166813	5.981617	1.66127
20988	-10408.25	-10910.95	502.7005	0.389716	0.218454	0.386562	0.00526853	1.063761	1.150082	5.981617	1.66127
20994	-10406.39	-10909.5	503.1078	0.457395	0.224372	0.311141	0.00709209	1.089784	1.227099	5.556602	2.000261
21000	-10398.58	-10900.39	501.8162	0.453561	0.228221	0.245222	0.072995	1.155524	1.211448	5.520063	4.192839
21006	-10408.23	-10910.28	502.0499	0.535762	0.179712	0.206053	0.0784728	1.155524	1.222187	5.797641	2.821712
21012	-10418.58	-10921.22	502.6469	0.47585	0.21976	0.237519	0.0668717	1.155524	1.191799	5.418375	3.026121
21018	-10408.9	-10910.11	501.218	0.561488	0.0946497	0.257273	0.0865893	1.257388	1.257159	5.945858	3.565819
21024	-10392.09	-10894.07	501.9854	0.525985	0.0788833	0.322966	0.0721656	1.350864	1.193218	5.925955	2.329265
21030	-10397.55	-10899.14	501.5904	0.559252	0.111603	0.260223	0.0689224	1.180858	1.171356	5.778901	3.736439
21036	-10413.64	-10914.95	501.3178	0.564325	0.112615	0.253513	0.0695476	1.553183	1.223241	6.235024	2.177855
21042	-10415.17	-10916.35	501.1841	0.502367	0.193052	0.268625	0.0359565	1.418324	1.108192	6.165474	2.926
21048	-10413.6	-10914.38	500.7754	0.543027	0.113078	0.281044	0.0628502	1.319315	1.153319	6.101976	3.955663
21054	-10394.17	-10895.42	501.2459	0.471339	0.24304	0.243942	0.0416787	1.319315	1.132572	6.296048	2.550084
21060	-10385	-10885.99	500.9941	0.414085	0.274354	0.21431	0.0972511	1.07686	1.071188	6.593522	2.540004
21066	-10385.88	-10887.56	501.6859	0.488614	0.165927	0.290452	0.0550064	1.07686	1.136348	6.178545	2.552136
21072	-10388.57	-10889.9	501.3294	0.458823	0.249138	0.207672	0.0843668	1.296341	1.093496	6.546606	1.870339
21078	-10398.85	-10900.02	501.1705	0.475564	0.267952	0.21525	0.0412344	1.127184	1.093496	6.4335	2.613179
21084	-10409.51	-10910.14	500.6265	0.422707	0.297083	0.230485	0.0497249	1.079198	1.06015	6.795707	2.543323
21090	-10412.48	-10914.02	501.5378	0.380862	0.267674	0.306662	0.0448024	1.143692	1.100717	6.62839	1.593379
21096	-10397.26	-10898.53	501.2686	0.380862	0.267674	0.306662	0.0448024	1.010135	1.043289	6.661303	2.099432
21102	-10414.34	-10914.33	499.9846	0.406955	0.286013	0.218432	0.0886001	1.240085	0.9531357	7.275342	2.116347
21108	-10406.92	-10907.75	500.8371	0.408999	0.301962	0.21953	0.0695082	1.240085	1.087062	6.585767	2.539241
21114	-10407.43	-10909.54	502.1028	0.408891	0.256703	0.219472	0.114935	1.25614	1.093061	6.291801	1.543222
21120	-10405.03	-10906.4	501.3758	0.405931	0.37511	0.108944	0.110015	1.33286	1.014464	6.499381	1.983385
21126	-10396.27	-10898.74	502.4739	0.408292	0.278187	0.222056	0.0914646	1.080458	1.065388	6.308873	1.308006
21132	-10392.09	-10892.75	500.6563	0.352795	0.346112	0.213253	0.0878388	0.9217097	1.045804	6.993535	2.214711
21138	-10385.12	-10886.61	501.4857	0.369383	0.417232	0.107497	0.105888	1.232706	1.053614	6.550479	1.788025
21144	-10388.46	-10890.2	501.7421	0.413407	0.385855	0.102812	0.097925	1.105496	1.095596	6.351109	2.035842
21150	-10382.6	-10884.65	502.0498	0.385637	0.351818	0.134468	0.128076	0.9957421	1.122752	6.175786	2.166987
21156	-10386.33	-10888.39	502.0596	0.313114	0.492274	0.135167	0.0594453	1.036799	1.120225	6.365544	1.651164
21162	-10387.88	-10890.69	502.8073	0.435503	0.320362	0.130469	0.113665	1.059255	1.148388	5.833059	1.875538
21168	-10396.84	-10899.78	502.9445	0.380161	0.406729	0.113889	0.099221	1.028679	1.199405	5.607921	2.216029
21174	-10395.51	-10899.07	503.5519	0.372076	0.398079	0.153951	0.0758944	1.130552	1.253313	5.271596	2.010349
21180	-10391.78	-10895.09	503.3095	0.550749	0.109032	0.22788	0.112339	1.290089	1.283782	4.983342	2.870281
21186	-10379.52	-10881.88	502.3598	0.517925	0.130562	0.235444	0.116069	1.487108	1.256098	5.660048	2.226866
21192	-10395.87	-10898.01	502.1408	0.463887	0.265958	0.202145	0.0680098	1.230757	1.238225	6.12504	1.720415
21198	-10384.5	-10885.26	500.7585	0.38799	0.347346	0.153897	0.110767	1.120092	1.087231	6.847064	2.118824
21204	-10378.43	-10879.12	500.6938	0.389743	0.348916	0.204604	0.0567369	0.9196807	1.001008	7.329004	1.43614
21210	-10397.43	-10899.32	501.8956	0.473165	0.14901	0.336784	0.0410415	0.9632493	1.100678	6.461177	1.750385
21216	-10387.62	-10888.29	500.6679	0.477513	0.129756	0.356139	0.0365924	1.038013	1.149675	6.785549	2.435934
21222	-10388.81	-10890.13	501.3278	0.437173	0.195622	0.326052	0.0411526	1.034833	1.106826	6.495029	2.323948
21228	-10391.13	-10893.68	502.5501	0.423636	0.25007	0.290148	0.0361457	1.067786	1.16608	5.804621	2.258717
21234	-10384.89	-10885.75	500.8625	0.515009	0.222962	0.171606	0.0904225	1.454267	1.1516	6.389341	2.661097
21240	-10405.97	-10905.93	499.9574	0.469009	0.289379	0.156278	0.0853333	1.575967	1.060097	6.87179	2.661097
21246	-10397.78	-10898.34	500.559	0.528189	0.199713	0.175998	0.0961007	1.399868	1.129972	6.590412	2.664052
21252	-10382.11	-10883.78	501.6741	0.528189	0.199713	0.175998	0.0961007	1.240006	1.172276	6.288256	2.007921
21258	-10391.33	-10891.23	499.8937	0.548356	0.207338	0.144536	0.09977	1.297989	1.169558	6.780407	3.270692
21264	-10416.03	-10915.66	499.6323	0.544328	0.180867	0.14741	0.127395	1.368572	1.116821	6.869718	3.421693
21270	-10414.67	-10917.27	502.5952	0.436786	0.344225	0.0847967	0.134192	1.234784	1.194358	5.798594	1.954819
21276	-10414.08	-10916.81	502.7301	0.387813	0.341422	0.151619	0.119146	0.9893926	1.151694	5.798594	2.151056
21282	-10402.52	-10905.34	502.8136	0.371546	0.309949	0.238411	0.0800945	1.070633	1.178425	5.798594	1.895573
21288	-10387.72	-10889.93	502.2092	0.423203	0.339657	0.158661	0.0784783	1.110467	1.178539	6.107231	1.895573
21294	-10384.88	-10887.68	502.8089	0.347166	0.383757	0.193528	0.0755491	1.006679	1.190205	6.107231	1.290396
21300	-10403.54	-10905.79	502.2592	0.357306	0.348715	0.225329	0.0686505	1.008774	1.109461	6.448561	1.290396
21306	-10395.35	-10898.09	502.74	0.408154	0.256031	0.257395	0.0784202	0.9775916	1.150212	5.847444	2.03391
21312	-10408.85	-10911.14	502.2876	0.348248	0.396519	0.219617	0.0356164	0.9775916	1.134553	6.120398	1.990895
21318	-10419.18	-10921.13	501.9533	0.489836	0.251414	0.188522	0.0702274	0.9775916	1.122971	6.120398	2.47869
21324	-10394.86	-10896.65	501.7949	0.358695	0.457268	0.137167	0.0468703	1.041559	1.163449	6.192547	2.362998
21330	-10413.11	-10913.42	500.3135	0.446359	0.315163	0.168446	0.0700314	1.21688	1.066528	6.536658	3.652025
21336	-10399.73	-10900.88	501.1505	0.458638	0.210995	0.167051	0.163316	1.284587	1.163444	6.264761	2.790121
21342	-10388.07	-10890.05	501.9774	0.435149	0.27618	0.155359	0.133312	1.250738	1.124847	6.348396	1.536722
21348	-10390.99	-10893.01	502.0203	0.399946	0.327183	0.22219	0.0506805	0.9490587	1.119085	6.156423	2.331017
21354	-10404.18	-10906.28	502.0967	0.38713	0.37966	0.184153	0.0490565	1.093542	1.067397	6.304497	1.740049
21360	-10397.17	-10898.4	501.2268	0.366508	0.407891	0.15802	0.0675814	0.8765169	1.065828	6.953325	1.605556
21366	-10391.72	-10891.36	499.642	0.472372	0.276346	0.20445	0.0468319	1.161153	1.065828	7.587349	1.75323
21372	-10377.53	-10877.94	500.4097	0.373934	0.324473	0.198442	0.103152	0.950429	1.096049	7.170385	1.993855
21378	-10397.29	-10898.07	500.7865	0.363766	0.408349	0.094651	0.133234	1.024121	1.096049	6.654269	2.729505
21384	-10393.61	-10894.46	500.8473	0.396125	0.361733	0.0970565	0.145086	1.220529	1.074474	6.658548	2.36992
21390	-10411.05	-10912.06	501.0061	0.438679	0.359959	0.0569873	0.144375	1.220529	1.115742	6.550319	2.36992
21396	-10400.66	-10901.29	500.6304	0.47939	0.334606	0.0282317	0.157773	1.300089	1.085796	6.729808	2.36992
21402	-10408.98	-10908.27	499.2825	0.417788	0.408586	0.0336879	0.139938	1.308027	1.021984	6.93147	4.163227
21408	-10390.32	-10890.69	500.3635	0.443152	0.370198	0.0598599	0.12679	1.1367	1.053726	6.93147	2.485893
21414	-10400.7	-10901.76	501.0594	0.381881	0.405733	0.0879845	0.124401	1.180422	1.112739	6.311453	3.041742
21420	-10399.1	-10900.32	501.2136	0.396395	0.440113	0.0677294	0.0957623	0.9736792	1.104048	6.85632	1.672917
21426	-10407.8	-10908.59	500.7891	0.357771	0.442413	0.0490902	0.150727	1.018781	0.9728429	7.160231	1.607872
21432	-10395.5	-10895.4	499.8992	0.372684	0.318657	0.192871	0.115788	1.018781	0.9984123	7.197639	2.701014
21438	-10395.31	-10896.65	501.3466	0.291304	0.432344	0.1981	0.0782514	0.9575449	1.092069	6.759697	1.764673
21444	-10395.41	-10898.04	502.6325	0.281122	0.437872	0.20549	0.0755162	0.8651812	1.020621	6.304797	1.431118
21450	-10385.18	-10886.88	501.6974	0.466232	0.221069	0.228666	0.0840331	0.9535637	1.106598	6.684335	1.497659
21456	-10393.16	-10894.16	500.9967	0.472223	0.234669	0.244203	0.0489057	1.088538	1.030729	6.846954	1.917118
21462	-10373.38	-10873.37	499.9927	0.519889	0.153953	0.264501	0.061657	1.21936	1.012746	7.024039	2.734295
21468	-10392.26	-10892.11	499.8532	0.598224	0.0264732	0.304355	0.0709472	1.417912	1.044422	6.763628	3.429212
21474	-10389.38	-10888.01	498.6386	0.600286	0.00614432	0.305404	0.0881658	1.411354	0.9885235	7.108363	4.708734
21480	-10406.65	-10906.74	500.0968	0.5795	0.0135308	0.334755	0.0722145	1.411354	1.006449	6.801933	2.959826
21486	-10407.85	-10906.98	499.1329	0.610894	0.0134941	0.299486	0.0761267	1.336659	1.006449	7.130759	3.706981
21492	-10404.31	-10905.17	500.864	0.308899	0.449725	0.139795	0.10158	1.124032	1.003635	7.062335	1.575925
21498	-10390.25	-10891.61	501.3565	0.279148	0.500126	0.12893	0.0917963	0.7980384	1.062066	6.724405	2.090979
21504	-10392.69	-10894.47	501.7728	0.295335	0.471139	0.136406	0.0971194	1.00442	1.121155	6.724405	1.257155
21510	-10388.5	-10891.41	502.914	0.400614	0.415054	0.107671	0.0766606	1.00442	1.196671	5.670963	2.135965
21516	-10405.7	-10907.74	502.041	0.419107	0.305774	0.172614	0.102505	1.025521	1.227721	5.977887	2.510328
21522	-10387.6	-10888.28	500.6806	0.434635	0.341869	0.175664	0.0478331	1.245894	1.203114	6.242264	3.674343
21528	-10389.42	-10890.61	501.1896	0.452117	0.345294	0.111825	0.0907636	1.141856	1.162667	5.849825	4.37419
21534	-10390.01	-10890.69	500.6841	0.355992	0.297959	0.246242	0.0998078	1.328643	1.054903	7.026138	1.58106
21540	-10400.18	-10900.3	500.1256	0.381898	0.319641	0.19139	0.107071	1.002593	1.054923	7.25942	2.138665
21546	-10398.95	-10901.11	502.1585	0.38739	0.367073	0.136926	0.108611	0.9893921	1.186558	6.142705	2.023289
21552	-10420.87	-10923.86	502.9887	0.483673	0.201829	0.20363	0.110868	1.319106	1.197029	5.510373	2.023289
21558	-10409.78	-10911.16	501.382	0.547673	0.169251	0.183285	0.099791	1.092637	1.213824	6.125943	3.044904
21564	-10399.24	-10899.57	500.3262	0.406975	0.279984	0.214205	0.0988356	0.9213952	1.043135	7.12185	2.349819
21570	-10400.23	-10901.38	501.148	0.444969	0.255665	0.191303	0.108063	1.128932	1.140828	6.644863	2.014265
21576	-10409.15	-10910.37	501.2234	0.356229	0.486797	0.0704623	0.0865116	1.022687	1.08247	6.746533	1.881404
21582	-10418.22	-10920.2	501.9867	0.332614	0.454527	0.0480724	0.164787	1.063459	1.1873	6.385688	1.582106
21588	-10399.92	-10901.98	502.053	0.420833	0.338123	0.130939	0.110106	1.323775	1.243445	5.717609	2.765547
21594	-10397.76	-10900.18	502.4201	0.448276	0.310244	0.13382	0.10766	1.309011	1.201332	5.717609	2.294768
21600	-10383.54	-10884.32	500.7713	0.446846	0.275445	0.158139	0.119569	1.079638	1.111078	6.809881	2.21827
21606	-10385.17	-10885.83	500.6532	0.464975	0.24605	0.164555	0.12442	1.17963	1.055067	6.809881	2.329089
21612	-10414.32	-10913.57	499.2509	0.602616	0.100227	0.213266	0.0838911	1.739729	1.102205	6.882627	3.525306
21618	-10395.24	-10895.23	499.9928	0.470126	0.247063	0.20297	0.0798409	1.375049	1.058537	7.218507	1.940595
21624	-10407.9	-10907.19	499.2901	0.545792	0.0439204	0.341711	0.0685763	1.384988	1.086502	6.912251	3.949843
21630	-10383.78	-10883.47	499.6941	0.545792	0.0439204	0.341711	0.0685763	1.564816	1.032048	6.912251	3.026205
21636	-10389.87	-10890.23	500.36	0.583366	0.045729	0.298231	0.072674	1.462375	1.136396	6.578456	2.919589
21642	-10401.79	-10902.05	500.256	0.436101	0.226503	0.219034	0.118363	1.366936	1.089832	6.763323	2.746754
21648	-10414.42	-10913.79	499.3789	0.52921	0.23527	0.122498	0.113023	1.266741	1.02509	7.247346	2.96444
21654	-10412.24	-10913.49	501.2556	0.424577	0.175687	0.275148	0.124588	1.400458	1.082327	6.135453	2.96794
21660	-10412.75	-10914.06	501.3093	0.520603	0.146368	0.229232	0.103797	1.458494	1.112537	5.924909	3.402437
21666	-10405.17	-10906.89	501.7176	0.500852	0.164867	0.234421	0.099859	1.277848	1.229249	5.746565	3.336465
21672	-10401.7	-10904.95	503.2544	0.330281	0.464838	0.154586	0.0502937	1.070059	1.199499	5.584756	1.804486
21678	-10410.72	-10914.38	503.6597	0.301876	0.42486	0.193354	0.0799108	0.7638037	1.17511	5.547161	1.804486
21684	-10388.85	-10891.35	502.502	0.32393	0.455115	0.0798964	0.141058	1.011089	1.13279	6.222419	1.455831
21690	-10419.76	-10921.39	501.6235	0.404768	0.413813	0.0259783	0.15544	1.048305	1.120441	6.336438	2.280616
21696	-10414.63	-10916.34	501.7114	0.448946	0.389748	0.0230983	0.138208	1.570727	1.219475	5.962265	2.313897
21702	-10412.74	-10914.83	502.0993	0.494412	0.321708	0.0177722	0.166108	1.44478	1.224303	5.962265	1.923905
21708	-10418.17	-10919.95	501.7787	0.49023	0.318986	0.0260815	0.164702	1.363035	1.141629	6.182526	2.018553
21714	-10427.37	-10929.09	501.7191	0.504988	0.316729	0.0111718	0.167111	1.405961	1.096806	6.169516	2.140823
21720	-10422.01	-10922.47	500.4628	0.532714	0.281132	0.0229857	0.163168	1.405961	1.018031	6.844557	2.265277
21726	-10417.55	-10916.24	498.6909	0.530992	0.288117	0.0136685	0.167222	1.606552	1.064551	7.276147	3.480252
21732	-10396.37	-10896.56	500.1871	0.560134	0.242588	0.0208776	0.1764	1.465498	1.004218	6.567145	3.480252
21738	-10406.52	-10907.14	500.6204	0.432969	0.293972	0.0824767	0.190582	1.371913	1.034387	6.683507	2.491324
21744	-10413.55	-10914.92	501.3697	0.423743	0.287708	0.207076	0.0814721	1.342489	1.07405	6.27031	2.491324
21750	-10412.52	-10914.27	501.7519	0.414497	0.303251	0.202558	0.0796943	1.170477	1.107348	6.272918	2.117217
21756	-10425.85	-10927.84	501.9871	0.35869	0.401217	0.146875	0.0932176	1.1244	1.098675	6.173785	2.117217
21762	-10426.57	-10928.2	501.6267	0.362626	0.388202	0.139388	0.109783	1.445941	1.162233	6.27115	1.880382
21768	-10425.49	-10926.25	500.7599	0.442973	0.27115	0.0977558	0.188121	1.366643	1.153535	6.431629	2.819836
21774	-10402.48	-10903.03	500.5496	0.39889	0.419571	0.0594364	0.122102	1.346561	1.051411	6.844276	2.171806
21780	-10402.25	-10902.8	500.5511	0.323248	0.514476	0.0365714	0.125705	1.105757	1.051411	7.063243	1.925827
21786	-10411.09	-10913.71	502.617	0.361832	0.44531	0.0840521	0.108806	1.143489	1.064919	6.083439	1.547081
21792	-10405.58	-10908.36	502.7847	0.380572	0.435652	0.082229	0.101547	1.277466	1.06966	6.020205	1.339229
21798	-10400.45	-10901.38	500.922	0.532848	0.267299	0.0563934	0.14346	1.583893	1.185061	5.946005	3.715138
21804	-10401.68	-10902.24	500.5607	0.436275	0.315715	0.114145	0.133865	1.369627	1.15955	6.443281	3.099905
21810	-10401.05	-10901.79	500.7309	0.525401	0.248871	0.0914335	0.134294	1.690018	1.15955	6.443281	2.396516
21816	-10402.52	-10905.29	502.7675	0.455531	0.34876	0.0792742	0.116435	1.052782	1.168951	5.788546	2.016004
21822	-10385.69	-10886.71	501.0204	0.414754	0.31754	0.161693	0.106012	1.208648	1.117428	6.670703	2.050921
21828	-10383.2	-10884.36	501.1645	0.422917	0.304109	0.164876	0.108099	1.158827	1.063088	6.670703	1.993918
21834	-10394.76	-10896.06	501.3054	0.457753	0.329159	0.0935831	0.119505	1.220453	1.080496	6.686211	1.681313
21840	-10397.6	-10899.43	501.8279	0.460317	0.331003	0.106045	0.102635	1.220453	1.065738	6.140117	2.346684
21846	-10398	-10899.23	501.2305	0.406869	0.363784	0.116547	0.1128	1.005964	1.094896	6.786636	1.78312
21852	-10393.53	-10894.76	501.2264	0.406869	0.363784	0.116547	0.1128	1.113166	1.094671	6.44237	2.521747
21858	-10388.07	-10888.87	500.7996	0.405321	0.362399	0.0695142	0.162765	1.211053	1.101451	6.924468	1.745591
21864	-10390.85	-10891.5	500.6495	0.484872	0.228349	0.122159	0.16462	1.395755	1.15315	6.545657	2.621741
21870	-10395.64	-10896.84	501.1997	0.484872	0.228349	0.122159	0.16462	1.418718	1.089221	6.545657	1.903366
21876	-10388.24	-10889.27	501.0331	0.491849	0.136791	0.248543	0.122818	1.418718	1.072571	6.650108	1.89063
21882	-10384.07	-10882.99	498.9239	0.512284	0.247659	0.12334	0.116717	1.239983	1.072571	7.408738	3.187584
21888	-10402.38	-10904.04	501.6533	0.484996	0.234467	0.170038	0.110499	1.565456	1.023839	6.216099	2.025269
21894	-10418.78	-10917.74	498.9667	0.577445	0.0995961	0.191397	0.131563	1.471658	1.035749	7.21257	3.455563
21900	-10416.98	-10916.71	499.7294	0.569684	0.111338	0.208134	0.110844	1.516756	1.105834	6.499059	4.339314
21906	-10408.77	-10908.55	499.7856	0.623956	0.0771245	0.195046	0.103874	1.736235	1.140336	6.499059	3.788709
21912	-10404.18	-10905.21	501.0318	0.600596	0.136964	0.187743	0.0746963	1.446852	1.140859	6.156391	3.112379
21918	-10414.82	-10913.8	498.9747	0.598257	0.19391	0.131907	0.0759256	1.446852	1.116351	6.430177	6.608018
21924	-10419.54	-10919.62	500.0802	0.610783	0.19797	0.113732	0.0775152	1.512467	1.041018	6.430177	4.020762
21930	-10403.45	-10904.73	501.2728	0.547105	0.10982	0.230266	0.112809	1.541156	1.136836	5.868742	3.481872
21936	-10396.99	-10898.55	501.5662	0.544144	0.217756	0.162008	0.076092	1.193578	1.112971	6.132046	2.732392
21942	-10397.56	-10898.83	501.2686	0.47805	0.254763	0.19621	0.0709774	1.090647	1.141948	6.132046	3.350207
21948	-10398.47	-10901.09	502.6138	0.431152	0.259997	0.234347	0.0745043	1.1396	1.180868	5.813418	2.031901
21954	-10382.15	-10885.36	503.2062	0.315032	0.459299	0.171231	0.0544384	0.7956791	1.181301	5.756159	1.846194
21960	-10384.29	-10886.43	502.1316	0.321796	0.459298	0.164467	0.0544383	1.008283	1.110559	6.422077	1.48762
21966	-10392.21	-10893.2	500.9864	0.381678	0.358681	0.195073	0.0645685	1.028157	1.087097	7.04269	1.48762
21972	-10398.7	-10899.78	501.0807	0.47345	0.231094	0.248101	0.0473551	0.8991378	1.096341	6.625133	2.552178
21978	-10400.55	-10901.66	501.1104	0.395362	0.192979	0.388913	0.0227461	0.8988287	1.114574	6.650532	2.410675
21984	-10394.03	-10896.21	502.1788	0.25915	0.501196	0.223601	0.0160529	0.7714608	1.14827	6.54708	1.405135
21990	-10416.56	-10918.7	502.1384	0.210068	0.504708	0.225168	0.0600555	0.8120608	1.14827	6.449818	1.611199
21996	-10400.53	-10902.19	501.6646	0.347463	0.409963	0.178167	0.0644077	0.8622846	1.091121	6.889798	1.231722
22002	-10389.92	-10890.92	500.9956	0.312101	0.473071	0.0992217	0.115606	0.9671352	1.041042	6.926337	1.870443
22008	-10395.38	-10895.53	500.1494	0.413859	0.372041	0.131572	0.0825277	1.220803	1.121909	6.997402	2.402364
22014	-10386.68	-10887.9	501.2167	0.33959	0.448111	0.125241	0.0870576	1.183609	1.139635	6.842818	1.415919
22020	-10402.18	-10902.52	500.3434	0.424841	0.285278	0.180969	0.108912	1.092705	1.009599	6.976208	2.521539
22026	-10396.63	-10897.68	501.0498	0.358408	0.379331	0.179629	0.0826325	1.002069	1.002338	6.927374	1.803468
22032	-10400.29	-10903.09	502.8011	0.360694	0.38175	0.180775	0.0767811	1.255464	1.12232	5.978012	1.371017
22038	-10391.38	-10893.63	502.2527	0.466034	0.18329	0.253015	0.0976597	1.258958	1.18668	6.002299	1.895782
22044	-10410.58	-10912.57	501.9937	0.493013	0.234116	0.116898	0.155973	1.334457	1.175319	6.002299	2.165661
22050	-10425.41	-10926.46	501.0506	0.47091	0.285782	0.105783	0.137525	1.150523	1.125535	6.715129	1.963701
22056	-10411.62	-10912.6	500.9756	0.423569	0.414058	0.025602	0.136771	1.23031	1.157187	6.230431	3.285542
22062	-10407.57	-10908.47	500.898	0.482297	0.371297	0.0237599	0.122646	1.63225	1.117362	6.230431	2.88391
22068	-10400.84	-10900.8	499.9627	0.493873	0.236277	0.139529	0.130321	1.795515	1.100741	6.582552	3.169635
22074	-10392.23	-10892.11	499.8783	0.482251	0.254249	0.136245	0.127254	1.405838	1.100741	6.820938	3.117949
22080	-10396.53	-10896.2	499.6609	0.509701	0.221761	0.134041	0.134497	1.170338	1.08834	6.975923	3.3965
22086	-10417	-10915.58	498.5816	0.434119	0.203614	0.177231	0.185036	1.545484	0.9466702	7.792515	2.358938
22092	-10427.72	-10926.23	498.507	0.446199	0.251176	0.218631	0.0839945	1.551642	1.006739	7.620442	2.868659
22098	-10410.08	-10909.65	499.5704	0.514735	0.136157	0.252212	0.096896	1.310307	1.014322	7.250416	2.602657
22104	-10411.61	-10911.92	500.3116	0.536157	0.141823	0.217015	0.105005	1.278914	0.9218773	7.034016	2.280391
22110	-10398.54	-10896.6	498.0545	0.493506	0.234381	0.143992	0.128122	1.558579	0.9530307	8.20146	2.000983
22116	-10412.01	-10912.9	500.8916	0.507389	0.22275	0.1428	0.127061	1.346961	1.01757	6.319775	3.201635
22122	-10396.84	-10898.37	501.5247	0.485475	0.19794	0.17424	0.142345	1.346961	1.089994	6.410889	1.886542
22128	-10394.23	-10895.04	500.8144	0.539055	0.186079	0.19347	0.0813958	1.471118	1.084524	6.410889	2.75671
22134	-10402.47	-10902.97	500.5024	0.498839	0.246802	0.179036	0.0753233	1.109952	1.038503	6.534437	3.54966
22140	-10386.96	-10886.25	499.2918	0.529186	0.132903	0.277022	0.0608896	1.279002	1.058402	6.956722	4.029541
22146	-10405	-10907.19	502.1955	0.561421	0.119077	0.254903	0.0645987	1.566905	1.126628	5.979422	1.751688
22152	-10403.42	-10904.88	501.4554	0.6104	0.0876815	0.231684	0.0702343	1.566905	1.12258	6.173112	2.269654
22158	-10405.77	-10906.24	500.4704	0.535448	0.148313	0.255234	0.0610045	1.451463	1.079421	6.298479	3.760046
22164	-10398.56	-10898.26	499.6909	0.530538	0.129776	0.223334	0.116351	1.524909	1.113794	6.81093	3.272581
22170	-10412.49	-10913.97	501.4731	0.37781	0.380291	0.159042	0.0828568	0.8953716	1.040269	6.81093	1.634214
22176	-10394.2	-10896.6	502.4033	0.34986	0.366272	0.18654	0.0973275	1.033905	1.082581	6.347832	1.338172
22182	-10404.01	-10906.55	502.5329	0.260705	0.498348	0.139004	0.101942	0.8694896	1.112337	6.347832	1.346119
22188	-10397.72	-10899.68	501.9626	0.269069	0.492533	0.133185	0.105213	0.8448122	1.153991	6.458411	1.758097
22194	-10413.71	-10915.76	502.0524	0.29145	0.419408	0.16859	0.120552	1.03957	1.155425	6.458411	1.414842
22200	-10403.72	-10905.94	502.2203	0.310698	0.447107	0.11368	0.128514	1.03957	1.132243	6.453099	1.265657
22206	-10407.26	-10908.68	501.4264	0.296082	0.483471	0.108333	0.112114	0.8512062	1.042765	6.820882	1.721321
22212	-10390.11	-10891.44	501.338	0.261216	0.563509	0.056578	0.118697	0.931922	1.064222	7.099055	1.119511
22218	-10399.65	-10901.49	501.8407	0.253372	0.546588	0.103839	0.0962008	0.8722339	1.230518	6.354814	2.027183
22224	-10390.14	-10892.27	502.1238	0.322091	0.423615	0.132002	0.122292	0.8722339	1.111919	6.354814	1.812742
22230	-10394.78	-10896.33	501.5541	0.322091	0.423615	0.132002	0.122292	0.8722339	1.109345	6.825471	1.454395
22236	-10381.96	-10883.58	501.6197	0.31552	0.445205	0.119323	0.119952	1.038153	1.062916	6.825471	1.246981
22242	-10384.78	-10886.18	501.3965	0.317717	0.470422	0.124488	0.0873739	1.189312	1.103912	6.825471	1.285747
22248	-10385.1	-10886.35	501.2417	0.343972	0.414064	0.14737	0.0945942	0.9427865	1.069002	7.053796	1.294411
22254	-10407.71	-10908.35	500.6325	0.28202	0.501788	0.120828	0.095364	1.019387	1.11616	7.399517	1.125791
22260	-10407.22	-10909.19	501.9693	0.245335	0.473003	0.198703	0.082959	0.8937123	1.082818	6.800502	1.06138
22266	-10412.38	-10914.5	502.1242	0.245335	0.473003	0.198703	0.082959	0.723201	1.107714	6.703834	1.24691
22272	-10413.86	-10916.35	502.4846	0.25601	0.424302	0.207349	0.11234	0.9060417	1.107714	6.291825	1.47996
22278	-10408.02	-10910.67	502.6503	0.237638	0.465615	0.192469	0.104278	0.799131	1.177452	6.226195	1.475519
22284	-10382.04	-10885.74	503.7051	0.303707	0.427515	0.17074	0.0980375	0.9631355	1.24449	5.528507	1.45916
22290	-10406.39	-10910.54	504.1485	0.302728	0.426137	0.170189	0.100945	0.8705748	1.29277	5.332178	1.41299
22296	-10405.98	-10908.02	502.0446	0.324214	0.44971	0.182268	0.0438068	0.941607	1.157288	6.34691	1.784115
22302	-10390.87	-10892.26	501.3931	0.466934	0.242467	0.235945	0.0546534	1.062167	1.034659	6.52147	2.225736
22308	-10398.7	-10899.59	500.8979	0.461873	0.270086	0.215239	0.0528019	1.292737	1.048139	6.527913	2.594689
22314	-10414.91	-10915.14	500.2312	0.546506	0.193877	0.18868	0.0709365	1.332542	1.112585	6.581351	3.370783
22320	-10415.8	-10916.64	500.8415	0.587323	0.133671	0.202772	0.0762345	1.372851	1.077609	6.163479	3.662183
22326	-10423.49	-10923.56	500.0763	0.453907	0.292363	0.166215	0.0875158	1.378248	1.077609	6.710365	3.211937
22332	-10404.99	-10905.36	500.3704	0.453551	0.2395	0.174777	0.132172	1.420602	1.040737	6.823098	2.404906
22338	-10407.36	-10907.99	500.6354	0.633842	0.0856518	0.149814	0.130692	1.527136	1.09233	6.309588	3.274844
22344	-10403.01	-10902.8	499.7947	0.611125	0.02427	0.224236	0.140369	1.585654	1.074569	6.587377	3.822677
22350	-10409.04	-10908.99	499.9498	0.568028	0.00681566	0.261475	0.163681	1.577447	1.016248	6.752088	3.104421
22356	-10409.76	-10908.25	498.4987	0.561919	0.017563	0.214099	0.206419	1.774177	1.013646	7.273252	3.688111
22362	-10401.96	-10901.64	499.6803	0.574509	0.0867509	0.218896	0.119844	1.706724	1.097264	6.620788	3.688111
22368	-10396.77	-10897.86	501.0959	0.50113	0.200708	0.190937	0.107224	1.2833	1.115721	6.148624	3.325343
22374	-10405.92	-10905.94	500.0262	0.497296	0.199172	0.189476	0.114055	1.318798	1.080758	6.83481	2.990617
22380	-10407.37	-10908.6	501.2285	0.497485	0.198637	0.135619	0.168259	1.520506	1.143604	6.070627	2.934936
22386	-10419.37	-10921.1	501.7385	0.495604	0.253544	0.0832296	0.167623	1.168818	1.171669	5.99968	2.78868
22392	-10408.68	-10909.54	500.8597	0.426012	0.263105	0.198617	0.112265	1.111289	1.127039	6.218897	3.804056
22398	-10413.44	-10914.87	501.4321	0.45361	0.28015	0.146702	0.119538	1.16577	1.10023	6.218897	2.753871
22404	-10397.79	-10899.18	501.389	0.499042	0.308209	0.0708828	0.121866	1.14964	1.052	6.218897	2.926517
22410	-10399.59	-10901.8	502.2064	0.382968	0.462591	0.0317947	0.122647	1.226101	1.110071	6.026684	2.03938
22416	-10382.25	-10885.09	502.8383	0.349159	0.500853	0.0336095	0.116379	1.110948	1.092288	6.117185	1.23385
22422	-10410.54	-10912.41	501.8666	0.325792	0.466793	0.0989499	0.108465	1.073066	1.024045	6.529039	1.593344
22428	-10412.31	-10913.72	501.4092	0.299745	0.429472	0.168396	0.102387	0.8803236	1.024045	7.027221	1.284298
22434	-10410.28	-10911.64	501.359	0.294241	0.520641	0.0846111	0.100507	0.8748315	1.079935	7.027221	1.284298
22440	-10425.56	-10927.07	501.5018	0.474709	0.250219	0.166853	0.108219	1.033581	1.09229	6.3752	2.41564
22446	-10422.59	-10925.26	502.6685	0.410456	0.31823	0.156613	0.114701	1.050181	1.147607	6.005255	1.666681
22452	-10424.25	-10927.57	503.3262	0.424634	0.294681	0.162023	0.118662	1.049253	1.117742	5.780436	1.414081
22458	-10416.3	-10916.55	500.2531	0.497738	0.261316	0.101855	0.139091	1.456734	1.055917	6.641315	3.046318
22464	-10414.59	-10913.54	498.9523	0.456297	0.260508	0.189411	0.0937838	1.141399	0.9904046	7.592671	2.858161
22470	-10430.44	-10929.73	499.2902	0.388859	0.2062	0.330708	0.0742329	1.076768	1.033	7.483652	2.676283
22476	-10397.13	-10898.03	500.8941	0.406334	0.187492	0.34557	0.0606039	1.174704	1.064533	6.730814	2.188193
22482	-10409.1	-10910.97	501.8777	0.327456	0.338447	0.278487	0.05561	0.8675532	1.114653	6.405005	2.015377
22488	-10393.16	-10894.31	501.1584	0.347466	0.359129	0.234396	0.0590083	0.8209019	1.114653	6.537586	2.781001
22494	-10403.28	-10903.99	500.7131	0.40207	0.252719	0.275784	0.0694273	0.9985406	1.124328	7.038348	1.81891
22500	-10406.25	-10907.67	501.4179	0.471364	0.29483	0.175813	0.0579932	1.233386	1.201619	6.253282	2.425702
22506	-10409.42	-10911.79	502.377	0.420234	0.258423	0.224037	0.0973066	1.128247	1.172308	6.241705	1.382421
22512	-10407.21	-10907.56	500.3527	0.492788	0.21829	0.216554	0.072368	1.126053	1.030447	6.972327	2.439009
22518	-10405.2	-10904.06	498.8559	0.487792	0.193354	0.191817	0.127038	1.362008	1.052844	7.525179	2.785888
22524	-10410.98	-10909.86	498.8781	0.541812	0.101127	0.215955	0.141107	1.476248	1.058981	7.246588	3.452013
22530	-10415.68	-10914.86	499.1824	0.575288	0.137047	0.132956	0.15471	1.575617	1.058093	7.118844	3.184309
22536	-10418.9	-10918.21	499.3073	0.593663	0.109483	0.137202	0.159651	1.638068	1.112819	6.915047	3.444557
22542	-10416.69	-10917.39	500.6996	0.523451	0.205131	0.130649	0.140769	1.296138	1.033343	6.583469	2.762345
22548	-10378.36	-10879.24	500.8793	0.479579	0.199741	0.209827	0.110852	1.255182	1.126338	6.605516	2.343608
22554	-10384.98	-10886.35	501.3726	0.445073	0.25732	0.19473	0.102877	1.204057	1.127603	6.388409	2.27752
22560	-10400.52	-10902.14	501.6194	0.405062	0.327913	0.177224	0.0898007	1.026719	1.114552	6.388409	2.189718
22566	-10402.79	-10902.89	500.1	0.368933	0.347826	0.187987	0.095254	1.002566	1.007369	7.057056	2.808899
22572	-10400.29	-10900.66	500.3767	0.380745	0.358962	0.139063	0.121231	1.100567	1.06937	6.71591	3.13683
22578	-10417.56	-10918.5	500.936	0.32741	0.42613	0.119583	0.126877	1.049074	1.041748	6.920469	1.855115
22584	-10400.97	-10903.03	502.0628	0.340255	0.442848	0.124274	0.092622	0.9259917	1.117575	6.64687	1.189001
22590	-10416.7	-10919.44	502.7445	0.280775	0.521057	0.0891888	0.108979	0.9030449	1.10108	6.31336	1.161473
22596	-10401.6	-10903.41	501.8024	0.268866	0.458162	0.168614	0.104357	1.05723	1.098746	6.543299	1.567994
22602	-10389.06	-10889.51	500.4467	0.500427	0.232813	0.129756	0.137004	1.258091	1.049643	6.723015	2.784004
22608	-10385.94	-10887.1	501.1601	0.501102	0.233127	0.138023	0.127748	1.3645	1.122868	6.205319	2.899829
22614	-10380.58	-10881.65	501.0675	0.540818	0.156726	0.145575	0.156881	1.442263	1.122868	6.218127	2.899829
22620	-10389.86	-10891.97	502.1027	0.472505	0.332908	0.0936565	0.10093	1.596797	1.134455	6.115378	1.522922
22626	-10393	-10894.92	501.918	0.423462	0.372426	0.114583	0.0895292	1.596797	1.113066	6.115378	1.772173
22632	-10383.52	-10884.55	501.0257	0.569542	0.155933	0.154111	0.120414	1.596797	1.160705	5.868479	3.814368
22638	-10377.2	-10877.9	500.6963	0.546244	0.149139	0.226084	0.0785332	1.391942	1.224147	6.269627	3.272871
22644	-10395.57	-10898.06	502.4931	0.51661	0.188956	0.247108	0.047326	1.655676	1.181685	5.862116	1.497006
22650	-10390.91	-10891.39	500.4802	0.51661	0.188956	0.247108	0.047326	1.555092	1.099029	6.536386	2.782059
22656	-10410.23	-10911.48	501.2527	0.507261	0.185537	0.242636	0.0645663	1.433804	1.099029	6.365617	2.250831
22662	-10402.89	-10904.17	501.2859	0.481899	0.182911	0.220108	0.115081	1.526181	1.108372	6.299011	2.250831
22668	-10408.62	-10908.96	500.3465	0.591962	0.086443	0.18023	0.141365	1.53256	1.149522	6.725844	2.401977
22674	-10400.27	-10900.78	500.5066	0.584726	0.0853863	0.190251	0.139637	1.396411	1.097692	6.47997	3.141533
22680	-10396.92	-10896.4	499.4795	0.584726	0.0853863	0.190251	0.139637	1.613639	1.139948	6.748104	3.686511
22686	-10409.14	-10909.69	500.548	0.505329	0.1142	0.242788	0.137682	1.504137	1.139948	6.21953	3.686511
