Iteration	Posterior	Likelihood	Prior	matrix_probs[1]	matrix_probs[2]	matrix_probs[3]	matrix_probs[4]	neo_beta	rate_log_sd	tree_length	two_beta
0	-10429.68	-10929.98	500.2996	0.56013	0.210763	0.148803	0.0803041	1.353864	1.134737	6.010565	5.337984
6	-10422.41	-10921.34	498.9328	0.476134	0.225757	0.159389	0.13872	1.637934	1.025727	6.678456	5.337984
12	-10441.6	-10942.67	501.0774	0.536096	0.254188	0.0535257	0.15619	1.628535	1.149516	6.017435	3.191345
18	-10426.74	-10928.35	501.6036	0.536096	0.254188	0.0535257	0.15619	1.579401	1.231261	5.707548	3.191345
24	-10415.8	-10915.42	499.62	0.638526	0.0698993	0.0637526	0.227822	1.988098	1.225425	6.086271	5.166268
30	-10413.85	-10914.98	501.13	0.672643	0.0701185	0.0287021	0.228537	1.729749	1.13815	5.638849	4.272757
36	-10389.57	-10889.93	500.363	0.693482	0.0722908	0.0295913	0.204635	1.729749	1.122066	6.173844	3.876467
42	-10415.04	-10915.31	500.2712	0.651525	0.105034	0.062708	0.180733	1.729749	1.138057	6.00535	4.677698
48	-10409.86	-10909.25	499.3866	0.565943	0.091237	0.185828	0.156992	1.405636	1.058968	6.607261	4.969902
54	-10421.09	-10921.56	500.4732	0.606841	0.0644301	0.199257	0.129472	1.550181	1.05059	6.69793	2.415106
60	-10417.7	-10917.25	499.5493	0.604938	0.0392168	0.192479	0.163366	1.593474	1.062608	6.767036	3.666394
66	-10428.49	-10927.43	498.9464	0.580683	0.0551779	0.206621	0.157518	1.730579	1.021398	7.0534	3.666394
72	-10425.4	-10923.13	497.7258	0.651803	0.0481481	0.167743	0.132306	1.784664	1.018994	7.497235	4.372174
78	-10425.29	-10925.61	500.3215	0.495246	0.0365833	0.367643	0.100527	1.286541	1.016186	6.698048	3.078116
84	-10416.43	-10916.48	500.0465	0.552483	0.139254	0.171401	0.136861	1.666842	1.066939	6.640613	3.078116
90	-10413.16	-10914.68	501.5147	0.561901	0.150444	0.142119	0.145536	1.357752	1.09416	6.18774	2.451048
96	-10397.32	-10898.3	500.979	0.547709	0.226421	0.0932965	0.132574	1.423838	1.169522	6.18774	3.089877
102	-10395.59	-10897.05	501.4633	0.552473	0.22839	0.0941081	0.125028	1.462386	1.106854	6.054305	2.744438
108	-10394.96	-10896.74	501.7788	0.486307	0.201037	0.157926	0.154731	1.442951	1.109594	6.054305	2.29044
114	-10399.92	-10901.69	501.7649	0.534297	0.116054	0.220708	0.128941	1.473834	1.254057	5.9684	2.29044
120	-10392.59	-10892.98	500.3989	0.609315	0.0391752	0.204464	0.147046	1.572883	1.103468	6.016492	4.713259
126	-10402.15	-10905.01	502.8581	0.588327	0.0722708	0.197421	0.141981	1.551508	1.31518	4.927082	3.366075
132	-10391.35	-10893.29	501.9458	0.653931	0.0497147	0.138542	0.157813	1.551508	1.231793	5.385602	3.674654
138	-10396.27	-10898.19	501.9144	0.632712	0.0805488	0.134047	0.152692	1.551508	1.263194	5.385602	3.674654
144	-10390.05	-10891.78	501.7327	0.52502	0.22729	0.120988	0.126703	1.68285	1.243792	5.810434	2.518655
150	-10387.85	-10890.15	502.3072	0.526414	0.225238	0.121309	0.127039	1.410338	1.301414	5.46351	2.883029
156	-10390.89	-10891.73	500.8443	0.571888	0.178598	0.131788	0.117726	1.277071	1.154339	6.137237	3.768378
162	-10411.4	-10911.4	499.9973	0.539011	0.119643	0.223246	0.1181	1.735997	1.190493	6.541132	3.16909
168	-10402.39	-10900.27	497.8799	0.567394	0.112277	0.2095	0.110829	1.347624	0.9756273	7.758864	3.904351
174	-10395.42	-10893.67	498.2431	0.574762	0.0984951	0.229518	0.097225	1.452919	0.9868261	7.865919	2.723872
180	-10400.33	-10899.63	499.3051	0.516179	0.137402	0.206125	0.140294	1.446335	1.004383	7.441577	2.301523
186	-10415.96	-10917.68	501.7197	0.463622	0.247476	0.171901	0.117001	1.446335	1.068557	6.124489	2.245434
192	-10405.86	-10906.8	500.9352	0.355261	0.337954	0.217131	0.0896544	1.113779	1.08421	6.546702	2.688639
198	-10403.98	-10906.65	502.6669	0.329667	0.431481	0.121581	0.117271	1.086969	1.169825	6.273824	1.055778
204	-10389.72	-10891.7	501.98	0.352097	0.460838	0.129853	0.0572112	0.9573916	1.157607	6.280667	2.004508
210	-10388.36	-10889.88	501.5203	0.35285	0.459685	0.130131	0.0573336	0.985557	1.086796	6.844153	1.348856
216	-10388.97	-10890.42	501.4483	0.334007	0.404946	0.202735	0.0583117	0.9294337	1.143564	6.844153	1.429644
222	-10393.1	-10893.48	500.3788	0.336536	0.408012	0.20427	0.0511819	1.014789	1.140174	7.023321	2.262645
228	-10397.24	-10897.78	500.5448	0.443332	0.337157	0.148921	0.0705901	1.145843	1.128448	7.023321	1.880121
234	-10417.76	-10918.03	500.2746	0.369418	0.364196	0.154235	0.112152	1.21594	1.064113	6.691929	3.208457
240	-10412.42	-10913.47	501.0491	0.375743	0.370432	0.139753	0.114072	1.12477	1.099675	6.321322	3.140977
246	-10401.28	-10900.57	499.2914	0.4823	0.33499	0.0241586	0.158551	1.301421	1.04102	7.348763	2.722828
252	-10404.69	-10904.61	499.9168	0.519803	0.288749	0.025314	0.166134	1.398564	1.061994	6.956983	2.714636
258	-10406.02	-10906.34	500.3264	0.487103	0.328982	0.0323908	0.151524	1.40947	1.091365	6.542621	3.24426
264	-10383.97	-10885.28	501.3176	0.492586	0.334225	0.0192504	0.153939	1.445082	1.121696	6.263789	2.380498
270	-10387.37	-10888.57	501.1991	0.492586	0.334225	0.0192504	0.153939	1.465648	1.222297	6.263789	2.380498
276	-10395.12	-10896.15	501.0267	0.537009	0.259912	0.037716	0.165364	1.264251	1.146552	6.496489	2.380498
282	-10401.72	-10901.58	499.858	0.575849	0.233665	0.0383206	0.152166	1.667546	1.08646	6.47471	3.949694
288	-10414.97	-10914.72	499.7484	0.607152	0.172544	0.0794321	0.140872	1.416012	1.144074	6.47471	4.499762
294	-10403.87	-10903.65	499.7779	0.565816	0.180012	0.0941388	0.160034	1.631588	1.073144	6.625316	3.650116
300	-10405.79	-10907.32	501.5226	0.517993	0.225103	0.177234	0.0796696	1.631588	1.099125	5.974043	2.66845
306	-10400.88	-10901.6	500.7126	0.54979	0.146719	0.234312	0.0691786	1.706786	1.164424	6.218141	3.049357
312	-10392.15	-10892.43	500.2756	0.581128	0.115314	0.211263	0.0922948	1.129601	1.051732	6.792616	3.049357
318	-10414.49	-10916.72	502.2329	0.565746	0.111435	0.17379	0.149029	1.228283	1.188657	5.602313	3.049357
324	-10411.95	-10912.42	500.4736	0.517185	0.155537	0.17619	0.151087	1.853551	1.161779	6.111349	3.620288
330	-10398.66	-10897.31	498.6486	0.549781	0.123833	0.191674	0.134711	1.539109	1.104445	6.796955	5.506395
336	-10410.43	-10909.96	499.5325	0.462613	0.334	0.0900347	0.113353	1.362849	1.04872	6.86421	3.76327
342	-10421.37	-10922.35	500.9867	0.277215	0.542099	0.064572	0.116114	0.900848	1.078518	6.951911	1.859414
348	-10412.32	-10914.18	501.8625	0.396291	0.434089	0.0657435	0.103877	1.222563	1.074533	6.390125	1.67369
354	-10413.87	-10914.66	500.785	0.403619	0.441103	0.0393534	0.115924	1.48823	1.118618	6.494108	2.48948
360	-10401.61	-10901.78	500.1649	0.465568	0.249105	0.148366	0.136961	1.333194	1.098921	6.943408	2.408355
366	-10408.25	-10909.07	500.8273	0.500536	0.224334	0.133612	0.141518	1.479681	1.011943	6.133821	3.738516
372	-10409.87	-10908.71	498.8467	0.575968	0.149192	0.133471	0.141369	1.479653	1.028361	7.240592	3.581125
378	-10405.01	-10906.03	501.024	0.498772	0.170988	0.204902	0.125338	1.497458	1.071362	6.031399	3.581125
384	-10409.12	-10909.54	500.4168	0.493844	0.182177	0.202878	0.1211	1.182813	1.039009	6.934214	2.356531
390	-10405.48	-10905.39	499.9102	0.435096	0.362508	0.0976769	0.10472	1.39754	1.042864	6.934214	2.8245
396	-10411.1	-10910.2	499.0983	0.376398	0.426278	0.0406926	0.156632	1.340184	1.02991	7.513878	2.508487
402	-10412.95	-10913.15	500.1947	0.376398	0.426278	0.0406926	0.156632	1.13325	1.025457	7.019885	2.540516
408	-10403.79	-10903.23	499.4478	0.392786	0.461671	0.0250418	0.120502	1.204774	1.083848	7.182468	3.049537
414	-10409.28	-10911.96	502.6818	0.33254	0.39086	0.157536	0.119065	1.02358	1.095871	6.096511	1.543995
420	-10424.31	-10925.17	500.8585	0.379588	0.351166	0.162272	0.106973	1.02358	1.016361	7.029299	1.761523
426	-10422.55	-10923.6	501.048	0.386186	0.293462	0.232591	0.0877613	1.02358	1.008159	7.016097	1.570918
432	-10417.74	-10917.94	500.2006	0.535909	0.280174	0.0482728	0.135645	1.453786	1.030681	6.827802	2.618727
438	-10417.47	-10918.65	501.1731	0.455309	0.328979	0.0566179	0.159094	1.194869	1.075739	6.561354	2.193949
444	-10405.57	-10906.29	500.7185	0.478541	0.248223	0.107443	0.165794	1.554103	1.075739	6.234424	3.361461
450	-10390.07	-10890.44	500.3744	0.502924	0.302025	0.0372946	0.157756	1.752041	1.080295	6.238169	3.672901
456	-10400.44	-10901.85	501.4157	0.467067	0.294711	0.028755	0.209467	1.44494	1.165185	5.730223	3.792006
462	-10403.82	-10904.97	501.1551	0.490419	0.257666	0.0301927	0.221722	1.562022	1.201577	5.922883	3.36626
468	-10413.07	-10915.66	502.5865	0.434135	0.228095	0.248812	0.088958	1.47579	1.116299	5.794456	1.79667
474	-10401.66	-10903.79	502.1313	0.462655	0.197402	0.245141	0.0948019	1.122214	1.08563	6.124436	2.064984
480	-10407.11	-10906.1	498.988	0.500297	0.191062	0.206126	0.102515	1.553761	1.07752	6.80612	4.706749
486	-10414.42	-10914.54	500.1217	0.467768	0.315628	0.0118582	0.204746	1.314257	1.119839	6.80612	2.863431
492	-10398.64	-10898.97	500.3284	0.430778	0.354061	0.0266054	0.188555	1.374061	1.105718	6.80612	2.47882
498	-10396.46	-10897.14	500.6736	0.527408	0.190834	0.0509072	0.230851	1.591753	1.133923	6.198746	3.398358
504	-10393.25	-10896.41	503.1593	0.39145	0.348192	0.179563	0.0807948	1.090856	1.209171	5.624258	1.795756
510	-10393.15	-10896.27	503.1202	0.362164	0.421363	0.0955327	0.12094	1.086645	1.241398	5.531536	2.029669
516	-10395.87	-10897.88	502.0114	0.47022	0.300372	0.124036	0.105372	1.508594	1.247592	5.698521	2.622573
522	-10403.95	-10904.06	500.113	0.493935	0.315521	0.130291	0.0602532	1.347958	1.051444	7.082969	2.160912
528	-10396.4	-10898.47	502.0675	0.461613	0.236124	0.214412	0.0878508	1.203286	1.141674	6.254951	1.667508
534	-10399.43	-10899.56	500.1227	0.499298	0.332663	0.0711197	0.0969192	1.56771	1.13419	6.383166	3.831306
540	-10412.31	-10912.29	499.9834	0.541411	0.24424	0.143191	0.0711577	1.480259	1.118572	6.475296	3.948717
546	-10416.59	-10916.91	500.3288	0.49739	0.157702	0.25788	0.0870272	1.480259	1.125208	7.017121	1.785436
552	-10401.1	-10901.14	500.0414	0.571064	0.109974	0.191052	0.127909	1.336438	1.105989	6.904678	2.689834
558	-10411.47	-10912.23	500.7671	0.552554	0.118155	0.191867	0.137424	1.390119	1.105989	6.27978	3.326381
564	-10406.89	-10908.43	501.5394	0.435523	0.273736	0.192745	0.0979963	1.241122	1.095934	6.243807	2.417423
570	-10415.4	-10917.73	502.3299	0.426678	0.350062	0.0989729	0.124287	1.20286	1.209513	5.770242	2.417423
576	-10413.87	-10915.38	501.5171	0.426678	0.350062	0.0989729	0.124287	1.243971	1.134409	6.210822	2.479574
582	-10419.92	-10921.13	501.2076	0.473832	0.289395	0.0987508	0.138022	1.46559	1.106465	6.28573	2.479574
588	-10400.39	-10901.01	500.6205	0.436565	0.322284	0.108427	0.132724	1.189614	1.154563	6.204484	4.127755
594	-10406.84	-10908.21	501.3738	0.452056	0.33372	0.0767898	0.137434	1.413206	1.08301	6.230899	2.485683
600	-10415.88	-10917.26	501.3798	0.487565	0.238235	0.0828217	0.191377	1.180887	1.08301	6.341635	2.490319
606	-10419.14	-10921.23	502.0983	0.475032	0.206816	0.152014	0.166138	1.180887	1.0931	6.055387	2.19725
612	-10391.98	-10893.42	501.4417	0.593589	0.160109	0.117684	0.128618	1.488791	1.055309	6.055387	2.821457
618	-10399.03	-10900.1	501.0728	0.537268	0.112296	0.234022	0.116414	1.47618	1.100943	6.045776	3.422591
624	-10421.91	-10923.48	501.5707	0.474359	0.190679	0.194321	0.140641	1.333005	1.085047	6.256079	2.233476
630	-10410.04	-10910.25	500.2041	0.483145	0.283994	0.0896149	0.143246	1.333005	1.070574	6.487222	3.822954
636	-10419.73	-10920.33	500.5948	0.462452	0.33875	0.0962168	0.102582	1.468847	1.057201	6.818795	2.01878
642	-10400.2	-10902.01	501.8135	0.444779	0.30269	0.101292	0.15124	1.034933	1.165176	6.083291	2.643958
648	-10415.25	-10916.04	500.7913	0.413677	0.354315	0.0913436	0.140664	1.456576	1.063806	6.560348	2.420628
654	-10413.26	-10914.82	501.5568	0.507387	0.278944	0.0954537	0.118216	1.334576	1.210421	6.081374	2.538134
660	-10397.97	-10898.57	500.6085	0.45674	0.355269	0.0815751	0.106416	1.155111	1.098701	6.779898	2.446206
666	-10403.52	-10904.17	500.6487	0.410008	0.354018	0.0848361	0.151138	1.155111	1.058501	6.779898	2.446206
672	-10406.21	-10905.93	499.7231	0.433297	0.374126	0.0328549	0.159722	1.155111	0.9954538	7.177682	2.833643
678	-10429.91	-10927.69	497.7754	0.585913	0.254589	0.0162819	0.143216	1.67575	1.063708	7.332788	5.037663
684	-10415.8	-10914.99	499.1896	0.461796	0.375087	0.0119903	0.151127	1.34636	1.152795	7.149607	3.255708
690	-10409.72	-10909.07	499.3434	0.440633	0.351275	0.021399	0.186693	1.264237	1.032477	7.149607	3.32924
696	-10408.02	-10908.38	500.3603	0.421711	0.373173	0.017527	0.187589	1.264237	1.032477	7.128516	1.845941
702	-10415.26	-10916.8	501.5391	0.412271	0.291322	0.201232	0.0951751	1.284346	1.036708	6.593775	1.586962
708	-10420.65	-10923.6	502.9438	0.408182	0.288432	0.209155	0.0942311	1.251008	1.133582	5.893886	1.375749
714	-10417.46	-10919.94	502.4841	0.301714	0.46173	0.166936	0.0696207	0.9971943	1.116831	6.419109	1.113991
720	-10420.45	-10922.37	501.9195	0.304347	0.46576	0.168392	0.0615009	1.004044	1.026495	6.792797	1.070167
726	-10411.08	-10913.25	502.1649	0.304347	0.46576	0.168392	0.0615009	0.7995285	1.074743	6.612773	1.334379
732	-10418.37	-10919.09	500.7198	0.38758	0.285945	0.21578	0.110694	1.01859	1.100857	6.582873	3.055155
738	-10431.89	-10933.88	501.9844	0.38758	0.285945	0.21578	0.110694	1.008581	1.099331	6.35818	1.821998
744	-10417.55	-10920.71	503.1528	0.366313	0.370187	0.20394	0.0595607	0.9634796	1.13869	6.03218	1.171327
750	-10410.89	-10914.1	503.213	0.299516	0.420958	0.246979	0.0325479	0.9046018	1.097335	6.059632	1.161604
756	-10433.78	-10936.08	502.2983	0.367369	0.375156	0.216328	0.0411468	1.158115	1.070408	6.342825	1.344262
762	-10418.54	-10920.34	501.7998	0.355779	0.340042	0.195896	0.108282	1.067218	1.027001	6.683986	1.344262
768	-10416.09	-10916.84	500.7493	0.287298	0.467073	0.15819	0.08744	0.9632358	1.027001	7.294916	1.366088
774	-10404.97	-10906.29	501.3164	0.295785	0.480871	0.133321	0.090023	0.9032471	1.149752	6.614843	2.154076
780	-10387.64	-10888.55	500.9034	0.394048	0.308411	0.177612	0.11993	0.8698877	1.092044	6.887594	2.154076
786	-10418.27	-10919.59	501.3222	0.367591	0.336346	0.210591	0.0854718	0.8756972	1.07233	6.668897	2.154076
792	-10415.88	-10918.36	502.473	0.448456	0.334986	0.124961	0.0915973	0.8756972	1.097311	6.030702	2.154076
798	-10419.64	-10921.38	501.744	0.356104	0.390098	0.14552	0.108278	0.9811545	1.114315	6.596229	1.592589
804	-10414.2	-10915.22	501.0221	0.374606	0.415241	0.0764618	0.133691	1.273447	1.05685	6.456468	2.620356
810	-10412.43	-10913.61	501.1808	0.38431	0.389772	0.0887629	0.137155	1.11877	1.043531	6.456887	2.620356
816	-10423.99	-10925.24	501.2501	0.377243	0.382603	0.142118	0.0980355	1.090968	1.05072	6.514615	2.385775
822	-10406.86	-10908.48	501.614	0.377243	0.382603	0.142118	0.0980355	1.0775	1.103418	6.514615	1.834247
828	-10405.77	-10906.88	501.1098	0.40799	0.316722	0.153702	0.121585	1.410094	1.086119	6.514615	2.114091
834	-10415.05	-10913.93	498.8742	0.423933	0.329098	0.120632	0.126336	1.220492	1.02379	7.873837	2.035144
840	-10408.78	-10911.07	502.291	0.405209	0.362385	0.149252	0.083154	1.233486	1.088042	5.990516	2.035144
846	-10403.98	-10906.29	502.3066	0.39429	0.352619	0.14523	0.107861	0.9474419	1.155798	6.16235	1.877288
852	-10406.58	-10907.91	501.3327	0.340561	0.41601	0.164047	0.079382	0.9432458	1.033886	6.946675	1.45362
858	-10405.05	-10904.76	499.7138	0.383929	0.361926	0.170625	0.0835198	1.05453	1.029561	7.153812	3.026697
864	-10415.57	-10917	501.4288	0.540089	0.145757	0.196662	0.117491	1.214898	1.117465	6.282919	2.479224
870	-10422.41	-10921.85	499.4391	0.563645	0.0998516	0.210654	0.12585	1.535559	1.081424	6.576781	4.67341
876	-10408.5	-10908.79	500.2851	0.563645	0.0998516	0.210654	0.12585	1.185963	1.116603	6.916255	2.481043
882	-10424.93	-10925.44	500.5062	0.44101	0.304397	0.180584	0.0740091	1.3765	1.07106	6.916255	1.986172
888	-10408.61	-10910.43	501.8219	0.323256	0.490129	0.132366	0.054248	0.8801168	1.067771	6.447191	2.031301
894	-10418.61	-10920.13	501.5167	0.391317	0.378413	0.160236	0.0700342	1.094986	1.022709	6.80931	1.375595
900	-10409.53	-10910.82	501.2982	0.392828	0.337114	0.208474	0.0615842	1.098697	0.9870943	6.920023	1.42651
906	-10404.69	-10907.19	502.5033	0.343937	0.351754	0.252135	0.0521745	1.057054	1.177907	5.840143	2.231194
912	-10389.59	-10891.98	502.3947	0.482962	0.219259	0.199354	0.0984245	1.209218	1.182685	5.983246	1.823223
918	-10397.97	-10899.59	501.623	0.616884	0.0739493	0.214039	0.095128	1.328647	1.182685	6.053211	2.566276
924	-10395.96	-10896.74	500.7729	0.608781	0.0501904	0.22781	0.113219	1.676606	1.161325	6.184875	3.097723
930	-10392.02	-10893.81	501.7865	0.499108	0.169317	0.163887	0.167689	1.424253	1.158608	6.184875	1.908318
936	-10418.75	-10919.27	500.5198	0.465558	0.188849	0.158561	0.187033	1.200144	1.103096	6.445678	3.541497
942	-10417.15	-10918.81	501.6626	0.362034	0.440438	0.111978	0.0855498	0.9778437	1.150321	6.716306	1.392127
948	-10415.73	-10917.69	501.9593	0.300751	0.481766	0.128642	0.0888415	0.8436295	1.091286	6.713736	1.286482
954	-10410.91	-10912.36	501.4541	0.356619	0.385498	0.152539	0.105345	1.009439	1.091992	6.635122	1.854589
960	-10412.92	-10914.34	501.4257	0.359885	0.388836	0.14497	0.10631	1.038512	1.132781	6.543312	2.022825
966	-10412.79	-10915.78	502.9862	0.452931	0.239969	0.182451	0.124649	1.208412	1.20345	5.501831	2.17905
972	-10408.52	-10909.71	501.191	0.477018	0.204584	0.18712	0.131278	1.297207	1.068959	6.283557	2.802727
978	-10412.65	-10914.5	501.8524	0.526057	0.225616	0.114672	0.133655	1.295947	1.170512	6.059576	2.272789
984	-10399.03	-10899.31	500.278	0.514348	0.185408	0.233658	0.0665851	1.116023	1.155172	6.628743	3.417126
990	-10391.89	-10891.05	499.1537	0.510851	0.184148	0.232069	0.072932	1.386638	1.02919	6.934541	4.255904
996	-10401.97	-10902.51	500.5388	0.539468	0.194464	0.196625	0.0694429	1.792794	1.135421	6.295953	3.033284
1002	-10379.13	-10879.17	500.0434	0.489793	0.233507	0.193003	0.083697	1.417304	1.083855	6.922706	2.557659
1008	-10381.54	-10881.24	499.6992	0.480404	0.245295	0.202747	0.071554	1.362815	1.097788	7.126592	2.557659
1014	-10387.49	-10888.57	501.0746	0.408674	0.283128	0.23955	0.0686477	1.138406	1.041199	6.906215	1.609139
1020	-10398.66	-10898.36	499.703	0.493847	0.245045	0.167297	0.0938113	1.192059	1.037756	7.056741	3.111877
1026	-10414.19	-10917.68	503.4903	0.401022	0.301449	0.225931	0.0715977	0.8498033	1.135434	5.639458	1.743084
1032	-10396.21	-10898.23	502.023	0.398222	0.299344	0.187009	0.115425	1.035008	1.174835	6.361711	1.640084
1038	-10398.63	-10899.85	501.2213	0.404815	0.340628	0.137221	0.117336	1.141422	1.10205	6.361711	2.705488
1044	-10411.43	-10913.33	501.9009	0.450193	0.325488	0.152603	0.0717165	1.141422	1.14643	6.404364	1.601751
1050	-10413.68	-10914.09	500.4108	0.500473	0.295722	0.138648	0.065158	1.456927	1.059247	6.948244	1.955416
1056	-10390.64	-10891.05	500.4084	0.445993	0.304052	0.0961926	0.153763	1.385799	1.102262	6.550898	3.093871
1062	-10397.23	-10898.83	501.6032	0.474827	0.288227	0.0911861	0.14576	1.372832	1.119728	6.254308	2.095051
1068	-10400.88	-10902.57	501.6942	0.38325	0.446983	0.0623828	0.107385	1.372832	1.163671	6.266097	1.886942
1074	-10409.56	-10912.55	502.9955	0.462395	0.271447	0.170129	0.0960293	1.214343	1.168683	5.637138	1.875587
1080	-10406.28	-10907.47	501.1881	0.464961	0.264524	0.16579	0.104725	1.368787	1.148262	6.26779	2.625888
1086	-10407.28	-10908.55	501.2686	0.425293	0.302679	0.158483	0.113545	1.098018	1.220771	6.174769	3.064349
1092	-10395.23	-10896.84	501.6174	0.441632	0.301011	0.137441	0.119916	0.9304872	1.169977	6.408481	2.198656
1098	-10406.25	-10908.04	501.7945	0.443345	0.262774	0.166669	0.127212	1.060353	1.067861	6.51921	1.664189
1104	-10398.84	-10898.88	500.0398	0.457371	0.250451	0.171942	0.120237	1.408895	1.009454	6.889224	2.787857
1110	-10393.49	-10893.07	499.5754	0.400849	0.276538	0.189852	0.132761	1.302093	0.9651962	7.680449	1.584649
1116	-10392.38	-10893.25	500.8712	0.355691	0.367595	0.162841	0.113873	0.9652076	0.9524931	7.03421	1.889327
1122	-10395.38	-10896.43	501.0449	0.379574	0.392277	0.106629	0.121519	1.263536	1.048496	6.783365	1.770928
1128	-10400.35	-10900.41	500.0542	0.443119	0.300329	0.164038	0.0925143	1.069642	1.022811	7.246804	2.223245
1134	-10411.95	-10911.97	500.0181	0.442037	0.253005	0.21267	0.0922884	1.247896	0.9423053	7.246804	2.14833
1140	-10403.14	-10904.15	501.0095	0.415676	0.266795	0.252978	0.0645514	1.223481	1.020614	6.599478	2.36718
1146	-10393.42	-10894.51	501.0838	0.418809	0.260964	0.254885	0.0653422	0.9767169	1.056466	6.714322	2.248155
1152	-10385.08	-10886.96	501.8771	0.380274	0.307366	0.276139	0.0362215	0.9585233	1.036641	6.691515	1.352498
1158	-10395.64	-10898.73	503.0928	0.377164	0.304852	0.273881	0.0441027	0.9222721	1.201608	5.937757	1.401847
1164	-10405.61	-10908.79	503.1867	0.362197	0.292755	0.263012	0.082036	1.13231	1.265499	5.730709	1.415938
1170	-10401.01	-10901.85	500.8312	0.302836	0.372551	0.242916	0.0816968	1.094034	1.139473	6.888941	1.882764
1176	-10383.43	-10885.62	502.1984	0.427892	0.342467	0.186022	0.0436189	1.022667	1.153721	6.439056	1.31253
1182	-10394.46	-10895.4	500.9369	0.340242	0.383096	0.185896	0.0907661	1.096311	0.9855275	7.154496	1.347555
1188	-10407.22	-10907.98	500.767	0.369169	0.366299	0.177746	0.0867864	0.8464655	1.045289	7.154496	1.774014
1194	-10385.14	-10887.3	502.1614	0.330777	0.432202	0.159261	0.0777609	1.045736	1.162941	6.491575	1.213148
1200	-10387.54	-10888.35	500.8084	0.356044	0.373049	0.185105	0.0858024	1.100198	1.132673	6.836472	2.042077
1206	-10397.82	-10900.26	502.4445	0.356044	0.373049	0.185105	0.0858024	0.9752608	1.118464	6.306321	1.40276
1212	-10411.82	-10915.34	503.5168	0.416525	0.426781	0.0449735	0.111721	1.114784	1.257439	5.262284	2.095438
1218	-10401.59	-10904.8	503.217	0.391229	0.379925	0.12391	0.104935	1.31149	1.259686	5.330316	2.081067
1224	-10389.07	-10891.85	502.7809	0.395368	0.377342	0.123068	0.104222	1.239303	1.259686	5.687179	1.887231
1230	-10388.27	-10890.27	502.0025	0.325156	0.455563	0.107507	0.111774	0.9350072	1.217701	6.296683	1.887231
1236	-10400.95	-10903.68	502.7368	0.268399	0.545341	0.077206	0.109053	0.9350072	1.199741	6.097682	1.460539
1242	-10405.79	-10907.3	501.5083	0.271846	0.495145	0.17578	0.0572289	0.7497339	1.026602	6.78425	1.857776
1248	-10404.47	-10905.2	500.7346	0.318998	0.472582	0.16777	0.0406504	0.9277031	1.129002	7.032059	1.892005
1254	-10410.67	-10912.77	502.0981	0.293723	0.453587	0.154477	0.0982132	0.9828844	1.086239	6.628872	1.1593
1260	-10424.18	-10926.82	502.632	0.327553	0.408856	0.194381	0.0692108	0.9683848	1.107044	6.336747	1.158325
1266	-10426.59	-10929.04	502.4529	0.356213	0.433451	0.165334	0.0450016	0.8332247	1.085083	6.259281	1.705495
1272	-10403.02	-10905.52	502.4999	0.393464	0.403008	0.137283	0.0662455	0.8306161	1.159437	5.939785	2.330045
1278	-10406.61	-10910.28	503.6695	0.493144	0.289037	0.170307	0.0475113	1.224977	1.162928	5.200057	2.02715
1284	-10402.89	-10905.09	502.2023	0.582513	0.169322	0.194035	0.0541306	1.224977	1.216849	5.47728	3.457904
1290	-10404.36	-10905.47	501.1064	0.594719	0.123333	0.198101	0.0838467	1.360655	1.164133	6.038093	3.457904
1296	-10404.26	-10905.77	501.5161	0.583925	0.12532	0.194505	0.0962498	1.486768	1.200272	6.01439	2.597416
1302	-10409.11	-10910.05	500.9396	0.517528	0.0921153	0.248958	0.141398	1.502936	1.082426	6.588667	2.054206
1308	-10412.81	-10913.67	500.8619	0.511753	0.150965	0.19143	0.145853	1.45464	1.021636	6.588667	2.305478
1314	-10406.9	-10907.71	500.806	0.460264	0.29317	0.172169	0.0743967	1.246229	1.135369	6.529338	2.664303
1320	-10403.11	-10905.21	502.0952	0.417528	0.265948	0.249518	0.0670056	1.008572	1.058943	6.267634	1.946419
1326	-10403.27	-10904.69	501.4164	0.367275	0.354298	0.219487	0.0589409	1.106302	1.14085	6.501427	2.039037
1332	-10388.19	-10889.52	501.3242	0.379897	0.323025	0.232228	0.0648501	1.055125	1.071466	6.911734	1.367657
1338	-10386.56	-10887.17	500.6071	0.426763	0.298611	0.214677	0.0599489	1.369279	1.08672	6.911734	1.853608
1344	-10379.02	-10882	502.982	0.442803	0.268652	0.238049	0.0504963	1.238076	1.173468	5.751787	1.599429
1350	-10387.14	-10889.91	502.7712	0.389364	0.252441	0.32223	0.0359652	1.063353	1.209848	5.620832	2.366382
1356	-10395.64	-10898.34	502.7061	0.386036	0.364643	0.174418	0.0749024	1.063353	1.256373	5.631038	2.366382
1362	-10390.54	-10894.95	504.4093	0.333339	0.395941	0.189389	0.0813313	0.9707445	1.256699	5.047437	1.631865
1368	-10379.93	-10883.59	503.657	0.389888	0.322704	0.17075	0.116658	1.276635	1.268071	5.20021	1.842738
1374	-10392.09	-10895.38	503.2873	0.412534	0.363327	0.0927959	0.131343	1.190463	1.32129	5.419314	1.842738
1380	-10388.77	-10891.29	502.522	0.418981	0.334156	0.109778	0.137085	1.084421	1.232055	5.644995	2.609641
1386	-10382.59	-10884.51	501.9205	0.388992	0.310238	0.191541	0.109229	1.205083	1.168461	6.222054	1.892169
1392	-10412.14	-10912.61	500.4752	0.447669	0.321034	0.118267	0.11303	1.341856	1.156143	6.867064	2.07788
1398	-10397.93	-10900.25	502.3156	0.396647	0.38036	0.122846	0.100148	1.245429	1.188211	6.004258	1.824623
1404	-10400.51	-10901.46	500.9552	0.441149	0.399403	0.0280482	0.1314	1.249781	1.146183	6.220359	3.341916
1410	-10391.87	-10894.35	502.4801	0.457973	0.377473	0.0279848	0.136569	1.132199	1.174536	5.785521	2.307033
1416	-10396.83	-10898.7	501.8731	0.52257	0.333081	0.0261874	0.118162	1.453757	1.174536	5.851191	2.591846
1422	-10400.67	-10902.33	501.6641	0.518848	0.330709	0.0260009	0.124442	1.307247	1.207555	5.593154	3.953077
1428	-10386.26	-10888.04	501.7874	0.321682	0.505479	0.021859	0.15098	1.301657	1.185827	6.206621	1.963355
1434	-10376.56	-10877.2	500.6407	0.3748	0.407906	0.0373148	0.17998	1.194341	1.095818	6.793454	2.312158
1440	-10385.36	-10884.85	499.4866	0.570318	0.240626	0.0206493	0.168407	1.516144	1.094271	6.954204	3.212384
1446	-10397.61	-10899	501.3913	0.467978	0.231605	0.16223	0.138187	1.292139	1.116334	6.155662	2.790182
1452	-10400.35	-10901.8	501.4525	0.394564	0.336633	0.152294	0.116509	1.15054	1.187826	6.155662	2.790182
1458	-10419.33	-10919.35	500.0249	0.623555	0.0505035	0.18112	0.144822	1.932833	1.194243	6.437108	3.179755
1464	-10420.76	-10921.58	500.817	0.647558	0.0573052	0.188092	0.107045	1.821611	1.067614	6.347967	2.509591
1470	-10399.65	-10900.56	500.9125	0.623195	0.0605838	0.181016	0.135205	1.673168	1.116575	6.105962	3.188685
1476	-10393.38	-10895.19	501.8056	0.623195	0.0605838	0.181016	0.135205	1.673168	1.143057	5.603229	3.188685
1482	-10391.77	-10891.91	500.1325	0.562621	0.155466	0.163421	0.118492	1.551992	1.157534	6.454772	3.543468
1488	-10395.17	-10896.84	501.6638	0.419389	0.318106	0.226101	0.0364041	1.038389	1.079136	6.56112	1.742468
1494	-10428.29	-10929.47	501.1822	0.420404	0.318876	0.226648	0.0340723	1.106433	1.048811	6.801772	1.742468
1500	-10417.53	-10918.36	500.8317	0.520716	0.178236	0.191401	0.109646	1.088191	1.020885	6.794768	2.28846
1506	-10405.45	-10905.72	500.2731	0.396051	0.37401	0.145577	0.0843616	1.088191	0.99377	7.201067	2.05378
1512	-10405.99	-10907.16	501.1743	0.48039	0.253297	0.163987	0.102326	1.088191	1.07941	6.330031	2.996293
1518	-10418.29	-10920.93	502.6401	0.48039	0.253297	0.163987	0.102326	1.248141	1.164548	5.398819	2.996293
1524	-10401.01	-10901.3	500.2894	0.386833	0.326932	0.191085	0.0951498	1.202629	1.053119	7.251423	1.694546
1530	-10401.04	-10901.26	500.2208	0.386833	0.326932	0.191085	0.0951498	1.100945	1.039183	7.378265	1.626037
1536	-10391.93	-10890.68	498.7517	0.425025	0.290965	0.20008	0.0839297	1.242332	1.059512	7.615845	2.846463
1542	-10405.29	-10905.52	500.2223	0.547136	0.132476	0.257563	0.0628256	1.289907	1.089702	6.579286	3.505827
1548	-10399.68	-10900.13	500.445	0.332353	0.425109	0.136653	0.105885	1.209407	1.114674	7.004647	1.995235
1554	-10409.26	-10910.91	501.6512	0.482537	0.242952	0.218819	0.0556917	1.209407	1.123701	6.212523	2.340886
1560	-10401.25	-10902.71	501.4633	0.427739	0.311507	0.103853	0.156902	1.301302	1.153644	6.210515	2.453007
1566	-10389.32	-10891.67	502.3501	0.439002	0.321889	0.14634	0.0927691	1.143621	1.158258	6.073069	1.78101
1572	-10393.75	-10895.48	501.7374	0.443431	0.325137	0.147816	0.0836157	1.194383	1.144259	6.073069	2.584529
1578	-10394.12	-10896.25	502.1354	0.414487	0.315071	0.192284	0.0781578	1.114463	1.129911	6.119517	2.022091
1584	-10393.7	-10894.61	500.9072	0.522545	0.136509	0.242413	0.0985338	1.210101	1.140642	6.184601	3.6281
1590	-10418.44	-10919.32	500.8833	0.517313	0.135142	0.199968	0.147577	1.470741	1.136168	6.102852	3.52173
1596	-10416.6	-10916.8	500.1933	0.548871	0.0967417	0.197808	0.15658	1.470741	1.121517	6.275956	4.279448
1602	-10405.36	-10905.75	500.3807	0.434961	0.275581	0.222419	0.0670392	1.172978	1.1534	6.365606	4.047058
1608	-10412.55	-10915.48	502.9277	0.43119	0.273192	0.220491	0.0751274	1.203533	1.225637	5.635673	1.906329
1614	-10416.7	-10916.89	500.1812	0.561275	0.0582308	0.319683	0.0608119	1.454	1.052815	7.039682	2.047016
1620	-10412.16	-10911.79	499.6282	0.513631	0.0484302	0.372411	0.0655281	1.393902	1.049805	7.141872	2.654339
1626	-10401.47	-10900.16	498.6933	0.538715	0.0507954	0.341761	0.0687283	1.389831	1.096427	7.50145	3.012274
1632	-10408.69	-10908.78	500.0937	0.482639	0.193849	0.216028	0.107485	1.196361	1.100245	7.042544	2.42671
1638	-10414.98	-10915.68	500.6965	0.49059	0.197042	0.219587	0.0927808	1.261698	1.112081	6.743496	2.251379
1644	-10420.98	-10920.63	499.6515	0.499206	0.182941	0.223443	0.0944103	1.236274	1.03477	7.064121	3.110517
1650	-10422.35	-10922.41	500.0542	0.493103	0.253512	0.160129	0.093256	1.236274	1.046002	7.140606	2.244367
1656	-10445.65	-10945.36	499.7148	0.607872	0.00401813	0.273149	0.114961	1.43481	1.095369	6.680817	3.853868
1662	-10440.39	-10940.47	500.0772	0.566396	0.00475769	0.378338	0.0505085	1.377372	1.064822	6.758995	3.079005
1668	-10426.04	-10926.86	500.8279	0.571792	0.00462751	0.367986	0.0555945	1.386718	1.184029	6.283391	3.079005
1674	-10422.92	-10924.68	501.7609	0.585586	0.00352539	0.376863	0.034026	1.35485	1.118878	5.840023	3.035526
1680	-10408.55	-10908.83	500.2832	0.571522	0.00122273	0.367812	0.059444	1.4299	1.090139	6.622678	3.035526
1686	-10430.82	-10931.11	500.2935	0.59492	0.000384024	0.38287	0.0218254	1.523183	1.027541	6.622678	2.987472
1692	-10417.56	-10917.55	499.991	0.613444	0.000219252	0.36976	0.0165768	1.523183	1.034297	7.111914	2.066707
1698	-10400.3	-10900.69	500.3939	0.601494	0.000222397	0.375064	0.0232203	1.357885	1.125529	6.64774	2.824276
1704	-10404.82	-10905.28	500.4519	0.593008	0.000537877	0.382758	0.0236966	1.285971	1.036516	6.64774	2.982095
1710	-10412.01	-10911.72	499.7084	0.543536	0.000271528	0.446485	0.00970681	1.163043	1.036516	7.194071	2.730601
1716	-10409.58	-10909.68	500.099	0.544786	0.00164964	0.447511	0.00605321	1.189271	1.034346	7.107743	2.347773
1722	-10407.91	-10907.16	499.2414	0.541189	0.00169471	0.44723	0.00988627	1.485489	1.06209	7.107743	3.244746
1728	-10412	-10912.55	500.5569	0.51823	0.177651	0.28446	0.0196589	1.417696	1.060732	6.527612	2.939251
1734	-10409.58	-10910.55	500.9762	0.393321	0.229555	0.333844	0.0432803	1.153415	1.003082	7.007254	1.531688
1740	-10405.34	-10906.71	501.3685	0.390371	0.227834	0.33134	0.0504562	1.172174	1.074141	6.463246	2.206398
1746	-10411.05	-10912.69	501.6485	0.401836	0.394533	0.0520192	0.151612	1.099771	1.082908	6.496635	1.831041
1752	-10393.58	-10895.73	502.1564	0.389494	0.382415	0.0811355	0.146956	1.064268	1.069843	6.008251	2.433628
1758	-10398.22	-10900.12	501.9014	0.394381	0.387213	0.0696061	0.1488	1.067862	1.144331	6.368333	1.772353
1764	-10405.64	-10907.92	502.2835	0.4345	0.316963	0.126733	0.121804	1.140172	1.148817	6.068067	1.893921
1770	-10392.04	-10892.98	500.9349	0.489675	0.325587	0.0831629	0.101575	1.391129	1.1301	6.725404	1.795955
1776	-10389.04	-10890.01	500.9695	0.440167	0.292669	0.175858	0.0913059	1.255819	1.060128	6.725404	2.001234
1782	-10410.88	-10913.74	502.869	0.430512	0.28625	0.20556	0.0776773	1.121363	1.137127	5.758752	1.907728
1788	-10396.49	-10897.84	501.3432	0.505541	0.233998	0.126261	0.1342	1.510109	1.196	5.937648	3.07826
1794	-10390.88	-10893.23	502.3439	0.545433	0.173552	0.136224	0.14479	1.530933	1.258553	5.344469	3.07826
1800	-10417.04	-10917.92	500.8823	0.542282	0.169909	0.142186	0.145623	1.737429	1.349911	5.344469	5.558374
1806	-10412.29	-10913.76	501.4738	0.574818	0.150662	0.120159	0.154361	1.580053	1.136274	5.955577	2.808635
1812	-10403.43	-10903.21	499.7784	0.570475	0.176641	0.152462	0.100422	1.419423	1.101174	6.82726	3.248991
1818	-10408.7	-10909.93	501.2318	0.583626	0.170943	0.110994	0.134437	1.419423	1.233933	5.966827	3.248991
1824	-10395.66	-10897.34	501.6794	0.524772	0.177456	0.158213	0.139559	1.419423	1.12104	6.288541	1.854375
1830	-10404.08	-10905.98	501.9039	0.348828	0.38214	0.142943	0.126089	1.113408	1.179655	6.288541	1.854375
1836	-10396.57	-10897.98	501.4128	0.449714	0.318629	0.119186	0.112471	1.221466	1.146904	6.288541	2.434567
1842	-10412.48	-10914.47	501.9809	0.416181	0.360696	0.136353	0.0867701	1.33342	1.168137	5.990325	2.225579
1848	-10397.05	-10898.7	501.648	0.404103	0.326299	0.126486	0.143112	1.369675	1.130965	6.367416	1.753873
1854	-10407.92	-10908.97	501.052	0.514075	0.273814	0.106892	0.10522	1.31236	1.150773	6.35697	2.657455
1860	-10401.27	-10902.36	501.0893	0.562993	0.204711	0.117063	0.115232	1.245038	1.150231	6.422666	2.510849
1866	-10405.1	-10906.05	500.9416	0.425895	0.260942	0.160771	0.152392	1.165288	1.058027	6.564806	2.5908
1872	-10404.13	-10904.34	500.2117	0.37633	0.395454	0.0800889	0.148127	1.165288	1.033549	7.191479	2.006951
1878	-10412.04	-10913.76	501.7254	0.389893	0.42781	0.0751846	0.107112	1.117218	1.174196	6.221229	2.265221
1884	-10404.2	-10904.36	500.1577	0.331655	0.468647	0.0823615	0.117337	1.260068	1.018291	7.066594	2.301008
1890	-10423.53	-10926.31	502.7811	0.364351	0.36984	0.194337	0.0714717	1.143724	1.226795	5.739516	1.923072
1896	-10420.72	-10922.81	502.0883	0.491982	0.214844	0.202137	0.0910361	1.245718	1.253877	5.739516	2.743464
1902	-10407.46	-10907.57	500.1091	0.441659	0.288915	0.0976107	0.171816	1.477398	1.025338	6.461452	3.939951
1908	-10401.52	-10901.52	500.002	0.629291	0.0516181	0.0926213	0.226469	1.689895	1.01788	6.748125	2.871613
1914	-10407.33	-10907.19	499.8625	0.629931	0.0533341	0.15949	0.157245	1.811348	1.022208	6.688742	3.117655
1920	-10402.89	-10901.67	498.7781	0.614956	0.0182013	0.155698	0.211145	1.946523	1.022715	7.216237	3.117655
1926	-10387.75	-10887.21	499.46	0.612046	0.0689024	0.145549	0.173503	1.887778	1.01681	6.479846	4.534906
1932	-10396.06	-10894.83	498.773	0.584096	0.0817794	0.128196	0.205928	1.664127	1.004735	6.953843	4.534906
1938	-10401.65	-10902.54	500.8849	0.61413	0.0859844	0.12871	0.171176	1.569591	1.163625	5.764022	4.534906
1944	-10417.77	-10918.29	500.516	0.574786	0.0690073	0.195997	0.160209	1.860426	1.070246	6.596422	2.231642
1950	-10417.69	-10918.26	500.5653	0.600533	0.136256	0.0958245	0.167386	1.893501	1.182129	6.067255	3.505131
1956	-10421.02	-10922.65	501.6306	0.619245	0.140502	0.0676514	0.172601	1.521175	1.137912	5.892071	2.821275
1962	-10404.92	-10907.81	502.8836	0.577888	0.181059	0.0858366	0.155216	1.521175	1.266112	5.302167	2.351696
1968	-10407.52	-10907.7	500.1867	0.536434	0.230222	0.0496389	0.183706	1.600493	1.157684	6.729143	2.533323
1974	-10377.76	-10878.33	500.5718	0.519271	0.198808	0.104092	0.177828	1.711307	1.092	6.203583	3.463872
1980	-10394.61	-10894.68	500.0659	0.556833	0.140853	0.111622	0.190692	1.426957	1.105191	6.601239	3.463872
1986	-10395.34	-10894.68	499.3403	0.599038	0.142183	0.066287	0.192492	1.70858	1.098181	6.581898	4.5173
1992	-10411.2	-10910.83	499.6293	0.62142	0.0409281	0.213152	0.1245	1.545896	1.106122	6.548507	4.304824
1998	-10415.92	-10916.36	500.4328	0.614093	0.0540933	0.196332	0.135482	1.549759	1.039671	6.548507	2.926219
2004	-10413.46	-10912.46	499.0002	0.602776	0.120365	0.192714	0.0841457	1.65826	1.1054	6.545141	5.539497
2010	-10400.47	-10901.72	501.2519	0.529691	0.227018	0.169348	0.0739433	1.241643	1.141465	6.313199	2.588389
2016	-10385.28	-10885.35	500.0746	0.488503	0.257386	0.146306	0.107806	1.360131	1.053394	6.763591	3.114747
2022	-10378.74	-10879.54	500.8049	0.492764	0.250909	0.147582	0.108746	1.360131	1.072335	6.358028	3.114747
2028	-10386.54	-10886.52	499.9727	0.52899	0.21008	0.14419	0.11674	1.523257	1.078731	6.84385	2.759638
2034	-10393.63	-10894.98	501.3485	0.543708	0.215925	0.148202	0.092164	1.278274	1.131288	6.188138	2.759638
2040	-10388.28	-10890.69	502.4078	0.424207	0.328662	0.088983	0.158148	1.298295	1.275922	5.51988	2.759638
2046	-10388.02	-10889.8	501.7743	0.649534	0.120647	0.0865946	0.143224	1.602741	1.325851	5.378815	3.763255
2052	-10386.9	-10888.96	502.066	0.53794	0.0780617	0.23631	0.147688	1.438432	1.235975	5.427327	3.484008
2058	-10400.3	-10901.16	500.8579	0.481538	0.19358	0.198363	0.126519	1.336144	1.124252	6.346475	3.009866
2064	-10414.77	-10915.03	500.2637	0.580452	0.233344	0.0648698	0.121334	1.542309	1.116361	6.262539	4.070027
2070	-10401.87	-10901.85	499.9849	0.566082	0.248181	0.0566885	0.129049	1.612689	1.116988	6.263194	4.524545
2076	-10391.65	-10892.42	500.7743	0.567166	0.246741	0.0567971	0.129296	1.576887	1.169378	6.263194	2.978986
2082	-10382.62	-10883.92	501.2963	0.505442	0.29158	0.101687	0.101291	1.544705	1.0577	6.401515	2.024305
2088	-10392.51	-10892.81	500.2992	0.446808	0.381088	0.0825639	0.0895405	1.457453	1.142346	6.653165	2.791449
2094	-10394.12	-10895.84	501.712	0.398575	0.392007	0.104316	0.105102	1.037687	1.169662	6.653165	1.379102
2100	-10414.5	-10916.27	501.7705	0.368211	0.399595	0.156304	0.0758903	0.941134	1.092148	6.68884	1.435268
2106	-10406.61	-10908.21	501.6043	0.35285	0.408229	0.149783	0.0891376	1.310556	1.183568	6.32983	1.898642
2112	-10380.09	-10882.08	501.9854	0.373799	0.417872	0.0608761	0.147453	1.28032	1.183568	5.985304	2.279245
2118	-10379.82	-10882.86	503.0391	0.35513	0.461409	0.0672188	0.116242	1.157242	1.198726	5.719736	1.662679
2124	-10401.14	-10901.92	500.7787	0.31471	0.450358	0.13192	0.103011	1.076488	1.086028	6.898903	2.020284
2130	-10420.95	-10921.03	500.0763	0.537099	0.183393	0.185452	0.0940571	1.411041	1.176697	5.737191	7.011055
2136	-10395.05	-10894.97	499.9209	0.582124	0.165554	0.167413	0.0849084	1.411041	1.123389	6.45618	4.260269
2142	-10407.26	-10908.46	501.1998	0.602409	0.136477	0.173247	0.0878671	1.529105	1.157009	5.941182	3.356226
2148	-10397.65	-10899.88	502.2242	0.545524	0.0548544	0.345548	0.0540732	1.317058	1.123775	5.858891	2.306178
2154	-10384.52	-10886.26	501.7438	0.564075	0.0560512	0.299038	0.0808361	1.317058	1.168088	5.948431	2.715884
2160	-10413.34	-10915.34	501.993	0.561378	0.0521232	0.297608	0.0888912	1.393286	1.260858	5.489061	3.440006
2166	-10404.89	-10906.56	501.6702	0.520998	0.207042	0.215701	0.0562584	1.290187	1.113946	6.276406	2.058477
2172	-10393.05	-10894.86	501.8138	0.545269	0.216687	0.130017	0.108027	1.404944	1.15299	6.120736	2.058477
2178	-10401.35	-10901.27	499.9109	0.529057	0.224412	0.134652	0.111878	1.465309	1.112724	6.341888	4.653329
2184	-10387.04	-10887.32	500.2849	0.596533	0.0756017	0.179076	0.148789	1.499154	1.142854	6.032662	4.956719
2190	-10410.28	-10910.77	500.4955	0.541815	0.160394	0.16265	0.135141	1.460359	1.065946	6.305774	3.697308
2196	-10399.15	-10900.93	501.783	0.481889	0.251839	0.156334	0.109938	1.402173	1.208462	5.746447	3.064224
2202	-10412.73	-10914.13	501.401	0.563073	0.212693	0.132034	0.0922	1.447279	1.266044	5.628528	3.982564
2208	-10417.37	-10918.25	500.8723	0.548875	0.200583	0.0945539	0.155988	1.774853	1.268059	5.796949	3.875239
2214	-10417.52	-10920.27	502.7495	0.447748	0.318508	0.0523422	0.181402	1.621324	1.202757	5.63196	1.701199
2220	-10403.94	-10904.47	500.5266	0.411765	0.340164	0.0812475	0.166823	1.556647	1.168764	6.741647	2.051204
2226	-10392.59	-10893.67	501.0724	0.454933	0.352331	0.0556782	0.137058	1.142754	1.100622	6.363645	2.93984
2232	-10386.78	-10886.87	500.0897	0.567663	0.13183	0.140514	0.159992	1.417235	1.135491	6.363645	4.227737
2238	-10391.44	-10891.54	500.0994	0.498551	0.137575	0.223361	0.140513	1.48289	1.142769	6.363645	4.07546
2244	-10390.45	-10891.05	500.5947	0.547907	0.0818893	0.283817	0.0863861	1.564778	1.10763	6.405057	2.962798
2250	-10381.88	-10881.25	499.3627	0.506429	0.143868	0.262331	0.0873717	1.300512	1.106754	6.935218	3.833845
2256	-10385.6	-10886.71	501.1188	0.510953	0.130017	0.264675	0.0943558	1.524983	1.159806	6.300117	2.416599
2262	-10376.76	-10877.86	501.0978	0.559172	0.0479153	0.289652	0.10326	1.392952	1.16239	6.300117	2.618264
2268	-10378.96	-10880.12	501.1604	0.591957	0.0367017	0.319749	0.0515918	1.392952	1.143907	5.996218	3.483562
2274	-10384.22	-10883.88	499.6616	0.538561	0.109619	0.290907	0.0609123	1.392952	1.130576	6.617505	4.198764
2280	-10391.64	-10893.21	501.5696	0.576126	0.0475156	0.311198	0.0651609	1.349435	1.10397	6.201033	2.331442
2286	-10405.46	-10905.34	499.8836	0.646466	0.00925233	0.271166	0.0731165	1.633811	1.076067	6.557167	3.679347
2292	-10393.65	-10893.16	499.5095	0.682325	0.0107224	0.229463	0.0774889	1.738397	1.046501	6.720351	3.710485
2298	-10397.21	-10896.87	499.6686	0.593849	0.011361	0.296979	0.0978113	1.655067	1.123156	6.720351	3.399543
2304	-10388.62	-10888.78	500.1617	0.593118	0.0125777	0.296613	0.097691	1.352137	1.100507	6.47925	3.842349
2310	-10401.79	-10902.34	500.549	0.613711	0.0418461	0.259106	0.0853377	1.926528	1.066568	6.289162	2.978034
2316	-10404.64	-10904.71	500.0791	0.589696	0.0744884	0.248967	0.0868484	1.453202	1.072694	6.783936	2.874427
2322	-10393.57	-10893.92	500.3455	0.540815	0.0475348	0.30519	0.106461	1.551601	1.077312	6.783936	2.328328
2328	-10387.5	-10887.31	499.8115	0.511124	0.121188	0.288435	0.0792532	1.356127	1.05469	6.736712	3.681999
2334	-10394.4	-10895.11	500.7025	0.576712	0.118261	0.106472	0.198555	1.487678	1.188874	6.356318	2.907964
2340	-10396.6	-10898.37	501.766	0.563256	0.0754144	0.204565	0.156765	1.615216	1.274278	5.739078	2.707348
2346	-10407.97	-10908.15	500.1849	0.497073	0.187792	0.131364	0.183771	1.419868	1.097443	6.477466	3.693757
2352	-10422.04	-10922.65	500.6087	0.567381	0.185079	0.0919079	0.155632	1.429083	1.129588	6.129171	4.039896
2358	-10422.49	-10923.15	500.659	0.636265	0.0346797	0.122173	0.206882	2.03498	1.100129	5.850387	4.039896
2364	-10426.68	-10927.5	500.8147	0.619079	0.0337429	0.145884	0.201294	1.944557	1.109343	6.159586	2.840435
2370	-10415.94	-10915.4	499.4643	0.64261	0.0292222	0.197401	0.130766	1.773079	1.064978	6.759317	3.572606
2376	-10415.23	-10914.83	499.6003	0.637358	0.0662142	0.195788	0.10064	1.634074	1.117448	6.467378	4.503024
2382	-10429.96	-10932.02	502.054	0.527546	0.146274	0.259196	0.066985	1.130925	1.133347	6.00211	2.411888
2388	-10410.37	-10911.57	501.1975	0.396613	0.303135	0.236563	0.0636883	1.370276	1.133347	6.40561	2.25601
2394	-10397.65	-10899.48	501.832	0.414128	0.204754	0.272395	0.108723	1.370276	1.097695	6.078839	2.259329
2400	-10395.91	-10896.08	500.1705	0.530931	0.134094	0.234225	0.10075	1.352372	1.097695	6.313816	4.451989
2406	-10394.46	-10894.83	500.3697	0.536685	0.120052	0.215795	0.127468	1.267248	1.124259	6.544284	3.331625
2412	-10390.63	-10890.86	500.2234	0.536685	0.120052	0.215795	0.127468	1.49467	1.089803	6.611207	3.077521
2418	-10392	-10892.99	500.9875	0.510874	0.19563	0.205416	0.08808	1.49467	1.180684	6.266326	2.719634
2424	-10404.73	-10906.58	501.8518	0.556052	0.0665892	0.298076	0.0792836	1.27972	1.237959	5.671518	3.322845
2430	-10413.83	-10914.2	500.3694	0.504097	0.11626	0.270225	0.109419	1.657301	1.091167	6.564343	2.752572
2436	-10400	-10899.7	499.7	0.548553	0.0582509	0.294056	0.0991405	1.539578	1.059997	6.830969	3.263806
2442	-10406.44	-10907.53	501.0893	0.364436	0.238884	0.296661	0.100019	1.194138	1.203962	6.129793	3.389823
2448	-10363.57	-10864.43	500.858	0.483775	0.187457	0.260465	0.0683037	1.194138	1.179654	6.552218	2.526573
2454	-10373.49	-10874.37	500.8823	0.40408	0.273515	0.265354	0.0570516	1.204561	1.145508	6.552218	2.526573
2460	-10385.48	-10886.61	501.1337	0.515311	0.0895567	0.292376	0.102756	1.396944	1.132229	6.415481	2.288553
2466	-10388.88	-10888.77	499.891	0.575733	0.0555643	0.252249	0.116454	1.349795	1.117567	6.725438	3.466652
2472	-10395.12	-10896.51	501.3918	0.48419	0.205733	0.21214	0.0979371	1.501568	1.152037	6.173714	2.398153
2478	-10399.55	-10900.57	501.0127	0.51044	0.177055	0.209258	0.103247	1.586979	1.090894	6.415159	2.286582
2484	-10395.82	-10895.64	499.8242	0.496382	0.17955	0.223665	0.100403	1.236633	1.124094	6.795816	3.528529
2490	-10384.88	-10884.41	499.5266	0.462956	0.202037	0.241365	0.0936422	1.225394	1.026975	7.361939	2.454209
2496	-10386.35	-10886.75	500.4025	0.466055	0.225379	0.242981	0.0655851	1.306656	0.9954742	6.926057	2.295422
2502	-10367.88	-10868.25	500.368	0.454932	0.22	0.274078	0.0509901	1.040187	1.124299	6.926057	2.529708
2508	-10374.84	-10874.79	499.9488	0.462277	0.265466	0.194084	0.0781739	1.240974	1.055701	6.926057	2.998776
2514	-10388.36	-10890.71	502.3427	0.580559	0.108695	0.190344	0.120402	1.236006	1.17205	5.70437	2.588506
2520	-10405.43	-10906.83	501.3965	0.555769	0.097231	0.225299	0.121701	1.482277	1.146912	5.818224	3.49876
2526	-10381.29	-10881.61	500.3208	0.555283	0.155674	0.187669	0.101374	1.482277	1.133615	6.67146	2.683318
2532	-10410.72	-10911.14	500.42	0.483065	0.175926	0.226446	0.114562	1.406508	1.053325	6.67146	2.758296
2538	-10375.54	-10876.06	500.5183	0.463385	0.2095	0.217221	0.109895	1.308934	1.078459	6.67146	2.701953
2544	-10373.63	-10875.46	501.831	0.309086	0.487463	0.135102	0.0683497	0.9434857	1.104082	6.42408	1.941586
2550	-10395.59	-10898.22	502.6334	0.298448	0.494968	0.137182	0.0694021	1.109021	1.060776	6.42408	0.900938
2556	-10401.18	-10901.19	500.0058	0.317894	0.527218	0.0651734	0.0897145	1.152929	0.9743958	6.950584	3.103212
2562	-10390.92	-10891.13	500.2059	0.423456	0.306942	0.150096	0.119506	1.159066	1.021617	7.117903	2.227087
2568	-10398.79	-10900.64	501.8564	0.423456	0.306942	0.150096	0.119506	1.217844	1.06978	6.208335	2.127046
2574	-10392.09	-10892.74	500.6448	0.472547	0.246357	0.188759	0.0923371	1.289174	1.147029	6.182781	3.987378
2580	-10387.24	-10888.5	501.2642	0.515133	0.154669	0.23548	0.0947179	1.389438	1.124432	6.182781	2.760133
2586	-10398	-10898.88	500.8867	0.492837	0.10815	0.325925	0.0730882	1.381398	1.123465	6.392238	2.760133
2592	-10412.12	-10912.48	500.3558	0.54046	0.1186	0.26079	0.0801506	1.381398	1.003832	6.669395	2.985844
2598	-10407.25	-10906.62	499.369	0.560687	0.0655636	0.27055	0.1032	1.508214	0.9582937	7.243784	2.750067
2604	-10402.18	-10901.54	499.3579	0.576138	0.0819763	0.235842	0.106043	1.464924	0.9847666	7.128388	3.141171
2610	-10403.62	-10901.79	498.1743	0.627882	0.0495779	0.186003	0.136537	1.557581	1.011717	7.357104	4.386316
2616	-10414.06	-10913.21	499.1426	0.617251	0.0477759	0.175832	0.159141	1.397828	1.049211	6.801536	4.74607
2622	-10399.14	-10899.87	500.7315	0.625678	0.0746944	0.138314	0.161314	1.40558	1.124064	6.368517	3.049883
2628	-10399.25	-10899.09	499.8411	0.606129	0.0723607	0.148135	0.173375	1.457296	1.09288	6.357491	4.804349
2634	-10408.12	-10908.96	500.8448	0.506886	0.148925	0.200017	0.144172	1.570398	1.09288	6.386829	2.631882
2640	-10421.64	-10923.87	502.224	0.51272	0.128929	0.287013	0.0713379	1.191273	1.153325	5.921735	2.266662
2646	-10405.4	-10906.15	500.7494	0.485687	0.170199	0.26253	0.0815834	1.256776	1.101649	6.480875	2.936809
2652	-10404.74	-10905.16	500.4212	0.499685	0.143869	0.27873	0.0777163	1.351418	1.101649	6.514121	3.243212
2658	-10409.93	-10910.53	500.5999	0.498026	0.155519	0.224278	0.122177	1.387217	1.101649	6.514121	2.886709
2664	-10390.89	-10891.52	500.626	0.560912	0.149708	0.18733	0.102049	1.467419	1.095844	6.40853	3.059311
2670	-10374.6	-10876.15	501.5456	0.442559	0.178915	0.298009	0.0805166	1.212289	1.145741	6.40853	1.954089
2676	-10384.01	-10887.25	503.2414	0.399069	0.23966	0.325568	0.0357029	1.045793	1.156167	5.625219	1.812628
2682	-10386.14	-10888.31	502.1673	0.337074	0.371617	0.193851	0.0974574	1.045793	1.186492	6.249485	1.688713
2688	-10386.39	-10888.03	501.6392	0.451787	0.269001	0.159955	0.119257	1.151682	1.116148	6.518289	1.688713
2694	-10387.02	-10887.78	500.7537	0.473017	0.258584	0.15376	0.114639	1.354447	1.11995	6.539885	2.585722
2700	-10381.01	-10881.89	500.8863	0.501182	0.256803	0.152701	0.0893134	1.37394	1.122927	6.456982	2.585722
2706	-10398.46	-10899.27	500.8131	0.444687	0.280318	0.220268	0.0547279	1.155035	1.123673	6.726452	2.256813
2712	-10390.66	-10891.25	500.5831	0.532036	0.215421	0.179708	0.0728346	1.323848	1.036795	6.726452	2.489488
2718	-10405.35	-10906.34	500.9935	0.463959	0.187857	0.284669	0.0635151	1.125526	0.9996315	6.809816	2.005761
2724	-10408.45	-10910.51	502.0626	0.467073	0.179043	0.286579	0.0673055	1.253374	1.105693	5.952964	2.402117
2730	-10394.76	-10895.99	501.2276	0.48428	0.173262	0.277325	0.0651323	1.253325	1.089013	6.413119	2.410766
2736	-10412.44	-10913.09	500.6458	0.413298	0.276321	0.237444	0.0729365	1.08717	1.051171	6.724823	2.718362
2742	-10421.31	-10921.58	500.2701	0.422358	0.27114	0.242649	0.0638535	1.045106	1.060348	6.558119	3.9918
2748	-10400.37	-10902.02	501.6432	0.322643	0.450203	0.186624	0.0405295	0.9967737	1.099509	6.478832	1.99122
2754	-10405.23	-10908.19	502.9639	0.325259	0.453852	0.157173	0.0637163	0.8867155	1.09173	6.184656	1.207373
2760	-10406.5	-10909.15	502.6529	0.378239	0.425784	0.147453	0.0485237	1.160363	1.144025	5.986543	1.60228
2766	-10403.35	-10905.93	502.582	0.368008	0.414267	0.143464	0.0742609	1.339834	1.119287	5.986543	1.51832
2772	-10413.84	-10915.98	502.1383	0.388082	0.331573	0.184726	0.0956191	0.9476362	1.119287	6.221536	2.002868
2778	-10418.45	-10920.79	502.3385	0.354052	0.260228	0.292031	0.0936889	0.9882679	1.157706	6.016752	2.133523
2784	-10399.75	-10901.11	501.3561	0.410964	0.405708	0.0343666	0.148962	1.251991	1.159053	6.052514	3.153673
2790	-10406.2	-10907.78	501.5759	0.463146	0.317979	0.0600473	0.158827	1.375474	1.159053	6.052514	2.612014
2796	-10401.89	-10903.16	501.2706	0.434386	0.304012	0.112637	0.148965	1.408857	1.174046	6.098223	2.892378
2802	-10382.97	-10884.95	501.9818	0.402402	0.332449	0.192472	0.0726765	1.059418	1.149313	6.215526	2.037443
2808	-10400.38	-10902.58	502.2021	0.347395	0.423702	0.166162	0.0627418	1.030881	1.176576	6.234355	1.710469
2814	-10406.89	-10909.12	502.2342	0.376795	0.301885	0.228935	0.0923857	0.9744067	1.113885	6.234355	1.819284
2820	-10410.51	-10911.74	501.2276	0.411057	0.329336	0.200518	0.0590881	1.054018	1.144795	6.383653	2.698382
2826	-10395.57	-10896.46	500.8924	0.560338	0.108094	0.273339	0.0582295	1.323079	1.078529	6.383653	2.934498
2832	-10379.55	-10880.26	500.7149	0.526385	0.179504	0.22601	0.0681011	1.285732	1.160914	6.374485	3.181315
2838	-10400.39	-10899.97	499.5832	0.598258	0.067473	0.256869	0.0773997	1.339989	1.014523	6.510451	5.169118
2844	-10389.88	-10889.49	499.6122	0.555222	0.08135	0.267751	0.0956771	1.425571	1.123347	6.496037	4.738899
2850	-10399.21	-10898.92	499.7092	0.536934	0.0792034	0.258932	0.124931	1.5084	1.075379	6.628641	3.968052
2856	-10388.58	-10888.99	500.4066	0.548828	0.0985655	0.251917	0.10069	1.292315	1.120432	6.417245	3.658316
2862	-10398.26	-10898.87	500.6086	0.546837	0.0982079	0.25463	0.100325	1.52027	1.122833	6.407967	2.968455
2868	-10388.54	-10888.88	500.3408	0.555872	0.186216	0.11971	0.138202	1.476863	1.116809	6.069201	4.78075
2874	-10387.49	-10887.55	500.0594	0.645161	0.0958759	0.098562	0.160401	1.629856	1.154881	6.069201	5.039406
2880	-10402.7	-10903.67	500.9698	0.611924	0.0998059	0.12388	0.164391	1.629856	1.139524	6.081278	3.190085
2886	-10398.13	-10900.51	502.3865	0.577857	0.14992	0.116983	0.155239	1.583802	1.277268	5.31417	2.991963
2892	-10387.05	-10889.95	502.9008	0.537974	0.161172	0.0914581	0.209396	1.31092	1.195966	5.31417	2.679002
2898	-10386.13	-10888.56	502.4375	0.456514	0.265872	0.0999252	0.177689	1.237365	1.204092	5.654268	2.532645
2904	-10410.55	-10912.9	502.3454	0.445337	0.259882	0.121442	0.173339	1.156423	1.133867	6.136147	1.658801
2910	-10419.2	-10919.2	499.9947	0.50462	0.290004	0.0240991	0.181277	1.363198	1.065031	6.796518	3.122428
2916	-10400.5	-10900.11	499.6168	0.381599	0.449516	0.0136546	0.15523	1.241078	1.006524	7.247021	2.651488
2922	-10406.62	-10907.86	501.2481	0.435052	0.365591	0.022383	0.176974	1.304975	1.167278	6.207961	2.765253
2928	-10418.17	-10919.82	501.6413	0.456884	0.317908	0.0393519	0.185855	1.220256	1.165072	6.207961	2.292973
2934	-10423.15	-10923.57	500.4261	0.635913	0.103693	0.0547718	0.205623	1.699124	1.092233	6.13818	3.989342
2940	-10401.13	-10901.46	500.3299	0.538164	0.198251	0.0756092	0.187976	1.521001	1.158539	6.324906	3.669564
2946	-10407.7	-10908.01	500.3161	0.475464	0.250652	0.107809	0.166075	1.309241	1.136156	6.30209	4.193298
2952	-10404.07	-10904.17	500.108	0.503143	0.246173	0.102021	0.148662	1.18496	1.021776	6.857375	3.091121
2958	-10408.7	-10909.69	500.998	0.445974	0.20307	0.258608	0.0923477	1.024108	1.08293	7.021256	1.529892
2964	-10380.85	-10882.66	501.8078	0.392799	0.337565	0.198686	0.0709498	1.053545	1.195284	6.21165	2.231521
2970	-10392.08	-10894.28	502.1981	0.394297	0.338852	0.19563	0.0712204	1.180956	1.188052	6.21165	1.575957
2976	-10391.54	-10893.73	502.1822	0.421232	0.362	0.140682	0.0760856	0.9348125	1.11071	6.21165	1.997287
2982	-10389.45	-10892.85	503.3958	0.360118	0.397804	0.187665	0.0544136	1.000287	1.248519	5.69024	1.428703
2988	-10388.81	-10891.86	503.0435	0.404013	0.366646	0.162953	0.0663881	0.9041061	1.290726	5.69024	1.925035
2994	-10394.1	-10897.39	503.2839	0.331462	0.436533	0.164845	0.0671591	0.7130743	1.138024	5.994259	1.387454
3000	-10387.86	-10891.1	503.2383	0.313061	0.424421	0.160271	0.102246	0.966816	1.259182	5.542115	1.981477
3006	-10381.27	-10882.51	501.2449	0.465385	0.261055	0.153344	0.120215	1.294336	1.142715	6.365549	2.379756
3012	-10374.01	-10874.54	500.5322	0.576921	0.0945775	0.200813	0.127688	1.485007	1.191633	6.064139	4.212845
3018	-10394.33	-10896.07	501.7403	0.581767	0.0934942	0.198513	0.126225	1.493521	1.191805	5.63143	3.394303
3024	-10394.88	-10896.97	502.0883	0.53618	0.137168	0.239829	0.0868238	1.290528	1.281547	5.688573	2.781398
3030	-10390.25	-10890.46	500.2023	0.527788	0.162893	0.236075	0.073244	1.290528	1.077042	7.183316	1.829724
3036	-10407.18	-10907.23	500.0492	0.401243	0.334535	0.160022	0.1042	1.174554	1.052721	7.147064	2.30775
3042	-10392.66	-10892.44	499.7884	0.410337	0.342117	0.141448	0.106097	1.195835	1.052721	7.147064	2.66811
3048	-10404.77	-10905.2	500.4247	0.424372	0.343196	0.106607	0.125826	1.223693	1.084716	6.92091	2.259505
3054	-10412.64	-10914.04	501.4056	0.340833	0.368946	0.113958	0.176263	1.172018	1.137835	6.575377	1.796954
3060	-10406.28	-10907.95	501.6733	0.454844	0.375917	0.0376134	0.131625	1.199686	1.14756	6.410881	1.796954
3066	-10408.26	-10910.05	501.7888	0.463559	0.38312	0.0191736	0.134147	1.199686	1.143955	6.236015	2.071852
3072	-10424.02	-10926.39	502.3677	0.466105	0.320278	0.0710193	0.142598	1.277554	1.275243	5.754164	2.210599
3078	-10420.89	-10920.65	499.7606	0.470283	0.287166	0.0271175	0.215434	1.277554	1.084571	6.983478	3.030322
3084	-10425.45	-10926.18	500.7288	0.476758	0.291119	0.0545857	0.177537	1.34422	1.13626	6.379316	3.09315
3090	-10414.65	-10915.23	500.5785	0.555622	0.151611	0.0773371	0.215429	1.763949	1.190423	6.161762	3.336416
3096	-10402.54	-10903.15	500.6108	0.56306	0.153641	0.115891	0.167408	1.324807	1.209549	6.039289	4.403792
3102	-10409.02	-10911.2	502.1797	0.396413	0.385161	0.0815908	0.136835	1.083861	1.126346	6.163842	1.900259
3108	-10407.34	-10910.74	503.4029	0.333026	0.45133	0.0653545	0.150289	1.066914	1.16877	5.647323	1.526546
3114	-10410.82	-10913.97	503.1575	0.407101	0.428018	0.0569794	0.107902	1.09223	1.263611	5.42483	2.20661
3120	-10394.59	-10896.1	501.5082	0.381684	0.354068	0.189929	0.0743193	1.056608	1.08206	6.517433	2.020262
3126	-10402.13	-10905.52	503.382	0.386107	0.358171	0.111211	0.144511	1.092981	1.103531	5.851563	1.18009
3132	-10385.78	-10888.91	503.1307	0.312032	0.479526	0.0906492	0.117792	1.150758	1.164006	5.669398	1.713089
3138	-10394.33	-10894.9	500.5746	0.335797	0.432639	0.135519	0.0960443	1.369454	1.073687	7.052183	1.587671
3144	-10399.26	-10900.78	501.5173	0.355228	0.39981	0.143361	0.101602	1.207935	1.049974	6.611413	1.643247
3150	-10406.04	-10906.2	500.1604	0.375485	0.440464	0.076656	0.107396	1.181267	1.037997	6.934132	2.750024
3156	-10394.71	-10896.27	501.564	0.350683	0.405886	0.144466	0.0989647	1.086984	1.086122	6.622224	1.659123
3162	-10407.82	-10906.53	498.7172	0.650196	0.0109337	0.158813	0.180058	1.8019	1.024388	7.000748	4.192916
3168	-10404.61	-10904.15	499.5346	0.596452	0.0314578	0.152295	0.219796	1.747297	1.107637	6.445427	4.553891
3174	-10393.53	-10894.27	500.7425	0.356275	0.375704	0.176415	0.0916057	1.041934	1.093459	6.800606	2.362272
3180	-10388.36	-10888.53	500.1737	0.440042	0.208562	0.229349	0.122047	1.067148	1.034242	6.813626	3.293036
3186	-10393.96	-10893.81	499.8504	0.568898	0.0289685	0.346322	0.0558118	1.493934	1.026538	6.813626	3.184196
3192	-10399.77	-10899.99	500.2172	0.546627	0.0384881	0.332764	0.0821207	1.289378	0.9755955	7.096006	2.161913
3198	-10403.96	-10903.58	499.6155	0.511277	0.100668	0.311245	0.0768101	1.279296	1.04346	7.014718	3.247592
3204	-10392.59	-10893.97	501.3783	0.406708	0.279552	0.239983	0.0737572	0.876569	1.049095	6.584439	2.327212
3210	-10409.36	-10910.05	500.6904	0.338304	0.350905	0.226675	0.0841162	1.115695	1.1064	6.94027	1.957894
3216	-10422.18	-10923.31	501.1328	0.368546	0.413245	0.0713503	0.146859	1.014297	1.032657	6.912792	1.681137
3222	-10396.08	-10896.94	500.8598	0.422287	0.325153	0.0922469	0.160313	1.369233	1.143022	6.257652	3.202691
3228	-10405.08	-10905.26	500.1786	0.530928	0.190275	0.159202	0.119596	1.327107	1.150461	6.257652	4.593211
3234	-10401.92	-10903.42	501.4989	0.483567	0.195744	0.190973	0.129716	1.424565	1.091515	6.317805	2.053839
3240	-10397.26	-10898.07	500.8169	0.589258	0.109849	0.168086	0.132807	1.541042	1.107789	6.317805	2.89456
3246	-10411.59	-10911.5	499.9081	0.514176	0.190562	0.18876	0.106502	1.249623	0.9904362	7.012739	2.89456
3252	-10402.08	-10902.1	500.0186	0.512233	0.189842	0.188046	0.109879	1.353981	1.014183	7.252937	1.905915
3258	-10393.97	-10895.56	501.5908	0.451261	0.293045	0.143325	0.112369	1.369375	1.026445	6.453834	1.757173
3264	-10378.88	-10879.89	501.0102	0.440037	0.310023	0.140366	0.109574	1.087858	1.095612	6.453834	2.864473
3270	-10372.43	-10873.58	501.1515	0.430353	0.3032	0.159283	0.107163	1.15562	1.060537	6.53565	2.367487
3276	-10366.33	-10866.84	500.5036	0.396333	0.2782	0.26617	0.0592965	0.8650664	1.037348	7.144222	2.130278
3282	-10382.8	-10883.6	500.7936	0.45128	0.258557	0.267702	0.0224609	1.205746	1.046404	6.963512	1.737573
3288	-10390.1	-10891.28	501.1854	0.528345	0.0703323	0.335803	0.0655198	1.425503	1.114353	6.216838	2.75099
3294	-10396.05	-10898.08	502.0253	0.499379	0.102001	0.317393	0.0812271	1.389724	1.160921	5.812451	2.574691
3300	-10388.89	-10890.84	501.9557	0.397879	0.401665	0.15041	0.0500458	1.389724	1.151048	6.01543	2.14983
3306	-10382.56	-10884.71	502.1502	0.422404	0.361154	0.119852	0.09659	1.054404	1.139673	5.887528	2.688183
3312	-10386.03	-10888.46	502.4267	0.316649	0.388639	0.247783	0.0469292	0.8006978	1.188322	6.090084	2.050668
3318	-10394.86	-10898.01	503.1523	0.279168	0.49147	0.196665	0.0326969	0.9470069	1.213445	5.781456	1.622159
3324	-10395.78	-10897.76	501.9861	0.316813	0.399433	0.223184	0.0605698	0.8512403	1.213445	6.58932	1.367167
3330	-10405.29	-10907.13	501.8316	0.34547	0.360483	0.20893	0.085117	0.9568541	1.005737	6.231074	2.563938
3336	-10405.69	-10907.26	501.5715	0.410718	0.428566	0.0595628	0.101153	1.142779	1.102016	6.156538	2.746655
3342	-10404.13	-10906.12	501.9868	0.390702	0.354585	0.0943992	0.160313	1.214346	1.169851	6.156538	1.949681
3348	-10417.2	-10920.71	503.509	0.315666	0.577627	0.029825	0.0768822	1.029024	1.203964	5.481481	1.765795
3354	-10400.55	-10904.16	503.6064	0.314081	0.574727	0.0296753	0.0815172	1.029024	1.231285	5.412848	1.765795
3360	-10387.38	-10888.39	501.0063	0.363592	0.385909	0.148042	0.102457	1.053693	1.010645	6.93489	1.765795
3366	-10399.63	-10899.72	500.0901	0.381003	0.359941	0.158654	0.100403	1.053693	1.099157	7.151323	2.339002
3372	-10391.06	-10891.95	500.8938	0.474039	0.243257	0.111923	0.170782	1.154327	1.068616	6.628494	2.484643
3378	-10401.09	-10903.07	501.9775	0.452293	0.238585	0.141619	0.167502	1.323343	1.153247	5.998938	2.242143
3384	-10396.26	-10896.77	500.5083	0.563483	0.238259	0.0433324	0.154926	1.466476	1.108728	6.393881	3.288511
3390	-10391.17	-10891.24	500.0663	0.515825	0.134837	0.165923	0.183415	1.483034	1.101154	6.586528	3.430732
3396	-10397.07	-10896.07	499.0072	0.588628	0.0853341	0.105007	0.22103	1.664543	1.04374	6.586528	5.473032
3402	-10412.67	-10912.29	499.6179	0.514426	0.224191	0.0682163	0.193167	1.664543	1.113254	6.654455	3.72359
3408	-10407.73	-10908.39	500.6666	0.529022	0.217753	0.0668653	0.18636	1.423944	1.13759	6.576342	2.494959
3414	-10416.71	-10916.07	499.3606	0.529251	0.203011	0.164922	0.102816	1.423944	1.036169	7.334633	2.494959
3420	-10412.98	-10912.18	499.2036	0.579247	0.127723	0.180501	0.112529	1.41058	1.082297	7.031418	3.653824
3426	-10410.12	-10910.1	499.9852	0.479097	0.164203	0.221837	0.134862	1.393904	1.081563	6.964536	2.563118
3432	-10397.71	-10897.84	500.127	0.44365	0.226042	0.205424	0.124884	1.393904	1.062691	6.822507	2.782372
3438	-10399.24	-10899.78	500.5327	0.504597	0.22008	0.20166	0.0736626	1.298316	1.06117	6.796179	2.37135
3444	-10401.87	-10902.6	500.7253	0.438325	0.20356	0.236887	0.121228	1.185874	1.058343	6.937665	1.893636
3450	-10397.65	-10898.54	500.8942	0.498404	0.175229	0.228941	0.0974258	1.176823	1.123376	6.574814	2.518621
3456	-10394.96	-10894.47	499.5119	0.571285	0.103912	0.262419	0.0623848	1.433016	1.064416	6.912778	3.486721
3462	-10408.54	-10909.69	501.1458	0.553189	0.115098	0.212244	0.119469	1.375761	1.130806	6.284019	2.662617
3468	-10413.23	-10914.24	501.0182	0.390201	0.377007	0.148523	0.0842696	1.428381	1.126025	6.284019	2.797944
3474	-10418.35	-10919.2	500.8509	0.467107	0.291362	0.160839	0.0806922	1.112563	1.052757	6.408633	3.308458
3480	-10429.33	-10928.4	499.0653	0.524856	0.210553	0.180298	0.0842925	1.625757	1.166322	6.687774	4.69025
3486	-10413.47	-10914.14	500.6734	0.501216	0.200148	0.218509	0.0801271	1.28288	1.027261	6.687774	2.53211
3492	-10415.17	-10916.01	500.8432	0.476588	0.225348	0.207772	0.0902918	1.287497	1.157232	6.27127	3.29298
3498	-10423.36	-10924.91	501.5504	0.508185	0.179178	0.244509	0.0681277	0.9810866	1.025278	6.395005	2.46637
3504	-10405.94	-10907.87	501.9286	0.371419	0.354378	0.168617	0.105586	1.033757	1.108957	6.151133	2.369644
3510	-10396.01	-10897.13	501.1114	0.385671	0.361618	0.123537	0.129173	1.239235	1.072407	6.391668	2.692584
3516	-10420.11	-10922.1	501.9847	0.401681	0.319731	0.113344	0.165245	1.281407	1.052901	6.229976	1.84808
3522	-10412.22	-10912.77	500.555	0.488594	0.279699	0.0846863	0.14702	1.51568	1.086282	6.229976	3.719801
3528	-10407.26	-10906.25	498.9853	0.6606	0.0869003	0.128594	0.123906	1.686264	1.047116	6.711022	4.929393
3534	-10407.09	-10907.44	500.3508	0.627825	0.0869407	0.152101	0.133134	1.686264	1.14114	6.120106	4.130532
3540	-10413.41	-10913.53	500.1171	0.605835	0.0875285	0.13437	0.172267	1.669589	1.091774	6.661897	2.850785
3546	-10412.28	-10913.63	501.3538	0.590317	0.0992935	0.158402	0.151987	1.628831	1.17908	5.952795	2.875709
3552	-10406.41	-10908.42	502.0033	0.521202	0.182394	0.140144	0.15626	1.23107	1.130208	5.952795	2.484912
3558	-10405.56	-10907.65	502.0976	0.468184	0.308901	0.0825505	0.140365	1.23107	1.185795	5.41587	3.915476
3564	-10417.42	-10920.71	503.2904	0.369038	0.407962	0.112361	0.11064	1.044333	1.296043	5.27997	2.414073
3570	-10422.86	-10926.5	503.6447	0.374108	0.394099	0.124912	0.106881	0.9358606	1.213719	5.473502	1.719456
3576	-10420.25	-10922.48	502.2357	0.259336	0.554018	0.1126	0.0740455	0.9358606	1.20141	6.250512	1.719456
3582	-10393.54	-10897.44	503.8934	0.296808	0.45316	0.141795	0.108237	0.8392176	1.241794	5.408022	1.648009
3588	-10387.77	-10889.51	501.7348	0.285618	0.551599	0.0960318	0.066751	0.9937984	1.099729	6.681001	1.423323
3594	-10413.89	-10916.09	502.2014	0.480499	0.13703	0.270175	0.112296	1.231871	1.076293	6.227969	1.612344
3600	-10409.33	-10910.18	500.8518	0.382691	0.390018	0.170278	0.0570136	1.057889	1.143951	6.918535	1.825569
3606	-10391.94	-10893.36	501.4276	0.406144	0.350048	0.201701	0.0421058	0.9531986	1.143951	6.494663	2.246171
3612	-10391.66	-10892.21	500.5564	0.41833	0.321704	0.185369	0.0745976	0.968356	1.162434	6.560419	3.392894
3618	-10368.31	-10868.87	500.5538	0.420106	0.318824	0.186156	0.0749143	1.130999	1.148394	6.728478	2.633288
3624	-10384.43	-10886.24	501.8118	0.399775	0.303395	0.221108	0.0757219	1.046598	1.158891	6.326997	1.994464
3630	-10374.06	-10876.54	502.4771	0.38086	0.376796	0.182566	0.0597786	0.9402773	1.24918	5.931116	2.099619
3636	-10395.68	-10897.29	501.6057	0.4023	0.398007	0.0871571	0.112536	1.012099	1.168027	6.410121	2.099619
3642	-10398.54	-10898.77	500.229	0.47121	0.359779	0.0787858	0.0902252	0.9771243	1.13094	6.410121	4.644055
3648	-10385.34	-10886.2	500.8596	0.444512	0.339395	0.112088	0.104006	1.126902	1.274596	6.377425	2.987386
3654	-10395.8	-10898.56	502.7613	0.301499	0.437857	0.186816	0.0738291	0.8236652	1.17306	6.092965	1.607583
3660	-10407.55	-10910.54	502.9986	0.301714	0.43817	0.18695	0.0731662	1.105804	1.18784	5.896995	1.401685
3666	-10404.22	-10907.64	503.4268	0.400507	0.383501	0.163624	0.0523681	0.9006401	1.216481	5.75923	1.401685
3672	-10410.86	-10911.7	500.8354	0.438781	0.324585	0.179261	0.0573726	1.217225	1.105871	6.470946	2.879521
3678	-10408.72	-10909.67	500.9465	0.423843	0.313535	0.173158	0.0894637	1.055773	1.149984	6.470946	2.879521
3684	-10402.51	-10903.69	501.1792	0.415418	0.307303	0.169716	0.107563	1.055773	1.087939	6.732388	1.923167
3690	-10397.68	-10898.13	500.4537	0.412911	0.305448	0.168692	0.112948	1.137414	1.012564	7.121151	1.923167
3696	-10390.66	-10891.16	500.5064	0.407808	0.295005	0.166043	0.131144	1.11125	1.098644	7.060118	1.923167
3702	-10399.64	-10900.93	501.2903	0.36402	0.346393	0.161796	0.127791	1.178161	1.167818	6.577327	1.893915
3708	-10402.83	-10904.4	501.5664	0.384979	0.366338	0.113534	0.135149	1.135962	1.140497	6.330521	2.227616
3714	-10399.39	-10901.28	501.8831	0.489124	0.300385	0.0996728	0.110818	1.357837	1.181282	6.145669	1.923852
3720	-10410.53	-10911.54	501.0042	0.45271	0.278022	0.129119	0.140149	1.250129	1.141539	6.199305	3.331431
3726	-10396.33	-10897.39	501.0586	0.435543	0.321665	0.108497	0.134295	1.250129	1.12736	6.177392	3.331431
3732	-10379.03	-10879.75	500.7146	0.50914	0.276863	0.0570088	0.156988	1.379106	1.138852	6.482438	2.748152
3738	-10401.8	-10900.94	499.1473	0.49559	0.288864	0.0627358	0.15281	1.646696	1.138852	6.743221	4.314431
3744	-10393.76	-10892.61	498.8441	0.479123	0.312492	0.0606513	0.147733	1.331795	1.138852	7.053618	4.314431
3750	-10401.68	-10901.58	499.897	0.478806	0.294224	0.0665273	0.160443	1.272466	1.053423	6.977909	2.880971
3756	-10398.97	-10899.74	500.7733	0.396736	0.439907	0.0304149	0.132942	1.502297	1.157394	6.749263	1.786679
3762	-10406.54	-10908.85	502.3124	0.333542	0.442172	0.112519	0.111767	0.9357569	1.16964	6.31444	1.52434
3768	-10393.96	-10896.42	502.4554	0.323867	0.473912	0.109256	0.0929655	1.05032	1.20355	6.119299	1.60376
3774	-10396.86	-10898.61	501.7542	0.308949	0.452082	0.104223	0.134746	1.013259	1.076613	6.702548	1.360859
3780	-10388.61	-10890.01	501.401	0.358706	0.428979	0.0603417	0.151974	1.02633	1.122628	6.521261	2.141972
3786	-10399.05	-10901.47	502.4194	0.281005	0.524007	0.0554171	0.139571	0.8876453	1.122628	6.44521	1.242385
3792	-10394.12	-10895.63	501.5082	0.228789	0.574157	0.0844233	0.11263	1.057647	1.071342	6.627611	1.769219
3798	-10395.36	-10896.55	501.1957	0.286671	0.499277	0.105782	0.10827	1.057647	1.041043	6.812823	1.769219
3804	-10415.37	-10915.38	500.0107	0.367519	0.402343	0.113731	0.116407	1.034889	1.021778	6.882638	3.435111
3810	-10407.16	-10905.97	498.807	0.585369	0.128052	0.189818	0.0967604	1.557974	1.021778	6.882638	4.912124
3816	-10403.99	-10905.02	501.0224	0.505829	0.222073	0.1927	0.0793985	1.518842	1.128421	6.427537	2.269157
3822	-10396.2	-10897.11	500.9084	0.490591	0.179883	0.187904	0.141622	1.514303	1.156465	6.292125	2.781466
3828	-10393.39	-10894.65	501.267	0.532615	0.186016	0.138617	0.142752	1.194437	1.190692	6.196761	2.895939
3834	-10388.67	-10890.94	502.2691	0.527157	0.194357	0.137196	0.141289	1.317198	1.167042	5.791136	2.35757
3840	-10405.18	-10908.41	503.2327	0.43513	0.346673	0.101573	0.116624	1.373582	1.23179	5.528138	1.569521
3846	-10410.96	-10913.49	502.529	0.390852	0.404304	0.0546873	0.150158	1.15653	1.158714	5.948585	1.827239
3852	-10417.66	-10919.76	502.1035	0.398203	0.411908	0.0532541	0.136635	1.130397	1.158714	5.905643	2.56532
3858	-10411.47	-10913.1	501.6233	0.501166	0.263499	0.108302	0.127033	1.245704	1.104611	6.208926	2.369449
3864	-10401.84	-10903.16	501.3166	0.500558	0.26318	0.108171	0.128091	1.276411	1.10186	6.379346	2.321914
3870	-10395.61	-10896.2	500.587	0.493204	0.256838	0.0407025	0.209255	1.276411	1.027071	6.747411	2.505069
3876	-10397.1	-10897.93	500.828	0.483057	0.24872	0.065583	0.202641	1.687967	1.120587	6.390807	2.456053
3882	-10379.49	-10882.07	502.583	0.407888	0.400622	0.0468208	0.144668	1.284069	1.263843	5.557218	2.425299
3888	-10385.66	-10888.68	503.0185	0.391283	0.384313	0.0856255	0.138779	1.366196	1.165612	5.607618	1.74206
3894	-10399.26	-10901.15	501.8947	0.482334	0.290922	0.0489639	0.17778	1.311996	1.19546	5.922634	2.520831
3900	-10389.04	-10890.66	501.6125	0.437027	0.288463	0.110461	0.164049	1.465029	1.128987	6.255425	1.958235
3906	-10398.84	-10900.11	501.2716	0.390628	0.369367	0.167902	0.0721036	0.976222	1.163081	6.464863	2.491914
3912	-10413.55	-10914.38	500.83	0.415468	0.307277	0.200566	0.0766887	1.113315	1.048699	6.939456	1.856384
3918	-10390.74	-10893.2	502.4658	0.41652	0.308054	0.183439	0.0919873	1.113315	1.194061	5.89299	2.051431
3924	-10404.77	-10906.38	501.6118	0.3392	0.348876	0.207747	0.104177	1.249362	1.123815	6.160298	2.485108
3930	-10377.71	-10878.73	501.0194	0.395188	0.319317	0.190145	0.0953502	1.054403	1.023044	6.975952	1.639984
3936	-10393.81	-10896.68	502.8715	0.396046	0.32001	0.190558	0.0933869	1.10941	1.182442	5.87393	1.600187
3942	-10398.45	-10901.43	502.9768	0.377711	0.32099	0.230973	0.0703262	1.079742	1.195837	5.623444	2.06795
3948	-10395	-10898.41	503.4071	0.423357	0.308755	0.207089	0.0607989	1.22643	1.313057	5.314718	1.899709
3954	-10396.79	-10898.97	502.186	0.518006	0.180047	0.1931	0.108846	1.30329	1.31242	5.425926	3.352375
3960	-10397.19	-10899.56	502.3742	0.512535	0.136583	0.243185	0.107697	1.425764	1.251765	5.657821	2.294417
3966	-10392.81	-10893.3	500.4887	0.516524	0.137646	0.242324	0.103506	1.156447	1.066379	6.645317	3.081795
3972	-10381.79	-10882.23	500.4452	0.461275	0.229886	0.216404	0.0924349	1.315724	1.070493	6.853509	2.307737
3978	-10380.62	-10881.69	501.0701	0.431252	0.214923	0.266623	0.0872014	1.11739	1.137976	6.55967	2.362272
3984	-10387.16	-10888.2	501.0364	0.432505	0.265674	0.22067	0.0811513	1.024203	1.150169	6.550697	2.554733
3990	-10375.49	-10876.08	500.5884	0.436304	0.268007	0.222609	0.0730795	1.229068	1.091188	6.97768	1.87956
3996	-10382.27	-10883.75	501.4785	0.337574	0.381334	0.21162	0.069472	1.082698	1.185988	6.694575	1.488533
4002	-10375.87	-10877.98	502.1087	0.381098	0.336281	0.238905	0.043717	0.9821327	1.12403	6.440993	1.488533
4008	-10397.48	-10898.81	501.3268	0.423381	0.299265	0.198266	0.0790883	1.256117	1.232702	6.006538	3.216178
4014	-10392.52	-10895.83	503.3144	0.302526	0.439993	0.193795	0.0636866	0.9352518	1.248937	5.507924	2.019076
4020	-10414.5	-10916.53	502.0297	0.320047	0.441167	0.137926	0.100859	1.092381	1.073298	6.255382	1.934693
4026	-10410.92	-10912.97	502.0509	0.345012	0.369965	0.206071	0.0789524	0.9882889	1.178315	6.255382	1.904319
4032	-10411.79	-10913.43	501.642	0.425693	0.252991	0.254261	0.0670552	1.023825	1.106023	6.497192	1.904319
4038	-10416.48	-10917.29	500.8071	0.464974	0.254717	0.130233	0.150076	1.023825	1.08538	6.681687	2.635009
4044	-10402.9	-10903.73	500.8226	0.441422	0.241815	0.174289	0.142475	1.310084	1.193029	6.681687	2.06149
4050	-10377.34	-10878.66	501.3235	0.466243	0.288898	0.170427	0.0744326	1.130685	1.084441	6.560517	2.06149
4056	-10388.06	-10889.17	501.117	0.511174	0.154297	0.263244	0.0712853	1.130685	1.137681	6.329086	2.929307
4062	-10389.77	-10890.83	501.0566	0.492849	0.148766	0.253808	0.104577	1.282638	1.070686	6.604706	2.137854
4068	-10384.5	-10886.27	501.7741	0.440169	0.21551	0.234883	0.109438	1.172709	1.142141	5.963968	2.87858
4074	-10400.46	-10902.27	501.8083	0.427849	0.237467	0.228309	0.106375	1.062962	1.17468	6.095135	2.561428
4080	-10393.73	-10895.89	502.1669	0.419899	0.233055	0.224067	0.122979	1.145628	1.125811	5.99665	2.253729
4086	-10397.71	-10900.51	502.8065	0.488066	0.205669	0.197737	0.108528	1.392322	1.165211	5.673846	1.827934
4092	-10385.01	-10885.87	500.8571	0.580861	0.058022	0.235332	0.125785	1.256645	1.053722	6.162824	3.884109
4098	-10387.7	-10889.35	501.6475	0.444199	0.230817	0.259441	0.0655422	1.141423	1.091931	6.515393	1.727067
4104	-10402.34	-10903.94	501.603	0.406099	0.266278	0.240206	0.0874176	1.028539	1.048936	6.705229	1.542313
4110	-10393.23	-10894.05	500.8254	0.52623	0.104427	0.270793	0.0985493	1.308599	1.094867	6.477878	2.75652
4116	-10404.97	-10905.43	500.4671	0.57188	0.139595	0.156789	0.131737	1.308599	1.107526	6.571082	3.040461
4122	-10405.92	-10906.83	500.9066	0.540641	0.140569	0.228851	0.0899387	1.710537	1.107526	6.457415	2.159113
4128	-10405.81	-10906.51	500.7005	0.585757	0.0688501	0.247948	0.097444	1.295443	1.081268	6.519283	2.875656
4134	-10392.45	-10893.19	500.7378	0.505203	0.143081	0.227556	0.12416	1.488836	1.204649	5.583394	5.716568
4140	-10398.14	-10898.37	500.2331	0.686038	0.00957478	0.209894	0.0944932	1.662962	1.17961	5.896496	5.252757
4146	-10390.04	-10890.49	500.4428	0.535125	0.00628506	0.384883	0.0737068	1.608966	1.087099	6.665975	2.420264
4152	-10395.81	-10895.91	500.0962	0.544599	0.00639633	0.391697	0.0573075	2.028089	1.042072	6.698888	2.420264
4158	-10406.02	-10907.59	501.5674	0.518173	0.00363758	0.372691	0.105498	1.680537	1.100697	6.187976	1.978569
4164	-10421.78	-10921.73	499.9585	0.582526	0.0530503	0.237161	0.127263	1.374019	1.029244	6.617026	3.842926
4170	-10390.08	-10890.37	500.2881	0.585781	0.0533467	0.238486	0.122387	1.357805	1.04426	6.712608	2.933679
4176	-10386.25	-10885.73	499.4787	0.535102	0.0497298	0.301079	0.114089	1.371733	0.9669497	7.372813	2.385889
4182	-10407.66	-10907.35	499.6845	0.593964	0.0329159	0.270586	0.102534	1.371733	1.004917	6.921442	3.351483
4188	-10396.99	-10898.21	501.2179	0.549829	0.115069	0.25048	0.0846225	1.473057	1.126826	6.101831	2.953206
4194	-10408.68	-10910.36	501.6859	0.528036	0.121389	0.2717	0.0788736	1.600131	1.124977	6.101831	2.088836
4200	-10406.17	-10907.97	501.8035	0.489975	0.124642	0.278981	0.106402	1.182703	1.11206	6.247307	2.088836
4206	-10408.13	-10908.66	500.5319	0.635336	0.0890266	0.137669	0.137968	1.460513	1.099508	6.259353	3.72667
4212	-10410.49	-10911.35	500.8554	0.553036	0.167519	0.117185	0.16226	1.723359	1.153285	6.259353	2.690006
4218	-10396.69	-10897.75	501.0632	0.512475	0.248306	0.0830408	0.156178	1.559206	1.187991	5.942881	3.495411
4224	-10386.5	-10886.89	500.3847	0.447564	0.218164	0.23105	0.103222	1.279419	1.159919	6.460112	3.500615
4230	-10387.16	-10888.94	501.7808	0.473216	0.214319	0.225431	0.0870335	1.656521	1.234799	5.777032	2.58485
4236	-10393	-10894.64	501.6427	0.446	0.303548	0.180691	0.0697606	1.126589	1.234799	5.944268	3.076392
4242	-10396.14	-10897.98	501.8471	0.580617	0.0817006	0.2621	0.0755827	1.316909	1.147254	5.908378	2.701774
4248	-10406.29	-10907.32	501.0291	0.454321	0.169439	0.256233	0.120006	1.618361	1.147254	6.212896	2.696302
4254	-10402.61	-10904.01	501.4093	0.44135	0.330687	0.130143	0.0978213	1.109997	1.056828	6.648205	1.799661
4260	-10403.76	-10903.82	500.0569	0.449829	0.220975	0.220811	0.108386	1.161938	1.09706	7.020975	2.596483
4266	-10398.8	-10900.53	501.7245	0.493321	0.24234	0.14281	0.121529	1.323147	1.190761	5.985443	2.596483
4272	-10394.09	-10894.7	500.6146	0.473177	0.289269	0.120988	0.116566	1.31306	1.11971	6.232038	3.879122
4278	-10390.04	-10891.93	501.8935	0.460666	0.226757	0.210982	0.101594	1.302936	1.073164	6.410704	1.504727
4284	-10400.17	-10903.21	503.0442	0.415449	0.302656	0.190273	0.0916223	0.9651505	1.216472	5.716885	1.876887
4290	-10390.11	-10890.86	500.7497	0.407632	0.391332	0.0757171	0.125319	1.23894	1.189473	6.604526	2.466166
4296	-10395.24	-10895.86	500.6151	0.411866	0.389377	0.0740633	0.124693	1.264553	1.037046	7.091419	1.610106
4302	-10392.93	-10893.13	500.206	0.474714	0.330867	0.0724467	0.121972	1.271783	1.092779	6.896256	2.571295
4308	-10402.44	-10903.98	501.5414	0.462802	0.322565	0.067475	0.147159	1.271783	1.165845	6.133413	2.571295
4314	-10431.54	-10933.23	501.6891	0.426057	0.339953	0.066371	0.167619	1.271783	1.183755	6.031164	2.605072
4320	-10406.79	-10908.81	502.023	0.406608	0.324435	0.10899	0.159967	1.147479	1.236479	5.883997	2.605072
4326	-10402.04	-10903.32	501.28	0.382122	0.422828	0.0687932	0.126258	1.059454	1.168219	6.402853	2.519071
4332	-10394.17	-10896.17	502	0.48299	0.305054	0.0692267	0.142729	1.268953	1.278716	5.7158	2.880348
4338	-10392.24	-10894.86	502.6183	0.44647	0.281988	0.139604	0.131937	1.268953	1.273333	5.786349	1.811039
4344	-10392.31	-10893.71	501.404	0.497592	0.236018	0.155589	0.1108	1.44259	1.210881	6.221112	2.244043
4350	-10390.88	-10892.3	501.4178	0.521394	0.247308	0.115197	0.116101	1.355328	1.106421	6.479846	1.829841
4356	-10386.37	-10888.74	502.3688	0.499704	0.199554	0.189471	0.111271	1.277392	1.245047	5.959315	1.752555
4362	-10394.06	-10894.97	500.9106	0.51582	0.20599	0.195582	0.0826082	1.311217	1.151825	6.526477	2.398493
4368	-10403.08	-10904.04	500.9609	0.566393	0.174122	0.174588	0.084897	1.311217	1.101598	6.526477	2.398493
4374	-10387.86	-10886.62	498.7634	0.540851	0.195163	0.192645	0.071342	1.300218	1.107403	7.46773	3.118637
4380	-10395.72	-10896.19	500.4679	0.511706	0.184646	0.182264	0.121384	1.256221	1.110457	6.613784	2.982787
4386	-10395.35	-10895.7	500.3578	0.493897	0.17822	0.210724	0.117159	1.085535	1.108855	6.613784	3.46042
4392	-10384	-10884.58	500.5727	0.54984	0.150127	0.107993	0.19204	1.421755	1.171644	6.320701	3.371682
4398	-10399.44	-10900.12	500.679	0.574611	0.199056	0.0805844	0.145749	1.323949	1.157787	6.320701	3.363042
4404	-10409.25	-10908.98	499.728	0.570573	0.204684	0.0800181	0.144725	1.460066	1.157787	6.429979	4.609405
4410	-10408.85	-10906.37	497.5249	0.570573	0.204684	0.0800181	0.144725	1.564485	1.106723	6.734863	9.100484
4416	-10422.49	-10920.17	497.6834	0.55163	0.197889	0.0420065	0.208475	1.966648	1.074032	7.261011	5.005474
4422	-10419.07	-10917.63	498.5632	0.435015	0.344282	0.0563005	0.164403	1.254057	1.108625	6.906178	5.838804
4428	-10415.02	-10916.01	500.9903	0.559227	0.195528	0.0641165	0.181129	1.473199	1.213002	6.256615	2.721878
4434	-10409.99	-10909.52	499.536	0.559465	0.238119	0.0212091	0.181206	1.686257	1.128913	6.335018	5.072145
4440	-10409.28	-10908.27	498.9861	0.521346	0.218313	0.0522112	0.208129	1.379084	1.128913	6.710187	5.356151
4446	-10408.88	-10907.44	498.5584	0.511904	0.221985	0.0586693	0.207442	1.379084	1.061161	7.288038	4.077237
4452	-10388.25	-10889.01	500.7546	0.506863	0.239007	0.0307802	0.22335	1.370649	1.098685	6.311646	3.288422
4458	-10394.16	-10895.56	501.3972	0.579158	0.172585	0.116567	0.131691	1.524287	1.177973	6.375467	1.821172
4464	-10403.32	-10904.16	500.836	0.564121	0.168104	0.113541	0.154235	1.614673	1.153574	5.970468	3.804918
4470	-10415.1	-10915.69	500.5871	0.636326	0.150697	0.0390011	0.173976	1.614673	1.244646	5.703024	5.1924
4476	-10424.08	-10924.57	500.4942	0.583891	0.202062	0.0615153	0.152532	1.563549	1.145182	6.460548	2.899614
4482	-10425.18	-10927.53	502.3458	0.522454	0.183011	0.182487	0.112048	1.317039	1.122154	5.759662	2.395317
4488	-10417.92	-10919.12	501.203	0.5319	0.18632	0.188794	0.0929869	1.363629	1.100402	6.384505	2.359837
4494	-10418.85	-10920.58	501.7281	0.490087	0.159895	0.230737	0.119282	1.288795	1.130285	6.178557	2.205724
4500	-10425.53	-10926.25	500.7232	0.59551	0.146951	0.153373	0.104166	1.378304	1.169021	6.20649	3.55564
4506	-10408.23	-10910	501.7695	0.51895	0.220661	0.169615	0.0907739	1.378304	1.180785	5.999194	2.43083
4512	-10419.36	-10920.39	501.0226	0.580242	0.129443	0.177	0.113314	1.566682	1.13647	6.065168	3.247343
4518	-10418.19	-10920.14	501.9581	0.509396	0.220085	0.182998	0.0875216	1.366676	1.158654	6.065168	2.039857
4524	-10402.4	-10904.9	502.5085	0.442561	0.256398	0.199079	0.101962	1.254555	1.177813	6.065168	1.459304
4530	-10413.68	-10916.56	502.8858	0.468603	0.212641	0.210794	0.107962	1.126868	1.192533	5.917216	1.459304
4536	-10398.14	-10900.86	502.7138	0.468272	0.212491	0.210645	0.108592	1.309582	1.197338	5.626262	2.121328
4542	-10388.46	-10891.28	502.8144	0.425013	0.30208	0.187847	0.0850602	0.9867938	1.182003	5.749099	2.121328
4548	-10396.31	-10898.53	502.2203	0.436491	0.310238	0.19292	0.0603505	1.079648	1.089347	6.109199	2.033445
4554	-10411.87	-10912.12	500.2457	0.471809	0.335341	0.118927	0.0739227	1.106488	1.05265	7.318928	1.707273
4560	-10414.82	-10914.29	499.4708	0.436746	0.310419	0.110089	0.142745	1.231535	0.9934965	7.335054	2.657541
4566	-10408.78	-10908.47	499.6931	0.512528	0.239048	0.129191	0.119233	1.304343	1.059066	6.895071	3.436458
4572	-10409.19	-10908.35	499.1529	0.556289	0.0758922	0.238405	0.129414	1.523364	1.075622	7.265631	2.822149
4578	-10405.02	-10905.93	500.915	0.640623	0.157215	0.0531287	0.149033	1.555905	1.082972	6.014064	3.730387
4584	-10405.66	-10907.88	502.2217	0.560993	0.261974	0.0465248	0.130508	1.412201	1.217811	5.354215	3.517587
4590	-10409.96	-10912.06	502.0994	0.50649	0.184793	0.171973	0.136744	1.246573	1.077614	6.047006	2.152784
4596	-10404.99	-10903.88	498.8986	0.47162	0.240917	0.160133	0.127329	1.339725	1.076544	7.26328	3.547062
4602	-10417.39	-10918.21	500.8159	0.493522	0.211068	0.19245	0.102961	1.244294	1.059439	6.823222	1.979727
4608	-10428.01	-10929.13	501.119	0.324937	0.456255	0.142546	0.0762622	1.055272	0.9601801	6.823222	1.949546
4614	-10400.32	-10901.61	501.2864	0.316247	0.561007	0.0600452	0.0627009	0.9691368	1.117577	6.8406	1.609405
4620	-10415.7	-10914.99	499.2852	0.344633	0.47097	0.0861304	0.0982666	1.042448	1.056498	7.353168	3.098229
4626	-10418.18	-10918.36	500.1831	0.41829	0.38707	0.113878	0.0807611	1.1459	1.009785	7.141465	2.23192
4632	-10405.47	-10905.43	499.9664	0.441943	0.284121	0.160272	0.113663	1.428362	0.994633	7.114215	2.264387
4638	-10415.22	-10914.48	499.2631	0.506674	0.204086	0.158929	0.130311	1.229417	1.011965	7.114215	3.695044
4644	-10399.68	-10899.98	500.304	0.474108	0.314585	0.103576	0.10773	1.291955	1.104344	6.759667	2.766264
4650	-10401.05	-10901.74	500.6905	0.41233	0.291845	0.201456	0.0943691	1.207095	1.066039	6.85616	2.104194
4656	-10391.78	-10892.78	500.9953	0.474635	0.18484	0.231897	0.108629	1.292793	1.156925	6.515323	2.322363
4662	-10393.17	-10894.44	501.271	0.454424	0.219552	0.222022	0.104003	1.344012	1.198309	6.535628	1.781967
4668	-10388.36	-10889.86	501.4988	0.354707	0.343818	0.235027	0.0664473	1.078523	1.150023	6.504679	1.945449
4674	-10374.36	-10875.38	501.0193	0.36605	0.328622	0.242542	0.0627857	1.078523	1.111	6.544438	2.576529
4680	-10375.97	-10878.39	502.4248	0.381074	0.363538	0.180213	0.0751749	0.9877487	1.09646	6.394487	1.255972
4686	-10391.49	-10892.01	500.5224	0.337228	0.37876	0.231341	0.052671	0.9348785	1.11962	6.669037	3.233119
4692	-10392.84	-10893.18	500.3418	0.411208	0.273362	0.246719	0.0687105	1.277994	1.07063	7.02194	2.064018
4698	-10388.83	-10890.53	501.7069	0.31499	0.409927	0.190132	0.0849502	0.9623402	1.107242	6.400261	2.137597
4704	-10386.49	-10886.89	500.4031	0.470301	0.225823	0.237587	0.066289	1.394677	1.085877	6.878659	2.178882
4710	-10390.54	-10891.45	500.9047	0.462981	0.237873	0.233889	0.0652572	0.9856244	1.002982	6.794293	2.356678
4716	-10394.89	-10895.43	500.5466	0.395329	0.236679	0.299542	0.0684499	1.096858	1.05981	6.7644	2.730758
4722	-10387.27	-10888.17	500.8954	0.450216	0.185121	0.34113	0.0235331	1.18585	1.121875	6.7644	2.008797
4728	-10372.4	-10873.31	500.9136	0.405998	0.324505	0.248275	0.0212218	1.18585	1.0449	6.955407	1.634122
4734	-10395.26	-10896.26	501.0018	0.412914	0.252067	0.313436	0.0215833	0.9612065	1.073292	6.918703	1.846972
4740	-10395.91	-10897.62	501.7132	0.407645	0.24885	0.309437	0.0340685	1.206228	1.080523	6.620407	1.3632
4746	-10410.25	-10912.21	501.9577	0.408949	0.249646	0.310426	0.0309796	1.010075	1.118866	6.399577	1.733407
4752	-10408.05	-10909.29	501.2374	0.375533	0.285212	0.285061	0.0541951	0.9386725	1.070348	6.854248	1.733407
4758	-10405.38	-10907.4	502.0229	0.383322	0.253421	0.269771	0.0934862	0.9386725	1.081328	6.389913	1.811097
4764	-10420.81	-10920.83	500.0116	0.460964	0.153148	0.25963	0.126258	1.28134	1.076385	6.826275	3.107143
4770	-10419.46	-10920.95	501.4975	0.312222	0.443156	0.110314	0.134309	1.307788	1.150022	6.4809	1.726788
4776	-10422.18	-10924.74	502.5644	0.533282	0.224646	0.123569	0.118503	1.28981	1.150022	5.824251	1.925031
4782	-10414.75	-10915.68	500.9349	0.4903	0.22926	0.20137	0.0790688	1.457987	1.145078	6.515869	2.213353
4788	-10412.34	-10913.88	501.5327	0.423266	0.343027	0.173839	0.0598684	1.125948	1.062594	6.401779	2.213353
4794	-10413.78	-10914.76	500.9839	0.423266	0.343027	0.173839	0.0598684	1.029674	1.20957	6.581215	2.451484
4800	-10391.34	-10893.41	502.0682	0.451779	0.2686	0.207991	0.07163	1.080797	1.146289	6.216818	1.896568
4806	-10407.72	-10908.72	500.9917	0.461223	0.257172	0.22286	0.0587454	1.092654	1.108818	6.165178	3.810043
4812	-10407.22	-10908.59	501.3661	0.472481	0.241959	0.2283	0.0572607	1.324376	1.189923	6.165178	2.640001
4818	-10400.42	-10901.79	501.3784	0.559071	0.147878	0.225296	0.0677547	1.432076	1.125633	6.141092	2.640001
4824	-10410.19	-10909.55	499.3635	0.572291	0.10676	0.27209	0.0488594	1.062426	1.073693	6.2292	7.731993
4830	-10420.14	-10919.51	499.3661	0.415191	0.304887	0.197398	0.0825245	1.206121	1.119936	7.01809	3.675272
4836	-10406.59	-10907.1	500.51	0.398019	0.313839	0.203194	0.0849476	1.296178	1.016868	7.118145	1.666172
4842	-10408.99	-10909.15	500.1559	0.398019	0.313839	0.203194	0.0849476	1.397666	1.062673	7.118145	1.939802
4848	-10400.79	-10901.42	500.6257	0.394688	0.311212	0.201493	0.0926074	0.9868083	1.06796	7.077398	1.925696
4854	-10405.29	-10907.12	501.8283	0.406976	0.320902	0.207767	0.0643555	1.011002	1.126324	6.383214	1.925696
4860	-10405.4	-10906.23	500.8249	0.490173	0.260499	0.174734	0.074594	1.117486	1.118874	6.387562	3.297812
4866	-10403.33	-10903.96	500.6386	0.489318	0.19651	0.237242	0.0769299	1.283417	1.093829	6.387562	3.395685
4872	-10412.32	-10914.21	501.891	0.445629	0.278575	0.182622	0.0931735	1.163912	1.097486	6.178899	2.186352
4878	-10385.52	-10887.27	501.7516	0.498331	0.173214	0.204628	0.123827	1.163912	1.084191	6.215527	2.307306
4884	-10412.62	-10912.01	499.3897	0.484429	0.147891	0.174713	0.192966	1.792649	1.063702	6.846521	3.387586
4890	-10419.69	-10920.15	500.456	0.499957	0.152632	0.245164	0.102247	1.269795	1.0367	7.03377	1.937834
4896	-10414	-10913.82	499.8184	0.515598	0.157407	0.249879	0.0771164	1.689149	1.068876	6.592309	3.607711
4902	-10418.45	-10918.59	500.1345	0.514894	0.223346	0.173908	0.0878524	1.229065	0.9862912	6.905652	2.887656
4908	-10434.18	-10934.63	500.4556	0.438045	0.243705	0.253516	0.0647338	1.405221	1.126166	6.395817	3.441693
4914	-10419.81	-10922.94	503.1255	0.135967	0.608479	0.212802	0.0427519	0.4830555	1.18382	6.344312	1.075426
4920	-10409.3	-10911.04	501.7413	0.134593	0.602331	0.210651	0.0524245	0.5961963	1.017414	7.240453	0.8524204
4926	-10422.11	-10924.81	502.7048	0.182142	0.529077	0.235223	0.0535588	0.5840229	1.056809	6.707109	0.8524204
4932	-10408.74	-10911.42	502.6804	0.195867	0.568947	0.177591	0.0575948	0.5787414	1.136219	6.252814	1.707264
4938	-10393.96	-10898.4	504.4317	0.256484	0.521358	0.178401	0.0437564	0.8407928	1.194931	5.537924	0.8633195
4944	-10398.56	-10901.01	502.4426	0.280454	0.449538	0.195074	0.0749344	0.9501918	1.104442	6.333782	1.392305
4950	-10405.82	-10906.74	500.9266	0.280454	0.449538	0.195074	0.0749344	1.018229	0.9755987	7.135799	1.496864
4956	-10400.57	-10901.56	500.9873	0.309507	0.392514	0.215282	0.0826971	1.192314	1.035192	7.060357	1.328672
4962	-10390.83	-10893.14	502.3107	0.309507	0.392514	0.215282	0.0826971	0.9220702	1.083941	6.462998	1.328672
4968	-10396.45	-10897.95	501.5051	0.383141	0.347899	0.190812	0.0781479	1.01963	1.014016	6.605774	1.946706
4974	-10409.2	-10911.07	501.8704	0.372007	0.404589	0.152455	0.0709487	1.01963	1.168646	6.43266	1.692624
4980	-10392.23	-10894.49	502.2624	0.374742	0.384182	0.182879	0.0581968	1.054259	1.168646	6.182156	1.735893
4986	-10391.95	-10893.28	501.3299	0.370306	0.391471	0.180715	0.057508	1.179489	1.072116	6.674419	1.735893
4992	-10409.69	-10912.45	502.7602	0.363729	0.40228	0.177505	0.0564865	1.129464	1.144987	6.000549	1.479943
4998	-10415.18	-10915.31	500.1334	0.364249	0.315779	0.242729	0.0772426	0.9435884	1.071249	7.210414	2.317047
5004	-10407.33	-10908.8	501.4688	0.495848	0.131639	0.311042	0.0614719	1.127971	1.151942	6.074561	3.104583
5010	-10395.61	-10897.72	502.1046	0.487717	0.12948	0.305942	0.0768618	1.127971	1.109979	6.074561	2.186371
5016	-10405.22	-10906.61	501.3961	0.511089	0.0884898	0.320603	0.0798184	1.285964	1.077398	6.261903	2.547657
5022	-10409.68	-10910.61	500.9258	0.432437	0.173851	0.271265	0.122447	1.257544	1.104339	6.346835	3.049164
5028	-10424.17	-10925.3	501.1347	0.428364	0.266417	0.183926	0.121294	1.257544	1.180972	6.330987	2.634767
5034	-10419.83	-10919.61	499.7746	0.453421	0.310351	0.0966417	0.139587	1.411497	0.9915051	7.183079	2.382232
5040	-10412.84	-10912.99	500.1505	0.387465	0.358317	0.0857582	0.16846	1.153322	1.106877	7.0467	2.382232
5046	-10417.09	-10918.8	501.7105	0.404554	0.374121	0.0895407	0.131784	1.047251	1.174454	6.065727	2.823914
5052	-10408.23	-10907.8	499.5712	0.404554	0.374121	0.0895407	0.131784	1.139681	1.040468	7.748376	1.530656
5058	-10416.81	-10916.66	499.8498	0.449846	0.217287	0.186329	0.146538	1.275181	1.018579	7.132019	2.55514
5064	-10409.31	-10910.41	501.1015	0.461102	0.197703	0.190991	0.150204	1.171645	1.137137	6.138496	3.498777
5070	-10407.21	-10906.71	499.4937	0.49871	0.162993	0.300503	0.0377943	1.258588	0.9845953	7.359612	2.527312
5076	-10379.56	-10880.91	501.353	0.556245	0.0403271	0.335171	0.0682569	1.387445	1.139012	6.180749	2.607027
5082	-10388.2	-10890.44	502.2317	0.568318	0.0266666	0.342445	0.0625702	1.387445	1.215931	5.414129	3.345619
5088	-10396.32	-10897.42	501.0952	0.585521	0.0725593	0.277456	0.0644642	1.275465	1.092799	6.080076	3.611098
5094	-10399.66	-10898.85	499.1879	0.554633	0.109018	0.26282	0.0735286	1.428634	1.11868	6.421571	6.109184
5100	-10395.53	-10895.8	500.2691	0.593177	0.0708457	0.269	0.0669775	1.570807	1.129551	6.605564	2.84546
5106	-10406.27	-10907.86	501.5857	0.505764	0.132735	0.278871	0.0826298	1.130103	1.131113	6.052247	3.007996
5112	-10402.47	-10905.18	502.7131	0.494581	0.191902	0.241855	0.0716617	1.363306	1.211758	5.743271	1.760091
5118	-10389.16	-10889.1	499.9334	0.46119	0.178946	0.323812	0.0360513	1.206771	1.086495	6.945285	2.967129
5124	-10386.86	-10887.49	500.6366	0.498371	0.151063	0.303458	0.0471073	1.206771	1.068156	6.624792	2.818059
5130	-10391.02	-10891.81	500.7852	0.498371	0.151063	0.303458	0.0471073	0.9514551	1.057273	6.644477	2.941102
5136	-10397.71	-10898.5	500.7893	0.445872	0.211138	0.300845	0.042145	1.155092	1.056713	6.442047	3.229589
5142	-10403.65	-10905.3	501.65	0.434756	0.344001	0.135701	0.0855417	0.9947177	1.029845	6.564733	1.868698
5148	-10415.37	-10915.78	500.4063	0.434756	0.344001	0.135701	0.0855417	1.048631	1.067838	6.958669	2.45363
5154	-10401.1	-10900.89	499.7961	0.425657	0.336801	0.132861	0.104682	1.178355	0.9939515	7.302262	2.335588
5160	-10387.63	-10888.18	500.5469	0.377902	0.36068	0.168481	0.0929371	1.070742	0.9981863	6.959027	2.31696
5166	-10403.34	-10903.64	500.2987	0.408469	0.389855	0.101222	0.100454	1.058296	1.056102	7.031492	2.415922
5172	-10403.26	-10904.33	501.0774	0.385035	0.371037	0.0963365	0.147592	1.213918	1.058371	6.627795	2.155413
5178	-10403.61	-10904.03	500.4212	0.389422	0.375265	0.0974342	0.137879	1.121783	1.063898	6.89682	2.502078
5184	-10408.47	-10911.32	502.8568	0.369081	0.379911	0.120331	0.130677	1.126256	1.269051	5.592349	2.147596
5190	-10413.64	-10915.47	501.826	0.425854	0.284527	0.138841	0.150779	1.3801	1.20175	6.11174	2.028404
5196	-10406.22	-10907.96	501.7429	0.486146	0.300166	0.0415624	0.172126	1.380658	1.14699	6.11174	2.216968
5202	-10409.49	-10910.36	500.8698	0.47792	0.316879	0.0681268	0.137075	1.143831	1.11669	6.633954	2.448731
5208	-10399.64	-10900.76	501.1253	0.435342	0.288648	0.151146	0.124863	1.110573	1.066526	6.633954	2.198838
5214	-10395.62	-10896.68	501.0609	0.443236	0.293882	0.153887	0.108995	1.115878	1.12573	6.633954	2.198838
5220	-10403.47	-10905.93	502.4625	0.423876	0.281046	0.190843	0.104235	1.161166	1.176243	6.091287	1.561039
5226	-10401.88	-10903.91	502.0392	0.427821	0.322784	0.134785	0.11461	1.231443	1.134111	6.091287	2.065957
5232	-10401.97	-10904.56	502.5952	0.433368	0.23062	0.216446	0.119567	1.152133	1.134111	6.091287	1.465751
5238	-10408.47	-10908.73	500.2577	0.351667	0.386651	0.169498	0.0921838	1.152133	1.084771	7.266423	1.719212
5244	-10413.9	-10915.56	501.6597	0.371719	0.409197	0.121644	0.0974401	1.119278	1.102963	6.415264	1.960586
5250	-10396.15	-10897.84	501.6909	0.385531	0.424402	0.0890064	0.101061	1.119278	1.122988	6.415264	1.893644
5256	-10387.17	-10888.64	501.464	0.314782	0.473197	0.0993407	0.11268	1.070748	1.059096	6.415264	2.357812
5262	-10386.08	-10886.28	500.2006	0.376542	0.270716	0.26208	0.0906619	1.070748	1.007274	7.202822	2.153356
5268	-10394.75	-10894.83	500.0794	0.36931	0.478739	0.052547	0.0994033	1.319348	1.023681	7.204037	1.97419
5274	-10391.59	-10891.76	500.1687	0.431774	0.399077	0.0571866	0.111962	1.145026	1.011685	7.068481	2.447689
5280	-10406.58	-10905.93	499.3511	0.427864	0.274657	0.166397	0.131082	1.145026	0.9867449	7.551749	2.36263
5286	-10417.09	-10915.74	498.6535	0.305186	0.533565	0.067751	0.0934977	0.8368089	0.9868655	8.262428	1.914608
5292	-10409.27	-10911.36	502.0974	0.286205	0.500381	0.125731	0.0876827	0.9062489	1.114867	6.347109	1.816067
5298	-10416.44	-10917.89	501.4479	0.356692	0.392944	0.181507	0.0688564	1.019377	1.1676	6.608541	1.816067
5304	-10410.22	-10911.32	501.1039	0.502336	0.171759	0.25562	0.0702861	1.319965	1.015119	6.468226	2.462083
5310	-10408.21	-10907.6	499.3841	0.51586	0.167091	0.248673	0.0683759	1.319965	1.019365	7.26305	2.837433
5316	-10416.72	-10916.27	499.5501	0.445637	0.225608	0.262428	0.0663271	1.112172	0.9976202	7.382788	2.566919
5322	-10409.38	-10909.35	499.9712	0.527536	0.138889	0.278385	0.0551911	1.102406	0.9337458	7.199042	2.558578
5328	-10388.82	-10888.41	499.5979	0.484357	0.221468	0.242703	0.051472	1.200738	1.031143	7.165438	2.946286
5334	-10408.21	-10908.12	499.9099	0.536864	0.172944	0.239417	0.0507752	1.131035	1.058235	7.075419	2.775299
5340	-10414.43	-10914.37	499.9394	0.507435	0.190792	0.253781	0.0479918	0.9698057	0.9888166	7.085624	3.071138
5346	-10427.53	-10927.32	499.7873	0.511306	0.184619	0.255717	0.0483579	1.12272	1.049958	7.145163	2.790106
5352	-10406.83	-10907.34	500.511	0.47847	0.174917	0.265047	0.0815647	1.302635	1.081237	7.062934	1.704451
5358	-10388.28	-10888.33	500.0444	0.49671	0.199296	0.245141	0.0588534	1.241038	1.056215	6.907469	2.89679
5364	-10390.66	-10892.13	501.4686	0.380046	0.336491	0.239519	0.0439445	0.8914367	1.013659	6.876594	1.531488
5370	-10396.18	-10898.17	501.9951	0.330484	0.430099	0.201204	0.0382137	1.107792	1.163259	6.330088	1.672125
5376	-10415.17	-10917	501.8326	0.422402	0.279154	0.213839	0.0846058	0.9477104	1.053379	6.466836	1.897203
5382	-10379.1	-10880.74	501.6396	0.422402	0.279154	0.213839	0.0846058	1.097509	1.097514	6.466836	1.897203
5388	-10379.83	-10881.54	501.7135	0.447381	0.255569	0.245494	0.0515559	1.076272	1.136992	6.470088	1.771427
5394	-10404.87	-10906.06	501.1815	0.49251	0.153086	0.249141	0.105262	1.31462	1.088836	6.423895	2.366788
5400	-10393.67	-10895.28	501.6021	0.497824	0.14395	0.251829	0.106397	1.359279	1.056968	6.357261	1.943025
5406	-10409.74	-10910.08	500.3421	0.541018	0.168837	0.16293	0.127214	1.681024	1.072459	6.791118	2.168212
5412	-10394.75	-10894.59	499.8447	0.507574	0.18071	0.175043	0.136672	1.681024	0.950361	7.070767	2.310408
5418	-10400.16	-10899.87	499.7142	0.448874	0.367556	0.0575194	0.126051	1.378698	1.100285	7.223539	2.246211
5424	-10407.51	-10909.07	501.5602	0.358126	0.403477	0.11499	0.123408	1.387055	0.9895482	6.624306	1.443221
5430	-10400.18	-10900.53	500.3487	0.405725	0.373196	0.0812689	0.13981	1.111823	1.081769	6.718543	3.136446
5436	-10398.71	-10899.27	500.5519	0.499472	0.223695	0.12106	0.155774	1.454801	1.038725	6.769236	2.246575
5442	-10391.06	-10891.57	500.5148	0.451261	0.288131	0.126063	0.134545	1.490567	1.08319	6.824266	2.052389
5448	-10378.68	-10879.45	500.7698	0.407865	0.390593	0.0701916	0.13135	1.205404	1.08772	6.824266	2.049501
5454	-10407.54	-10909.24	501.6975	0.364146	0.348726	0.208327	0.0788	0.945625	1.032159	6.824266	1.298892
5460	-10406.08	-10906.91	500.8352	0.35945	0.344229	0.20564	0.0906816	1.087242	1.030523	7.263032	1.199679
5466	-10403.97	-10906.09	502.1229	0.328478	0.400732	0.187922	0.0828682	0.8613019	1.068594	6.705965	1.132535
5472	-10393.65	-10895.95	502.2959	0.325587	0.399968	0.192306	0.0821389	1.020093	1.120123	6.376102	1.373081
5478	-10395.32	-10897.24	501.9234	0.325587	0.399968	0.192306	0.0821389	1.153431	1.174769	6.18798	2.027258
5484	-10408.55	-10910.6	502.0531	0.428145	0.265432	0.195872	0.11055	1.206431	1.09132	6.23283	1.794493
5490	-10416.42	-10918.94	502.5172	0.502365	0.245609	0.181244	0.0707827	1.352207	1.26163	5.625212	2.254713
5496	-10402.37	-10903.55	501.1738	0.470054	0.239987	0.186505	0.103454	1.249185	1.067813	6.514324	2.254713
5502	-10401.87	-10901.31	499.4349	0.466	0.21362	0.184896	0.135483	1.262886	1.018616	7.201118	3.031323
5508	-10379.3	-10879.72	500.419	0.460869	0.22228	0.18286	0.133991	1.178632	1.107095	6.996451	2.100177
5514	-10390.62	-10891.16	500.5448	0.51295	0.200807	0.165196	0.121047	1.221327	1.107095	6.584805	3.003592
5520	-10399.34	-10899.83	500.4868	0.499368	0.221969	0.160821	0.117842	1.252493	1.176864	6.503804	3.188803
5526	-10404.71	-10903.8	499.0913	0.444804	0.192581	0.25765	0.104966	1.377697	1.147782	7.102647	3.548588
5532	-10405.41	-10906.83	501.4195	0.482596	0.308088	0.0954324	0.113884	1.306849	1.128235	6.09767	2.875733
5538	-10395.29	-10895.92	500.6286	0.479359	0.310015	0.0960294	0.114596	1.422583	1.080057	6.657854	2.414827
5544	-10386.99	-10887.69	500.6943	0.460211	0.282338	0.165339	0.0921119	1.252717	1.106013	6.592533	2.692777
5550	-10414.05	-10914.88	500.8302	0.487815	0.213898	0.221967	0.0763198	1.266163	1.121983	6.383675	3.052707
5556	-10418.06	-10919.23	501.1681	0.524292	0.212188	0.0887159	0.174804	1.266163	1.086636	6.418307	2.470683
5562	-10404.96	-10904.11	499.154	0.558018	0.225837	0.0944226	0.121722	1.499349	1.181043	6.418307	5.88951
5568	-10394.62	-10894.72	500.1044	0.512768	0.246127	0.102906	0.138198	1.499349	1.065478	6.418307	3.989753
5574	-10412.89	-10912.78	499.8902	0.538132	0.237563	0.0909161	0.133389	1.282732	1.109787	6.885594	3.067553
5580	-10410.7	-10910.19	499.487	0.425324	0.30794	0.102424	0.164312	1.412288	1.131244	6.803174	3.825132
5586	-10390.41	-10892.4	501.9836	0.476431	0.250037	0.163204	0.110327	1.083536	1.133293	6.170386	2.137637
5592	-10386.56	-10888.29	501.7291	0.463654	0.251816	0.17873	0.1058	1.220801	1.157798	6.170386	2.275959
5598	-10405.46	-10906.89	501.4224	0.440449	0.208626	0.281919	0.0690057	1.376905	1.166318	6.258651	2.265715
5604	-10393.16	-10894.63	501.4661	0.384083	0.3251	0.158272	0.132545	1.143714	1.054558	6.585846	1.835544
5610	-10393.66	-10894.54	500.8848	0.451673	0.289423	0.140904	0.118	1.350262	1.089485	6.697559	2.02859
5616	-10406.78	-10907.53	500.7418	0.489883	0.313907	0.0682283	0.127982	1.430772	1.084434	6.675655	2.18852
5622	-10422.65	-10921.6	498.9482	0.464422	0.297592	0.116656	0.12133	1.44028	1.063381	7.080627	3.956591
5628	-10418.23	-10919.14	500.9073	0.37566	0.346266	0.158441	0.119633	1.148212	1.093481	6.86651	1.830464
5634	-10419	-10920.29	501.2873	0.340603	0.411099	0.154086	0.0942125	1.084132	0.9639365	6.856942	1.619419
5640	-10402.27	-10904.22	501.9524	0.445403	0.254892	0.209081	0.0906239	1.243127	1.133694	6.309203	1.650383
5646	-10413.97	-10915.61	501.6432	0.370647	0.387216	0.176047	0.0660895	1.093728	1.154501	6.49489	1.758993
5652	-10405.82	-10907.8	501.9853	0.415563	0.265208	0.209817	0.109412	1.183875	1.108691	6.083846	2.256991
5658	-10395.88	-10896.65	500.7637	0.401166	0.322202	0.167327	0.109305	1.069583	1.147932	6.784597	2.256991
5664	-10392.54	-10896.32	503.7746	0.405189	0.325433	0.193553	0.0758253	0.9282866	1.238971	5.306076	1.917767
5670	-10404.28	-10907.11	502.8326	0.425218	0.292191	0.203017	0.0795735	1.281781	1.293821	5.566894	2.01077
5676	-10383.56	-10884.04	500.4843	0.499869	0.267763	0.138825	0.0935433	1.281781	1.162559	6.737058	2.477324
5682	-10389.28	-10890.96	501.6856	0.366843	0.431866	0.103135	0.0981553	1.093323	1.130416	6.60061	1.502375
5688	-10411.63	-10912.84	501.2095	0.374049	0.458883	0.0627724	0.104296	1.094751	1.145141	6.403262	2.607869
5694	-10404.07	-10904.83	500.7601	0.493444	0.239884	0.0828091	0.183862	1.441282	1.157598	6.466423	2.607869
5700	-10409.41	-10908.61	499.1976	0.512393	0.249095	0.047819	0.190693	1.384759	1.051567	7.241154	3.063492
5706	-10426.68	-10927.01	500.3309	0.509965	0.247915	0.052331	0.189789	1.421401	1.111479	6.647254	2.858719
5712	-10437.65	-10937.58	499.9292	0.377427	0.33098	0.151129	0.140464	1.128736	1.089069	7.021739	2.858719
5718	-10438.91	-10939.4	500.4884	0.503086	0.168146	0.218086	0.110681	1.442019	1.109998	6.548118	2.87356
5724	-10433.43	-10933.73	500.3009	0.4363	0.251881	0.193829	0.117991	1.419754	1.144447	6.789785	2.446667
5730	-10425.94	-10926.52	500.58	0.582793	0.217768	0.0974278	0.102011	1.419754	1.188685	6.345228	3.251528
5736	-10397.2	-10898.09	500.8925	0.473824	0.22346	0.222648	0.0800682	1.031868	1.097757	6.465928	3.1116
5742	-10402.11	-10901.95	499.846	0.408889	0.244401	0.215055	0.131655	1.302069	1.080598	6.901603	3.1116
5748	-10403.13	-10903.61	500.4772	0.431789	0.310746	0.0681644	0.1893	1.352193	1.117063	6.888092	2.062619
5754	-10381.58	-10882.23	500.6503	0.490725	0.284689	0.0874287	0.137158	1.427654	1.068785	6.520558	2.781286
5760	-10392.2	-10891.89	499.6892	0.478164	0.315809	0.0284785	0.177548	1.425189	1.034953	7.058815	2.781286
5766	-10406.26	-10907.43	501.168	0.521425	0.344382	0.0310551	0.103138	1.398956	1.101667	5.875455	3.960879
5772	-10397.98	-10899.27	501.2921	0.46285	0.324686	0.0837236	0.128741	1.359461	1.09699	6.310028	2.441041
5778	-10394.31	-10894.5	500.1977	0.488522	0.287689	0.0883675	0.135421	1.359461	1.11707	6.891232	2.441041
5784	-10380.54	-10880.52	499.9724	0.442108	0.260356	0.137428	0.160109	1.4544	1.010739	7.116657	2.194542
5790	-10390.78	-10891.31	500.5325	0.442108	0.260356	0.137428	0.160109	1.545	1.003539	6.84443	2.022666
5796	-10396.71	-10897.06	500.3566	0.405466	0.319856	0.162877	0.111801	1.458753	1.073535	6.84443	2.271742
5802	-10396.48	-10897.82	501.3382	0.439873	0.273165	0.191481	0.0954805	1.37005	1.068149	6.356276	2.278169
5808	-10388.23	-10889.64	501.4108	0.45823	0.284565	0.145281	0.111923	1.346227	1.095288	6.507725	1.797956
5814	-10400.26	-10900.96	500.6998	0.408817	0.324121	0.162093	0.104968	1.197385	1.081427	6.341912	3.607595
5820	-10401.57	-10901.45	499.8815	0.492715	0.242313	0.121181	0.14379	1.488208	1.034568	6.728513	3.402438
5826	-10409.6	-10910.12	500.5134	0.554743	0.141529	0.0859831	0.217745	1.728332	1.044086	6.60975	2.388365
5832	-10416.12	-10915.6	499.4801	0.653405	0.102004	0.0876573	0.156934	2.326387	1.079864	6.580939	3.368748
5838	-10406.53	-10906.49	499.9532	0.57951	0.0361579	0.158941	0.225391	2.015197	1.091495	6.580939	2.921062
5844	-10410.16	-10908.56	498.3995	0.567076	0.0233701	0.155531	0.254024	1.925389	1.076864	6.705249	5.844351
5850	-10401.27	-10901.86	500.5925	0.721902	0.0220455	0.0164262	0.239626	1.925389	1.173955	5.625445	5.094618
5856	-10384.52	-10883.18	498.668	0.634051	0.109939	0.0455452	0.210465	2.031817	1.05568	6.81488	4.587141
5862	-10391.19	-10889.66	498.4671	0.675968	0.0706679	0.045884	0.20748	2.031817	1.12874	6.60779	5.79414
5868	-10401.15	-10902.32	501.1779	0.672273	0.0757481	0.0456332	0.206346	1.738364	1.138734	5.900628	3.25129
5874	-10404.42	-10905.02	500.6095	0.635736	0.0716313	0.097501	0.195132	1.695107	1.138734	5.900628	4.419717
5880	-10394.77	-10896.33	501.5538	0.521823	0.0742925	0.281423	0.122462	1.583462	1.185168	5.900628	2.758868
5886	-10407.64	-10907.94	500.2987	0.567327	0.157061	0.164306	0.111306	1.729798	1.172299	6.425234	3.059398
5892	-10408.49	-10909.8	501.3124	0.514446	0.177802	0.191881	0.115871	1.417838	1.066859	6.190672	2.712091
5898	-10403.38	-10902.35	498.9665	0.520669	0.200938	0.16112	0.117272	1.480679	1.053262	7.444471	2.682859
5904	-10394.23	-10895.46	501.2335	0.430329	0.357637	0.121822	0.0902123	1.205091	1.041419	6.545451	2.185073
5910	-10395.38	-10896.42	501.0388	0.430329	0.357637	0.121822	0.0902123	1.291895	1.155442	6.545451	2.185073
5916	-10391.52	-10891.79	500.2694	0.424975	0.31728	0.113156	0.144589	1.25519	1.138117	6.571993	3.414717
5922	-10404.09	-10902.2	498.1098	0.465272	0.301055	0.0709818	0.162691	1.464466	1.102286	7.077282	5.718535
5928	-10393.29	-10893.22	499.9322	0.454409	0.336637	0.0566871	0.152266	1.402235	1.135812	6.312077	4.800035
5934	-10397.07	-10897.59	500.5154	0.408752	0.334179	0.120102	0.136967	1.324182	1.114426	6.80918	2.251109
5940	-10401.22	-10900.59	499.3739	0.412524	0.335787	0.12068	0.131009	1.263241	1.003705	7.260841	2.971815
5946	-10417.52	-10918.16	500.639	0.475415	0.234526	0.139078	0.150982	1.263241	1.079028	6.538238	2.971815
5952	-10418.23	-10918.49	500.2619	0.5108	0.0917165	0.267543	0.12994	1.266653	1.079028	6.68399	3.148446
5958	-10411.09	-10911.63	500.5375	0.597052	0.0755456	0.220372	0.10703	1.392987	1.084369	6.364377	3.49397
5964	-10406.61	-10907.24	500.624	0.505421	0.092725	0.270485	0.131369	1.56002	1.128794	6.619268	2.281853
5970	-10399.73	-10897.41	497.6803	0.583812	0.152573	0.134653	0.128963	1.467174	1.045553	8.157171	2.638635
5976	-10400.17	-10902.05	501.8756	0.387798	0.373679	0.152859	0.0856639	1.163369	1.105568	6.589624	1.26453
5982	-10391.94	-10893.24	501.3073	0.410284	0.378263	0.151522	0.0599306	1.062072	1.124451	6.589624	2.046779
5988	-10413.27	-10914.62	501.3494	0.37783	0.348341	0.185584	0.0882448	0.8901352	1.105575	6.589624	2.254034
5994	-10393.38	-10895.54	502.1563	0.37783	0.348341	0.185584	0.0882448	1.209788	1.205772	6.022683	2.008645
6000	-10409.57	-10912.47	502.8939	0.336326	0.403019	0.190353	0.0703021	1.050681	1.184878	5.965338	1.442902
6006	-10399.29	-10901.61	502.3153	0.401571	0.356352	0.128548	0.113529	1.142642	1.209181	5.74354	2.599474
6012	-10403.08	-10905.3	502.2208	0.362913	0.322047	0.212441	0.1026	1.138919	1.107886	6.430331	1.232253
6018	-10428.8	-10929.38	500.5817	0.423969	0.376228	0.0799418	0.119861	1.335224	1.093786	6.623983	2.678809
6024	-10412.98	-10913.64	500.6536	0.514655	0.136057	0.202625	0.146663	1.270336	1.174226	6.751935	2.191111
6030	-10416.23	-10916.2	499.9766	0.592448	0.0684037	0.233253	0.105896	1.551429	1.131824	6.278497	4.561106
6036	-10405.86	-10906.64	500.785	0.593786	0.131269	0.144004	0.130941	1.562528	1.137399	6.319591	2.8632
6042	-10404.17	-10906.33	502.1557	0.552806	0.16222	0.16307	0.121904	1.385759	1.130826	5.880675	2.248619
6048	-10402.98	-10906.17	503.1889	0.504433	0.177832	0.214589	0.103146	1.002536	1.21309	5.502741	2.159312
6054	-10397.28	-10899.94	502.654	0.532358	0.15953	0.226468	0.0816438	1.34259	1.254892	5.502741	2.401325
6060	-10401.16	-10903.3	502.1457	0.534808	0.160264	0.209697	0.0952304	1.26815	1.13262	5.958392	2.210191
6066	-10386	-10887.41	501.4083	0.429031	0.28307	0.175808	0.112092	1.042861	1.165919	6.356351	2.483086
6072	-10384.26	-10884.35	500.0874	0.442102	0.276589	0.171783	0.109526	1.222347	1.142195	6.929819	2.652758
6078	-10414.74	-10914.92	500.1748	0.534372	0.209444	0.128138	0.128046	1.367776	1.00886	7.045351	2.206764
6084	-10420.1	-10921.42	501.3243	0.510528	0.205556	0.093197	0.190719	1.655896	1.237723	5.913886	2.908019
6090	-10410.43	-10910.05	499.612	0.515794	0.236077	0.10116	0.146969	1.464355	1.128513	6.474013	4.742518
6096	-10406.73	-10906.73	500.0066	0.498474	0.225279	0.134212	0.142034	1.321292	1.168078	6.474013	4.090486
6102	-10408.64	-10909.72	501.0814	0.471158	0.289547	0.0964682	0.142826	1.347559	1.157502	6.155389	3.153348
6108	-10410.9	-10910.82	499.9176	0.490762	0.301595	0.0588744	0.148769	1.244364	1.080142	6.417118	4.845761
6114	-10409.87	-10909.02	499.1534	0.532913	0.254587	0.10093	0.11157	1.806903	1.011723	7.187275	2.78359
6120	-10406.89	-10905.41	498.5236	0.573389	0.240401	0.0750937	0.111116	1.504392	1.004133	7.235677	4.239645
6126	-10399.16	-10898.97	499.8141	0.477911	0.24922	0.202943	0.0699254	1.182	1.111222	7.063568	2.801163
6132	-10407.59	-10907.57	499.9786	0.470678	0.170539	0.249795	0.108989	1.271056	1.023151	6.736285	3.574619
6138	-10405.47	-10905.68	500.213	0.546549	0.148375	0.216587	0.0884896	1.363865	1.092573	6.982487	2.204447
6144	-10396.18	-10896.71	500.5288	0.463973	0.146492	0.297645	0.0918905	1.341198	1.045598	6.761798	2.43626
6150	-10384.75	-10885.82	501.0737	0.456046	0.190214	0.268038	0.0857026	1.080691	1.140665	6.217273	3.438992
6156	-10374.44	-10876.15	501.7086	0.398536	0.344118	0.142272	0.115074	1.277968	1.145157	6.235851	2.080454
6162	-10390.75	-10892.73	501.9749	0.428431	0.318543	0.152944	0.100082	1.119702	1.145157	6.314227	1.741015
6168	-10390.07	-10891.17	501.1036	0.475102	0.254974	0.166411	0.103513	1.3534	1.062244	6.762176	1.629442
6174	-10407.7	-10907.85	500.1518	0.372895	0.391984	0.153877	0.0812448	1.062618	1.069437	6.881537	3.060117
6180	-10396.71	-10896.57	499.8628	0.388853	0.34129	0.199119	0.0707378	1.199744	0.972012	7.482975	1.792448
6186	-10400.15	-10899.32	499.1674	0.542179	0.0959936	0.277632	0.0841955	1.208163	1.0064	7.367377	3.066909
6192	-10416.65	-10918.31	501.6533	0.334381	0.4262	0.120945	0.118474	1.202651	1.071556	6.585644	1.518677
6198	-10401.75	-10903.01	501.2587	0.362357	0.405262	0.108095	0.124286	1.160691	1.069591	6.636555	1.942088
6204	-10401.23	-10902.89	501.6619	0.377023	0.371552	0.122108	0.129316	1.178604	1.097248	6.513943	1.662637
6210	-10386.05	-10887.08	501.033	0.419469	0.359995	0.114386	0.10615	1.295701	1.039354	6.819395	1.67779
6216	-10377.58	-10878.33	500.7535	0.531458	0.247291	0.129934	0.0913175	1.352274	1.125048	6.819395	1.855864
6222	-10384.83	-10885.88	501.0562	0.484849	0.225603	0.221542	0.0680062	1.206164	1.076697	6.596936	2.249623
6228	-10398.46	-10899.42	500.9666	0.428215	0.199251	0.341193	0.0313408	1.174834	1.015112	6.983245	1.557249
6234	-10397.99	-10898.9	500.9124	0.432573	0.257445	0.272176	0.037806	0.9516369	1.202267	6.219978	3.859039
6240	-10402.16	-10905.32	503.1574	0.423701	0.248723	0.269271	0.0583049	1.193747	1.201795	5.771454	1.37092
6246	-10409.34	-10911.15	501.8158	0.423701	0.248723	0.269271	0.0583049	1.107402	1.160575	6.576765	1.354822
6252	-10399.13	-10899.78	500.6572	0.439415	0.257947	0.268831	0.0338075	1.278303	1.085981	6.718926	2.389194
6258	-10404.48	-10904.33	499.8499	0.568089	0.135007	0.266324	0.0305797	1.258896	1.077011	6.925568	3.103144
6264	-10403.1	-10903.79	500.6872	0.448562	0.197682	0.239384	0.114371	1.194454	1.077011	6.824174	2.192092
6270	-10381.19	-10880.95	499.7594	0.534103	0.167017	0.20225	0.0966296	1.496434	1.090726	6.78393	3.323913
6276	-10383.8	-10884	500.2029	0.525929	0.164461	0.199155	0.110455	1.316636	1.075759	6.414179	4.112234
6282	-10388.99	-10889.89	500.9015	0.471332	0.238829	0.184747	0.105092	1.570501	1.075759	6.466285	2.352819
6288	-10390.84	-10892.05	501.2101	0.391902	0.367537	0.153613	0.0869481	1.135065	1.145315	6.765681	1.638165
6294	-10393.7	-10896.47	502.7632	0.306175	0.448726	0.167515	0.077584	0.9850083	1.091098	6.032633	1.638165
6300	-10391.38	-10893.67	502.2909	0.312702	0.436974	0.171086	0.079238	1.099432	1.168665	5.806635	2.586326
6306	-10399.97	-10902.11	502.1335	0.434113	0.341961	0.137753	0.086173	1.099639	1.137698	6.224944	1.781781
6312	-10402.86	-10904.18	501.3247	0.441135	0.357684	0.116267	0.0849142	1.343022	1.149824	6.304818	2.351526
6318	-10406.93	-10908.76	501.8306	0.4192	0.362396	0.117799	0.100606	1.159019	1.13933	6.047348	2.573108
6324	-10409.88	-10911.41	501.5223	0.374683	0.372673	0.138913	0.113732	1.199868	1.13933	6.194104	2.573108
6330	-10397.17	-10897.93	500.7681	0.453494	0.242347	0.17217	0.131989	1.118418	1.040641	6.683068	2.617179
6336	-10402.38	-10902.18	499.8039	0.584943	0.0921054	0.222075	0.100876	1.538501	1.032587	6.683068	3.623904
6342	-10408.87	-10907.64	498.7656	0.554086	0.113772	0.156955	0.175187	1.807661	1.111278	7.03903	3.77325
6348	-10387.82	-10888.22	500.3957	0.532859	0.147725	0.150941	0.168475	1.37882	1.044873	6.348165	3.919337
6354	-10374.27	-10876.23	501.9524	0.502003	0.139171	0.225343	0.133483	1.468682	1.099857	5.839983	2.596304
6360	-10393.18	-10895.06	501.8807	0.50901	0.141113	0.228488	0.121389	1.296777	1.170386	5.707189	3.248662
6366	-10389.96	-10891.46	501.5022	0.595297	0.105958	0.198595	0.10015	1.23367	1.107554	5.764887	3.985963
6372	-10400.26	-10901.2	500.9366	0.631162	0.107897	0.154757	0.106184	1.738756	1.203801	5.466933	5.238674
6378	-10382.97	-10883.03	500.0648	0.601135	0.119961	0.184597	0.094307	1.386645	1.076103	6.716708	3.201038
6384	-10380.19	-10881.65	501.4614	0.495254	0.213601	0.139384	0.151761	1.376927	1.068188	6.156843	2.631324
6390	-10382.21	-10883.24	501.0269	0.445798	0.330963	0.0793586	0.14388	1.124968	1.142316	6.581066	2.35064
6396	-10386.95	-10889.02	502.0646	0.445798	0.330963	0.0793586	0.14388	1.268456	1.15031	6.182559	1.749479
6402	-10403	-10902.32	499.324	0.432908	0.262406	0.182473	0.122213	1.449377	1.01382	7.451652	2.230697
6408	-10395.8	-10894.78	498.9772	0.498706	0.170686	0.272443	0.0581651	1.23477	0.9795689	7.476787	3.046753
6414	-10407.51	-10908.28	500.7661	0.449823	0.18112	0.344799	0.0242571	1.213118	0.9774244	6.678161	2.59262
6420	-10395.96	-10898.96	502.9985	0.3616	0.439251	0.0432173	0.155932	1.422507	1.159923	5.684452	1.543432
6426	-10409.46	-10912.35	502.8967	0.410718	0.387869	0.0239405	0.177472	1.161328	1.221784	5.289336	2.940529
6432	-10407.67	-10908.34	500.6709	0.521357	0.126797	0.290093	0.0617528	1.471713	1.109579	6.564558	2.50054
6438	-10407.71	-10907.47	499.7565	0.475389	0.144721	0.315148	0.0647421	1.325826	1.108415	6.564558	4.376982
6444	-10400.08	-10899.85	499.7713	0.474016	0.37585	0.0100123	0.140121	1.308277	0.960036	7.131443	2.722037
6450	-10394.01	-10894.47	500.4666	0.398784	0.402756	0.0480866	0.150374	1.178591	1.002323	6.792491	2.741544
6456	-10396.43	-10896.89	500.4572	0.425564	0.383091	0.0483139	0.143032	1.178591	1.050205	6.976002	2.178424
6462	-10401.74	-10903.16	501.4179	0.425564	0.383091	0.0483139	0.143032	1.251036	1.046579	6.553432	1.854338
6468	-10399.38	-10900.26	500.8823	0.406501	0.365931	0.0909424	0.136625	1.297785	1.085585	6.553432	2.483172
6474	-10399.19	-10900.56	501.3673	0.415631	0.37415	0.092985	0.117233	1.092381	1.147846	6.362018	2.483172
6480	-10414.77	-10915.53	500.7626	0.356345	0.32078	0.224972	0.097903	1.251745	1.044058	6.663594	2.483172
6486	-10399.68	-10901.37	501.6889	0.485196	0.193536	0.293756	0.0275124	1.46363	1.026081	6.377554	1.707084
6492	-10411.06	-10912.7	501.6447	0.384803	0.256228	0.318314	0.0406545	1.312004	1.120657	6.377554	1.812984
6498	-10397.7	-10899.43	501.7268	0.494268	0.1634	0.250618	0.0917135	1.311117	1.160554	6.111504	2.310534
6504	-10413.31	-10914.46	501.1464	0.391812	0.264974	0.207607	0.135607	1.321151	1.160554	6.360524	2.476382
6510	-10410.32	-10912.58	502.2568	0.464133	0.307622	0.0752332	0.153012	1.428276	1.216253	5.853897	2.00768
6516	-10420.66	-10922.65	501.9903	0.434731	0.287968	0.0954727	0.181829	1.421204	1.132203	5.999666	2.129476
6522	-10418.64	-10921.3	502.6588	0.460352	0.30494	0.0421626	0.192545	1.265219	1.109294	5.91114	1.684991
6528	-10401.56	-10903.01	501.4545	0.438511	0.331591	0.0464886	0.18341	1.343284	1.120987	6.240388	2.376885
6534	-10386.59	-10887.24	500.6485	0.568577	0.227673	0.0778197	0.125931	1.376987	1.07006	6.506337	2.897309
6540	-10382.62	-10883.41	500.7957	0.41664	0.280462	0.153714	0.149184	1.435512	1.09336	6.621223	2.235813
6546	-10395.24	-10896.65	501.4103	0.432965	0.245564	0.208148	0.113323	1.17445	1.117664	6.472128	2.063226
6552	-10390.13	-10891.07	500.9455	0.423761	0.240344	0.203723	0.132172	1.192706	1.071367	6.739258	2.063226
6558	-10396.87	-10897.2	500.3274	0.503301	0.181483	0.149163	0.166054	1.748292	1.048826	6.823683	2.063226
6564	-10389.69	-10888.5	498.8126	0.5249	0.199671	0.14412	0.131308	1.286284	1.077658	6.79299	5.741247
6570	-10411.08	-10910.83	499.7559	0.557933	0.212237	0.0902591	0.139571	1.457654	1.097164	6.523983	4.312607
6576	-10391.24	-10891.1	499.8643	0.425496	0.33017	0.0707194	0.173614	1.402061	1.150674	6.724178	3.374668
6582	-10408.51	-10909.39	500.879	0.451672	0.350482	0.0750701	0.122775	1.323392	1.117428	6.719597	1.977137
6588	-10407.83	-10909.33	501.5047	0.413984	0.427972	0.0559385	0.102106	1.115856	1.077495	6.417353	2.205122
6594	-10398.21	-10901.52	503.3134	0.397242	0.410665	0.0941161	0.0979771	1.115856	1.153617	5.657634	1.571431
6600	-10414.08	-10916.52	502.4472	0.463024	0.379339	0.0747424	0.0828944	1.208684	1.171364	5.998888	1.736173
6606	-10417.06	-10919.47	502.4117	0.427313	0.333382	0.168276	0.0710286	1.352258	1.197631	5.946671	1.702417
6612	-10421.52	-10923.72	502.1991	0.546743	0.288012	0.0743657	0.0908803	1.484846	1.196814	5.779137	2.233279
6618	-10411.38	-10912.74	501.3572	0.552562	0.183527	0.206	0.0579108	1.360863	1.154621	6.139332	2.731903
6624	-10392.44	-10893.72	501.2863	0.520327	0.0365155	0.378887	0.0642704	1.164924	1.094233	6.334835	2.658377
6630	-10389.19	-10890.35	501.1643	0.528074	0.0317938	0.352389	0.0877434	1.164924	1.122971	6.385446	2.658377
6636	-10399.43	-10899.48	500.0458	0.496463	0.089752	0.331294	0.082491	1.453817	0.9907893	7.034155	2.337398
6642	-10415.31	-10915.81	500.4957	0.504428	0.0760313	0.336609	0.0829321	1.453817	0.981013	7.048813	1.712548
6648	-10392.79	-10893.39	500.5995	0.571194	0.0401829	0.294714	0.0939091	1.2394	1.073009	6.537181	3.088682
6654	-10396.54	-10895.44	498.904	0.642781	0.045219	0.16411	0.14789	1.506305	1.004503	7.083044	4.038824
6660	-10398.67	-10898.29	499.6107	0.586419	0.068537	0.165218	0.179826	1.584742	1.108733	6.756559	3.515846
6666	-10401.27	-10901.18	499.9087	0.542559	0.187492	0.152861	0.117088	1.52635	1.071356	6.756559	3.140596
6672	-10419.62	-10920.3	500.6801	0.492682	0.170256	0.138809	0.198253	1.599868	1.012355	6.662932	2.205415
6678	-10421.22	-10922.71	501.4899	0.42207	0.37836	0.029732	0.169839	1.169867	1.033292	6.684124	1.578221
6684	-10400.25	-10900.74	500.4888	0.414446	0.321415	0.0857741	0.178365	1.487474	1.020238	6.794791	2.254737
6690	-10380.61	-10880.18	499.5755	0.428893	0.332618	0.15657	0.0819196	1.065318	1.07604	7.240781	2.893025
6696	-10394.83	-10895.95	501.1134	0.388488	0.386646	0.12964	0.095226	1.119446	0.9994656	6.760047	1.976912
6702	-10399.27	-10900.83	501.5621	0.329002	0.508897	0.00872024	0.153381	1.098214	1.081244	6.752372	1.373874
6708	-10396.72	-10899.42	502.6993	0.34527	0.506048	0.0236602	0.125022	1.174845	1.084768	6.141402	1.277781
6714	-10421.57	-10922.04	500.4691	0.434842	0.365324	0.0443099	0.155525	1.385848	1.103384	6.734261	2.455289
6720	-10395.57	-10896.48	500.9123	0.420472	0.353251	0.075891	0.150386	1.288087	1.099189	6.321609	3.11196
6726	-10387.38	-10889.1	501.7194	0.419831	0.352712	0.0867815	0.140675	1.320026	1.157263	6.051733	2.475141
6732	-10380.21	-10881.57	501.3641	0.538006	0.231136	0.0880791	0.142779	1.445436	1.160537	5.723379	3.925272
6738	-10394.52	-10896.06	501.5382	0.523993	0.18606	0.150888	0.13906	1.42249	1.208886	5.723379	3.539116
6744	-10382.75	-10885.97	503.2247	0.501738	0.199297	0.161622	0.137343	1.273444	1.234942	5.297201	2.23631
6750	-10384.51	-10886.28	501.7731	0.486838	0.205256	0.166455	0.141451	1.253456	1.167109	6.033151	2.522771
6756	-10389.86	-10891.33	501.4648	0.555353	0.137456	0.188579	0.118612	1.230728	1.11143	6.11741	2.884787
6762	-10383.35	-10884.85	501.504	0.365988	0.359857	0.175605	0.09855	1.024232	1.106499	6.27148	2.695208
6768	-10382.57	-10884.02	501.4519	0.366591	0.360451	0.175895	0.0970635	1.039603	1.056633	6.493531	2.215893
6774	-10402.95	-10904.57	501.621	0.371202	0.381094	0.145081	0.102622	1.024245	1.013669	6.783131	1.40115
6780	-10398.33	-10901.07	502.7355	0.36683	0.376605	0.14644	0.110125	1.131355	1.109119	6.001284	1.546712
6786	-10398.86	-10899.17	500.3045	0.397674	0.367868	0.102525	0.131934	1.131355	1.006571	7.078902	2.249092
6792	-10393.62	-10895.64	502.0284	0.408907	0.274734	0.180699	0.13566	1.285785	1.143361	6.116801	1.938554
6798	-10390.12	-10891.8	501.6891	0.373003	0.411287	0.0829979	0.132712	0.9963495	1.041781	6.507089	1.938554
6804	-10404.51	-10906.21	501.696	0.390113	0.430153	0.0919783	0.0877554	1.325737	1.057854	6.300692	1.995557
6810	-10410.79	-10912.59	501.8005	0.326927	0.445768	0.0770808	0.150224	1.019588	1.094716	6.31243	2.169896
6816	-10408.23	-10909.65	501.4235	0.385567	0.338209	0.137896	0.138328	1.237025	1.114491	6.468168	1.980689
6822	-10401.29	-10903.17	501.8845	0.385567	0.338209	0.137896	0.138328	1.312683	1.136142	6.173671	1.967455
6828	-10421.03	-10922.88	501.8465	0.445843	0.203661	0.190543	0.159953	1.613511	1.017598	6.116034	1.967455
6834	-10419.37	-10918.83	499.4612	0.562461	0.160802	0.150445	0.126292	1.61811	1.175236	6.311585	5.376204
6840	-10420.81	-10921.73	500.9237	0.541082	0.116517	0.21627	0.126131	1.203796	1.232256	6.219862	3.323097
6846	-10405.49	-10907.61	502.1238	0.391835	0.31116	0.187064	0.109941	1.203796	1.24389	5.789153	2.623153
6852	-10414.92	-10917.14	502.2201	0.534993	0.227569	0.0873281	0.150109	1.331756	1.17019	5.84989	2.250292
6858	-10422.06	-10921.86	499.801	0.44914	0.270714	0.11845	0.161696	1.692109	1.050374	6.8498	2.8364
6864	-10417.74	-10917.82	500.0818	0.50595	0.234714	0.109651	0.149685	1.277815	1.128836	6.8498	2.8364
6870	-10421.64	-10923.05	501.4095	0.493537	0.220512	0.194897	0.0910546	1.002102	1.08634	6.052193	3.622361
6876	-10415.73	-10917.02	501.2834	0.478299	0.213703	0.207421	0.100576	1.432254	1.043632	6.479121	1.999158
6882	-10412.97	-10912.57	499.5984	0.531045	0.111021	0.253688	0.104246	1.342503	1.129191	6.677477	4.196358
6888	-10421.86	-10923.03	501.1758	0.464878	0.149526	0.265302	0.120294	1.436681	1.044244	6.336619	2.517901
6894	-10411.91	-10913.89	501.9835	0.435682	0.234807	0.229993	0.0995182	1.192954	1.151273	6.03543	2.313406
6900	-10401.44	-10903.97	502.5258	0.458605	0.247161	0.189481	0.104754	1.014858	1.200815	6.03543	1.751808
6906	-10395.2	-10896.4	501.1959	0.433333	0.259344	0.236488	0.0708351	1.252979	1.107887	6.683304	1.751808
6912	-10409.49	-10910.89	501.3972	0.439866	0.277367	0.179694	0.103073	1.120001	1.073583	6.648557	1.780819
6918	-10412.32	-10912.22	499.9006	0.447433	0.282138	0.190575	0.0798537	1.167415	1.100608	6.790865	3.568437
6924	-10396.06	-10896.08	500.0156	0.532063	0.225853	0.121865	0.12022	1.345297	1.0122	6.944691	2.748728
6930	-10388.22	-10889.03	500.8108	0.490073	0.306285	0.102513	0.101129	1.433255	1.0122	6.991959	1.448348
6936	-10380.93	-10880.99	500.053	0.482612	0.301623	0.0519043	0.163861	1.61803	1.064672	6.650848	3.107391
6942	-10388.36	-10890.53	502.1685	0.45249	0.150585	0.261943	0.134982	1.420772	1.182701	5.800024	2.322595
6948	-10403.59	-10905.66	502.0717	0.571408	0.150863	0.164871	0.112859	1.814918	1.192196	5.617019	2.457892
6954	-10382.85	-10884.7	501.8479	0.478731	0.185825	0.202524	0.13292	1.370843	1.146443	6.161406	1.962496
6960	-10393.09	-10895.18	502.0944	0.499479	0.193879	0.139456	0.167186	1.66044	1.204352	5.752418	2.22999
6966	-10406.34	-10907.93	501.5966	0.549686	0.22703	0.0979517	0.125333	1.66044	1.14924	5.911098	2.617701
6972	-10406.25	-10906.99	500.7464	0.526762	0.233822	0.0545087	0.184907	1.619467	1.139768	6.284967	2.948667
6978	-10386.44	-10886.36	499.9199	0.506509	0.292857	0.0228355	0.177798	1.376088	1.057767	7.068431	2.430919
6984	-10387.51	-10888.34	500.828	0.494346	0.285825	0.065972	0.153857	1.246714	1.097102	6.401129	3.074548
6990	-10381.94	-10882.57	500.6333	0.464712	0.2902	0.119502	0.125586	1.448231	1.096374	6.658424	2.349575
6996	-10390.34	-10892.12	501.7757	0.482983	0.246684	0.124201	0.146132	1.370892	1.145874	6.091985	2.235752
7002	-10414.98	-10917.21	502.229	0.38204	0.362478	0.14077	0.114712	1.014001	1.119865	6.128878	2.019285
7008	-10407	-10907.14	500.1445	0.415596	0.351086	0.110456	0.122861	1.049142	1.048589	7.106007	2.463828
7014	-10405.76	-10908.77	503.0082	0.502101	0.23204	0.150607	0.115252	1.316341	1.114695	5.490518	2.161525
7020	-10422.52	-10924.42	501.8995	0.359596	0.504506	0.0380108	0.0978868	1.58164	1.153472	5.816464	2.513535
7026	-10405.83	-10909.12	503.2888	0.370525	0.503896	0.0278107	0.0977684	1.563279	1.182544	5.395881	1.651274
7032	-10408.57	-10911.5	502.9317	0.377636	0.388736	0.158203	0.0754246	1.248573	1.206161	5.885304	1.328578
7038	-10426.75	-10929.91	503.1674	0.35625	0.449134	0.118227	0.0763889	0.9095275	1.108336	5.99095	1.328578
7044	-10425.86	-10929.24	503.3834	0.257609	0.601661	0.0854914	0.0552378	0.8226067	1.153067	5.656914	1.851244
7050	-10413.49	-10915.7	502.2033	0.246977	0.596928	0.103235	0.0528604	0.9931783	1.113717	6.421388	1.420759
7056	-10401.79	-10904.61	502.8192	0.311635	0.471253	0.130261	0.0868512	1.074609	1.179495	5.949471	1.542039
7062	-10398.82	-10899.98	501.1634	0.352892	0.403352	0.146247	0.0975096	1.140438	1.120074	6.89131	1.443254
7068	-10405.24	-10907.26	502.0255	0.367771	0.349977	0.180631	0.101621	1.088531	1.136355	6.443664	1.443254
7074	-10407.66	-10909.16	501.5003	0.352057	0.361383	0.201087	0.0854719	0.8623529	1.120379	6.591689	2.058908
7080	-10412.66	-10913.75	501.0947	0.298889	0.485294	0.148962	0.0668549	0.9276101	1.120751	6.520248	2.748255
7086	-10412.59	-10914.91	502.3176	0.416408	0.43405	0.10024	0.0493022	0.8689048	1.137907	6.096678	2.155206
7092	-10395.35	-10897.69	502.3337	0.359416	0.347133	0.250898	0.0425543	1.067544	1.133345	6.136835	1.778496
7098	-10395.6	-10897.28	501.6799	0.412431	0.261996	0.277436	0.0481359	1.067544	1.142756	6.350134	2.108839
7104	-10370.22	-10871.98	501.7613	0.365419	0.456097	0.128535	0.0499492	0.7857967	1.080407	6.721908	1.575117
7110	-10382	-10882.56	500.5629	0.34793	0.434267	0.10183	0.115973	1.060267	1.059785	7.091737	1.888453
7116	-10378.12	-10879.1	500.9794	0.421649	0.379303	0.102238	0.0968096	1.060267	1.111618	6.818632	1.938811
7122	-10387.04	-10888.7	501.6641	0.413559	0.372025	0.100276	0.11414	1.116391	1.115903	6.284285	2.271393
7128	-10389.52	-10890.08	500.5661	0.478183	0.264348	0.125492	0.131976	1.224417	1.020246	6.897571	2.2111
7134	-10414.16	-10914.53	500.3724	0.478183	0.264348	0.125492	0.131976	1.224417	1.001242	6.766858	2.902004
7140	-10417.84	-10917.5	499.6614	0.418728	0.326474	0.127827	0.12697	1.224349	1.025455	7.025883	3.251818
7146	-10409.29	-10910.43	501.1368	0.290662	0.482998	0.115573	0.110768	0.8023789	1.013199	7.097719	1.548032
7152	-10393.38	-10895.82	502.4329	0.392926	0.312221	0.169356	0.125496	1.104903	1.136424	6.164583	1.548032
7158	-10390.85	-10892.25	501.4026	0.370637	0.351237	0.159749	0.118377	1.051787	1.053311	6.741246	1.669401
7164	-10390.91	-10892.69	501.7784	0.37835	0.358547	0.142262	0.120841	0.9527053	1.143872	6.52081	1.718866
7170	-10397.54	-10899.22	501.6843	0.3902	0.250893	0.234281	0.124626	1.303	1.171596	5.909859	2.940711
7176	-10374.65	-10876.37	501.7165	0.481039	0.213519	0.199381	0.106061	1.148701	1.171596	6.155951	2.411695
7182	-10382.42	-10882.95	500.5338	0.524745	0.157673	0.178684	0.138898	1.396182	1.108429	6.632576	2.620763
7188	-10388.79	-10889.51	500.7227	0.527997	0.15865	0.179791	0.133561	1.396182	1.107079	6.489213	2.741632
7194	-10382.07	-10882.26	500.1825	0.472177	0.24279	0.21387	0.0711633	1.403751	1.067443	7.078064	1.989553
7200	-10383.26	-10884.06	500.7993	0.50032	0.24571	0.181951	0.0720193	1.372997	1.096631	6.568104	2.448403
7206	-10394.73	-10895.51	500.7783	0.475027	0.173045	0.286523	0.0654051	1.359275	1.108218	6.579835	2.448403
7212	-10403.18	-10904.27	501.0882	0.470958	0.180127	0.284069	0.0648449	1.130886	1.092231	6.541607	2.432657
7218	-10397.19	-10898.23	501.0408	0.536934	0.205361	0.183776	0.073929	1.24534	1.181921	6.0093	3.846002
7224	-10384.37	-10886.61	502.2387	0.571382	0.148517	0.195566	0.084535	1.346687	1.187995	5.61619	2.819825
7230	-10394.85	-10895.39	500.5371	0.571382	0.148517	0.195566	0.084535	1.590817	1.16573	6.232219	3.478132
7236	-10394.64	-10895.98	501.3323	0.524365	0.149246	0.236211	0.0901778	1.51243	1.078656	6.230185	2.427141
7242	-10387.4	-10887.76	500.3651	0.516113	0.179536	0.223281	0.081071	1.173719	1.146378	6.620856	3.206068
7248	-10389.15	-10891.19	502.0351	0.481792	0.214549	0.219048	0.0846114	1.265018	1.129124	6.108429	1.994034
7254	-10392.38	-10893.81	501.4359	0.471667	0.194093	0.195526	0.138714	1.216454	1.101192	6.359329	2.28474
7260	-10397.21	-10898.58	501.3775	0.539487	0.114065	0.282937	0.0635108	1.677228	1.167944	6.210369	2.091586
7266	-10394.76	-10895.57	500.8117	0.527604	0.217132	0.162483	0.0927811	1.371224	1.167944	6.334706	2.997597
7272	-10388.62	-10890.16	501.5391	0.505927	0.199092	0.208677	0.0863035	1.13831	1.192173	6.043423	2.997597
7278	-10402.93	-10905.3	502.3676	0.520862	0.157659	0.232629	0.088851	1.199018	1.195705	5.550172	3.016863
7284	-10413.86	-10917.06	503.2031	0.522645	0.154996	0.218058	0.104302	1.199018	1.193673	5.550172	1.799399
7290	-10410.88	-10911.24	500.3615	0.48107	0.222213	0.200712	0.0960053	1.490908	1.041808	6.92639	2.059174
7296	-10430.02	-10931.25	501.2236	0.51629	0.238481	0.147789	0.0974401	1.113656	1.017675	6.457216	2.600937
7302	-10427.69	-10927.22	499.5346	0.536946	0.178277	0.153701	0.131076	1.370958	0.9610074	7.239304	2.687864
7308	-10418.36	-10916.53	498.1683	0.625964	0.144948	0.122517	0.106571	1.391453	1.094247	6.895519	6.654452
7314	-10424.45	-10925.42	500.9776	0.62054	0.120526	0.137895	0.121038	1.56868	1.07204	5.937431	3.881021
7320	-10404.5	-10906.59	502.0859	0.64694	0.125654	0.0903308	0.137075	1.56868	1.143362	5.63651	2.766169
7326	-10403.99	-10903.97	499.9728	0.595566	0.195086	0.0831576	0.12619	1.300913	1.097532	6.556558	4.031213
7332	-10384.44	-10885.47	501.0275	0.558119	0.0746543	0.25294	0.114287	1.582033	1.169651	6.076192	3.123915
7338	-10392.58	-10891.69	499.1086	0.565262	0.0756098	0.256177	0.10295	1.845609	1.007207	7.086826	3.123915
7344	-10373.27	-10873.48	500.2107	0.522891	0.168289	0.22895	0.0798705	1.444169	1.162953	6.587575	3.123915
7350	-10390.59	-10892.53	501.9449	0.530606	0.170772	0.217574	0.0810489	1.246631	1.085987	5.848547	2.922894
7356	-10397.15	-10899.2	502.0476	0.500185	0.122194	0.263146	0.114476	1.274646	1.156375	5.848547	2.606268
7362	-10409.17	-10910.48	501.3112	0.590597	0.126031	0.148204	0.135168	1.730559	1.170393	5.848547	3.141425
7368	-10403.66	-10905.38	501.7209	0.526478	0.18772	0.149475	0.136328	1.4771	1.142483	5.98811	2.460763
7374	-10409.48	-10909.95	500.4737	0.520998	0.192169	0.180826	0.106006	1.471975	1.141631	6.522069	2.881629
7380	-10431.78	-10932.66	500.8793	0.429921	0.302084	0.176608	0.0913864	1.324995	1.140027	6.482518	2.56566
7386	-10406.85	-10907.32	500.47	0.430706	0.297484	0.173919	0.0978913	1.244987	1.043624	6.884564	2.321593
7392	-10395.03	-10896.24	501.2122	0.434691	0.31046	0.152688	0.102161	1.212539	1.034812	6.654016	1.941883
7398	-10387.5	-10888.22	500.7228	0.43887	0.304256	0.132743	0.12413	1.185266	1.008339	6.946308	1.941883
7404	-10400.93	-10900.95	500.021	0.422763	0.352554	0.148727	0.0759569	1.086801	0.9794349	7.475518	1.738207
7410	-10395.65	-10896.34	500.6878	0.36958	0.402581	0.174905	0.0529345	0.9135351	0.9975861	7.037294	2.136445
7416	-10385.18	-10887.52	502.3341	0.324342	0.420579	0.181627	0.0734524	0.9992801	1.122998	6.435093	1.231981
7422	-10382.63	-10885.4	502.7716	0.364086	0.338778	0.243873	0.0532631	0.8797094	1.137594	6.25568	1.231981
7428	-10401.26	-10904.83	503.575	0.369228	0.343563	0.211478	0.0757312	0.9744548	1.232048	5.781377	1.101168
7434	-10383.04	-10883.22	500.1788	0.36101	0.335915	0.229029	0.0740455	1.162343	1.115405	7.009733	2.416314
7440	-10394.6	-10895.92	501.3157	0.387753	0.360799	0.102062	0.149386	0.9870533	1.169417	6.598679	2.052754
7446	-10402.15	-10902.13	499.9755	0.395652	0.36815	0.0837682	0.15243	1.061922	1.067939	7.17714	2.47093
7452	-10404.06	-10903.67	499.6139	0.362071	0.435072	0.0989954	0.103862	1.302748	1.023838	7.569255	1.717966
7458	-10407.72	-10907.42	499.6966	0.411828	0.367391	0.133076	0.0877048	1.190505	1.086206	7.144358	2.77586
7464	-10404.91	-10906.48	501.5735	0.360879	0.398922	0.116613	0.123586	1.054371	1.065659	6.666351	1.612435
7470	-10399.23	-10900.67	501.4392	0.392468	0.336588	0.17533	0.0956138	1.054371	1.070616	6.759124	1.562052
7476	-10403.08	-10904.32	501.2394	0.327008	0.44724	0.146086	0.0796662	1.027871	1.064338	6.636142	2.15035
7482	-10414.72	-10915.26	500.5366	0.377188	0.371477	0.185165	0.0661706	1.027871	1.052727	6.997223	2.213375
7488	-10411.4	-10912.37	500.9656	0.364543	0.359024	0.21248	0.0639523	1.053235	1.094159	6.997223	1.573391
7494	-10401.7	-10901.52	499.82	0.373159	0.336819	0.206556	0.0834656	1.053235	1.019051	7.287513	2.482024
7500	-10429.55	-10929.74	500.1899	0.559941	0.0745689	0.315953	0.0495374	1.468555	1.050567	6.698576	2.966392
7506	-10406.85	-10906.18	499.3314	0.558708	0.101903	0.281635	0.0577542	1.617883	1.013718	7.288429	2.452378
7512	-10400.17	-10900.61	500.4367	0.473218	0.121793	0.331705	0.0732833	1.16423	0.9666959	7.056917	2.133132
7518	-10392.75	-10893.66	500.9093	0.427658	0.238599	0.29977	0.0339728	1.012234	1.006066	6.860963	2.133132
7524	-10388.3	-10889.8	501.4979	0.427658	0.238599	0.29977	0.0339728	1.144913	1.070904	6.437552	2.133132
7530	-10397.63	-10900.56	502.9221	0.282073	0.514559	0.130076	0.0732919	0.9820089	1.192736	6.040833	1.324141
7536	-10393.46	-10896.59	503.1285	0.35767	0.416186	0.127248	0.0988961	1.098702	1.156271	5.841884	1.412276
7542	-10383.61	-10886.84	503.2233	0.341185	0.397005	0.176741	0.0850691	1.098702	1.212903	5.759045	1.412276
7548	-10403.07	-10905.91	502.8377	0.374971	0.297281	0.194242	0.133506	1.189864	1.118341	5.759045	1.887025
7554	-10403.68	-10905.56	501.8839	0.379461	0.35363	0.154762	0.112147	1.189864	1.205115	5.825492	2.98462
7560	-10410.71	-10914.67	503.9604	0.303253	0.421102	0.142102	0.133544	1.038167	1.211811	5.42106	1.343931
7566	-10391.91	-10893.79	501.8747	0.317033	0.440237	0.103118	0.139612	1.067805	1.051087	6.346308	1.979158
7572	-10391.03	-10892.29	501.2561	0.35584	0.494125	0.00787067	0.142164	1.268454	1.106555	6.53144	2.019728
7578	-10408.4	-10909.7	501.2998	0.485349	0.290746	0.0299998	0.193905	1.179852	1.145887	6.53144	2.019728
7584	-10414.25	-10914.8	500.5475	0.488802	0.282657	0.04003	0.188511	1.210191	1.179399	6.53144	3.060983
7590	-10407.43	-10905.08	497.6574	0.497141	0.287479	0.0240744	0.191305	1.892925	1.038797	7.678431	3.625358
7596	-10419.75	-10919.88	500.1281	0.50785	0.171866	0.124858	0.195426	1.486402	1.067445	6.720995	2.946536
7602	-10387.95	-10888.58	500.6318	0.497939	0.286243	0.125622	0.090196	1.209017	1.028902	6.721994	2.60117
7608	-10411.97	-10911.63	499.6522	0.435011	0.268115	0.218077	0.0787973	1.304508	1.098446	6.787686	3.811983
7614	-10420.15	-10922.06	501.9103	0.413632	0.304084	0.20736	0.0749248	1.183289	1.119001	6.229236	1.979993
7620	-10412.96	-10914.16	501.1963	0.412659	0.303368	0.206744	0.0772285	1.183289	1.070611	6.353122	2.756598
7626	-10424.43	-10925.08	500.6551	0.443903	0.326337	0.146685	0.0830757	0.9979057	1.203273	6.391402	3.655828
7632	-10402.82	-10903.95	501.1227	0.429524	0.2528	0.150482	0.167194	1.040857	1.131931	6.285573	3.213468
7638	-10400.07	-10902.95	502.8738	0.323078	0.45616	0.143028	0.0777334	0.8668163	1.145617	5.884095	1.923825
7644	-10403.85	-10904.71	500.8667	0.466845	0.221981	0.215373	0.0958014	1.072342	1.057772	6.733134	2.371819
7650	-10402.01	-10903.13	501.1221	0.300065	0.41849	0.17567	0.105774	1.03996	1.124484	6.733134	1.968814
7656	-10421.57	-10921.81	500.244	0.464267	0.217356	0.15472	0.163656	1.322161	1.108378	6.868774	2.49751
7662	-10422.32	-10924.46	502.1376	0.414127	0.380109	0.0804119	0.125352	1.404944	1.136804	5.91916	2.143162
7668	-10421.91	-10922.93	501.0246	0.417162	0.278497	0.166622	0.137719	1.251493	1.106768	6.64053	2.080966
7674	-10412.54	-10914.35	501.8152	0.381183	0.316707	0.152252	0.149858	1.231938	1.14406	6.201527	2.080966
7680	-10418.28	-10919.1	500.8192	0.511563	0.102075	0.321325	0.0650372	1.308413	1.02942	6.336359	3.315676
7686	-10401.81	-10902.56	500.7506	0.415449	0.349488	0.182246	0.0528178	1.168362	1.012933	6.728754	2.484547
7692	-10403.51	-10905.36	501.8475	0.397466	0.366578	0.180556	0.0554006	0.9416183	1.102543	6.460495	1.837741
7698	-10401.24	-10901.86	500.6247	0.402201	0.3755	0.166237	0.0560607	1.216022	1.080337	6.704953	2.571565
7704	-10408.03	-10910.1	502.0746	0.402345	0.375634	0.166297	0.0557243	1.216022	1.084462	6.246162	1.734154
7710	-10410.75	-10913.54	502.7825	0.367118	0.347802	0.222424	0.0626555	1.153468	1.109295	6.007713	1.45377
7716	-10413.17	-10913.49	500.3205	0.431688	0.304289	0.209206	0.0548167	1.39683	1.089802	6.743055	2.662476
7722	-10383.39	-10884.15	500.7609	0.393412	0.277309	0.217503	0.111775	0.9348173	1.089802	6.743055	2.662476
7728	-10396.65	-10897.13	500.4786	0.488793	0.228592	0.150713	0.131902	1.258787	1.054314	6.830348	2.421437
7734	-10410.89	-10910.61	499.723	0.565238	0.101036	0.171978	0.161748	1.608059	1.131632	6.708792	3.3951
7740	-10412.83	-10912.92	500.0851	0.564129	0.126463	0.159446	0.149962	1.514871	1.060686	6.708792	3.026173
7746	-10400.67	-10900.02	499.355	0.539831	0.114243	0.163932	0.181994	1.395976	1.107795	6.723143	4.474535
7752	-10383.87	-10885.05	501.1794	0.58582	0.0961416	0.177897	0.140141	1.628389	1.099778	6.244966	2.436935
7758	-10385.56	-10885.93	500.3743	0.582575	0.095609	0.210607	0.111209	1.268351	1.018993	6.743479	2.873781
7764	-10403.5	-10903.25	499.7414	0.563623	0.066961	0.20113	0.168286	1.499963	1.14105	6.665578	3.660423
7770	-10389.97	-10890.29	500.3217	0.593448	0.0579255	0.246728	0.101898	1.433766	1.098942	6.640915	2.895455
7776	-10389.97	-10891.11	501.1378	0.564676	0.119697	0.189939	0.125688	1.363845	1.07723	6.413191	2.411525
7782	-10389.61	-10891.35	501.7438	0.512437	0.151	0.234838	0.101725	1.363845	1.05164	6.097775	2.411525
7788	-10408.98	-10908.78	499.7948	0.501459	0.170285	0.199656	0.128601	1.516768	1.065162	7.072517	2.411525
7794	-10400.31	-10900.16	499.8452	0.529836	0.153461	0.192629	0.124075	1.367089	1.091529	6.771841	3.412887
7800	-10400.73	-10901.93	501.1975	0.538975	0.218458	0.122754	0.119812	1.174502	1.139972	6.070348	3.542302
7806	-10419.37	-10919.74	500.3729	0.419782	0.32221	0.135096	0.122912	1.128022	0.9483873	7.079309	2.238076
7812	-10428.3	-10931.62	503.3261	0.419782	0.32221	0.135096	0.122912	1.128022	1.163709	5.547597	1.773487
7818	-10422.15	-10923.52	501.3669	0.394124	0.361803	0.104155	0.139918	1.123203	1.122896	6.268156	2.742352
7824	-10416.78	-10918	501.2166	0.424572	0.33698	0.146276	0.0921728	1.107001	1.09899	6.478074	2.440324
7830	-10404.7	-10906.06	501.364	0.365546	0.425313	0.128297	0.080844	1.107001	1.087634	6.544981	2.072225
7836	-10383.61	-10885.99	502.3828	0.393615	0.341568	0.185951	0.0788652	1.212453	1.143846	5.884216	2.126023
7842	-10422.7	-10924.15	501.4447	0.327473	0.383229	0.203142	0.0861562	1.194326	1.023081	6.439602	2.202826
7848	-10395.05	-10895.94	500.8964	0.318165	0.411509	0.197369	0.072957	0.9619476	1.049799	7.084045	1.625188
7854	-10398.32	-10899.98	501.6587	0.323321	0.406797	0.200567	0.0693151	1.007975	1.073011	6.597278	1.711123
7860	-10402.7	-10904.94	502.2366	0.438629	0.27614	0.191195	0.0940355	1.199666	1.064653	6.026781	2.093476
7866	-10405.61	-10905.98	500.3663	0.433132	0.272693	0.201318	0.0928569	0.9531298	1.031709	7.044616	2.471544
7872	-10408.81	-10910.48	501.6633	0.307918	0.448731	0.152889	0.0904621	0.8924689	1.00985	6.830323	1.409473
7878	-10404.82	-10906.51	501.6877	0.353475	0.367169	0.17551	0.103846	0.8734469	1.068771	6.830323	1.33832
7884	-10433.68	-10934.92	501.2481	0.421452	0.330049	0.193415	0.0550837	1.117156	1.126281	6.765022	1.637558
7890	-10426.5	-10928.89	502.3822	0.440489	0.300343	0.202152	0.057016	0.9324804	1.15165	5.998955	2.204878
7896	-10409.5	-10910.66	501.1582	0.429376	0.306308	0.206167	0.0581485	1.028979	1.109033	6.699817	2.037892
7902	-10412.4	-10913.75	501.3444	0.253441	0.501414	0.179045	0.0661002	0.7581957	1.014197	7.05709	1.447626
7908	-10406.92	-10909.64	502.7132	0.24978	0.494169	0.176458	0.0795926	0.8949218	1.075417	6.288005	1.280873
7914	-10414.3	-10916.93	502.6243	0.243946	0.482628	0.212721	0.060706	0.717607	1.100024	6.451173	1.226
7920	-10405.97	-10909.09	503.1215	0.248858	0.492346	0.196868	0.0619283	0.9308127	1.168224	5.808896	1.673464
7926	-10392.83	-10896.65	503.8178	0.272356	0.484067	0.1894	0.0541767	0.7273101	1.185505	5.784294	1.157639
7932	-10398.11	-10901.49	503.3825	0.298831	0.531121	0.110606	0.0594429	0.8933037	1.181599	5.802759	1.409721
7938	-10405.09	-10907.43	502.3416	0.448607	0.238297	0.166043	0.147054	1.228289	1.181333	5.882396	2.115312
7944	-10393.36	-10895.68	502.3156	0.448607	0.238297	0.166043	0.147054	1.446298	1.239821	5.635146	2.431035
7950	-10401.05	-10903.57	502.5216	0.475681	0.285762	0.126512	0.112044	1.517912	1.305416	5.415792	2.528767
7956	-10399.19	-10901.66	502.472	0.4328	0.350149	0.115108	0.101944	1.298428	1.270045	5.415792	2.971986
7962	-10395.68	-10896.57	500.885	0.484547	0.272451	0.12887	0.114132	1.36975	1.149061	6.421465	2.654226
7968	-10406.07	-10907.49	501.4219	0.412635	0.394693	0.0954784	0.0971937	1.261726	1.103294	6.483456	1.930183
7974	-10399.78	-10900.96	501.1842	0.435275	0.385433	0.0521781	0.127114	1.157789	1.140028	5.526723	5.773325
7980	-10403.89	-10905.8	501.91	0.405586	0.359144	0.149862	0.0854073	1.102862	1.175976	6.302071	1.832524
7986	-10389.84	-10891.93	502.0909	0.344901	0.432607	0.149864	0.0726284	1.004979	1.144655	6.228924	1.937743
7992	-10404.64	-10906.25	501.6056	0.378123	0.344813	0.19744	0.0796242	1.084325	1.137959	6.439197	1.97229
7998	-10402.77	-10904.15	501.3742	0.400869	0.326584	0.209317	0.06323	1.047183	1.107193	6.594864	1.987093
8004	-10411.37	-10912	500.6238	0.435176	0.240067	0.24023	0.0845274	1.336588	1.111259	6.594864	2.667807
8010	-10380.8	-10883.26	502.4602	0.382556	0.400037	0.158901	0.0585064	1.020469	1.068812	6.334803	1.331719
8016	-10398.64	-10900.2	501.5576	0.499415	0.222793	0.202751	0.0750416	1.265846	1.106015	6.491363	1.730571
8022	-10376.32	-10878.83	502.507	0.312433	0.474135	0.12684	0.0865923	1.051028	1.157183	6.299421	1.222984
8028	-10389.22	-10891.95	502.726	0.362181	0.419101	0.101782	0.116936	1.018159	1.153382	5.781579	2.15761
8034	-10413.7	-10915.19	501.4884	0.366865	0.370044	0.0970091	0.166081	1.018159	1.064412	6.794479	1.477393
8040	-10393.13	-10896.01	502.8831	0.379437	0.429939	0.0820419	0.108582	1.018159	1.249444	5.937177	1.477393
8046	-10398.67	-10900.05	501.3764	0.419625	0.379617	0.0647695	0.135988	1.109257	1.225759	6.245475	2.652716
8052	-10408.13	-10909.52	501.3857	0.416806	0.327679	0.138131	0.117383	1.068353	1.190334	6.21928	2.833596
8058	-10413.54	-10915.73	502.1954	0.404608	0.318089	0.145157	0.132146	1.008918	1.16529	6.21928	1.794681
8064	-10420.56	-10921.93	501.3677	0.304484	0.486834	0.109237	0.0994455	0.8004413	1.152316	6.81683	1.733262
8070	-10393.26	-10893.84	500.5757	0.373825	0.413335	0.1364	0.0764401	1.037473	1.068026	7.064427	1.956609
8076	-10427.01	-10926.73	499.7224	0.375503	0.410702	0.137012	0.0767832	1.006991	1.03503	7.064427	3.372547
8082	-10418.22	-10919.43	501.2056	0.364513	0.398682	0.146747	0.0900583	0.9562918	1.125244	6.653947	2.166477
8088	-10412.98	-10914.15	501.1713	0.347982	0.380601	0.185443	0.0859741	0.790688	1.169669	6.50851	2.808832
8094	-10406.51	-10908.46	501.95	0.351484	0.422748	0.154254	0.0715144	0.8697041	1.102183	6.080984	2.798582
8100	-10401.26	-10902.24	500.9824	0.415896	0.326845	0.153113	0.104147	1.24152	1.083914	6.879925	1.60991
8106	-10415.81	-10916.67	500.8574	0.494166	0.287476	0.0946114	0.123747	1.170694	1.108004	6.913372	1.738692
8112	-10413.88	-10915.06	501.1755	0.488552	0.28421	0.104897	0.122341	1.482607	1.108004	6.336944	2.36363
8118	-10412.44	-10913.87	501.4298	0.452904	0.294196	0.149531	0.10337	1.131939	1.174166	6.336944	2.36363
8124	-10418.4	-10919.53	501.1253	0.417939	0.277987	0.191678	0.112397	1.124527	1.096899	6.467172	2.585891
8130	-10422.62	-10922.54	499.9203	0.525227	0.178278	0.228535	0.0679604	1.53666	1.056099	7.077831	2.205613
8136	-10406.78	-10907.57	500.7908	0.34392	0.462517	0.149646	0.0439168	1.072601	1.028089	7.073277	1.670215
8142	-10407.07	-10905.69	498.6177	0.455832	0.265662	0.220299	0.0582073	1.099886	1.005163	7.806403	2.794168
8148	-10401.17	-10901.02	499.8477	0.501096	0.207045	0.224789	0.0670711	1.360581	0.9592407	7.199421	2.344687
8154	-10409.23	-10908.78	499.548	0.482921	0.254761	0.216635	0.0456823	1.152534	1.007447	7.280623	2.79175
8160	-10421.03	-10921.27	500.2447	0.343724	0.37145	0.218219	0.0666064	1.039702	0.9571455	7.186486	2.247116
8166	-10405.21	-10906.84	501.6323	0.366422	0.356404	0.212357	0.0648171	1.014065	1.029013	6.679619	1.604321
8172	-10422.69	-10924.05	501.3592	0.381515	0.322788	0.226548	0.0691484	1.014065	1.065361	6.528873	2.278324
8178	-10406.86	-10908.52	501.6653	0.370397	0.324912	0.233439	0.0712519	1.084267	1.062392	6.644735	1.520483
8184	-10401.97	-10903.64	501.6719	0.302624	0.43018	0.172859	0.0943368	1.084267	1.100516	6.319275	2.235082
8190	-10415.53	-10917.88	502.3558	0.386582	0.418927	0.0863425	0.108148	1.084267	1.081313	6.373777	1.284913
8196	-10405.9	-10906.29	500.3844	0.358041	0.387999	0.119377	0.134583	1.235817	1.075926	7.049417	1.983842
8202	-10398.97	-10901.74	502.771	0.363446	0.393856	0.121179	0.121519	1.244762	1.162136	5.702825	1.983842
8208	-10402.64	-10903.66	501.0259	0.367331	0.387377	0.122475	0.122817	1.091413	1.017379	6.724928	2.197208
8214	-10390.24	-10891.67	501.4271	0.410099	0.30842	0.15209	0.129391	1.094353	1.09281	6.802943	1.411464
8220	-10389.32	-10891.02	501.7073	0.371244	0.37732	0.0938731	0.157563	1.190072	1.037426	6.436866	1.844237
8226	-10399.74	-10901.8	502.0597	0.32054	0.461058	0.100139	0.118263	0.9111072	1.170798	6.177887	2.200225
8232	-10402.63	-10904.82	502.193	0.307136	0.411914	0.155255	0.125695	0.8559505	1.11123	6.380119	1.690324
8238	-10412.11	-10913.65	501.5423	0.304093	0.407833	0.153717	0.134357	1.092775	1.127705	6.594595	1.690324
8244	-10407.02	-10907.22	500.2062	0.466911	0.292482	0.139377	0.10123	1.092775	1.127705	6.273947	5.010218
8250	-10406.47	-10907.38	500.9088	0.437933	0.27433	0.130726	0.157011	1.405821	1.143362	6.102071	3.569282
8256	-10418.52	-10920.41	501.8862	0.437885	0.274299	0.130822	0.156993	1.161521	1.12263	5.896287	2.947589
8262	-10410.62	-10912.04	501.4163	0.389221	0.344151	0.132782	0.133846	1.176739	1.093883	6.210447	2.797388
8268	-10399.68	-10900.94	501.2612	0.544976	0.229293	0.088342	0.137389	1.529445	1.093883	6.153854	2.704022
8274	-10391.99	-10893.33	501.3392	0.529276	0.220402	0.10027	0.150052	1.566193	1.111648	5.824196	3.516786
8280	-10389.18	-10889.15	499.9718	0.415199	0.337122	0.114247	0.133432	1.211116	1.08492	6.721342	3.627877
8286	-10386.82	-10888.09	501.2678	0.478048	0.255929	0.122708	0.143315	1.09847	1.04472	6.352386	2.816052
8292	-10420.57	-10921.71	501.1356	0.444355	0.290132	0.122473	0.14304	1.211957	1.165728	6.299552	2.816052
8298	-10397.18	-10898.81	501.6303	0.344385	0.439139	0.105617	0.110859	0.9466878	1.072967	6.588126	1.845394
8304	-10400.04	-10901.72	501.6846	0.299129	0.4662	0.115953	0.118718	1.135096	1.061221	6.588126	1.564227
8310	-10394.7	-10896.5	501.7999	0.335725	0.460073	0.100898	0.103305	0.9533198	1.189059	6.588126	1.489884
8316	-10405.76	-10907.88	502.1111	0.348117	0.410519	0.0839249	0.157439	1.237715	1.183704	6.043803	2.011907
8322	-10388.77	-10888.4	499.6388	0.571644	0.22485	0.0700829	0.133423	1.63102	1.129599	6.913235	2.861656
8328	-10406.82	-10906.51	499.6901	0.462439	0.316964	0.075969	0.144629	1.578622	1.079604	6.93614	2.861656
8334	-10416.87	-10919	502.1337	0.498147	0.276051	0.0195741	0.206228	1.440756	1.242852	5.950641	1.887471
8340	-10420.47	-10921.98	501.5118	0.507141	0.281035	0.0129906	0.198833	1.354576	1.125215	6.273704	2.186855
8346	-10420.78	-10921.11	500.3295	0.559833	0.294653	0.0136201	0.131893	1.315004	1.120819	6.273704	4.294655
8352	-10404.42	-10904.87	500.4458	0.510097	0.244925	0.0647014	0.180276	1.492126	1.092561	6.729217	2.3817
8358	-10390.28	-10892.47	502.1943	0.477457	0.314143	0.0677861	0.140614	1.306196	1.194318	5.594709	3.007053
8364	-10393.53	-10895.55	502.0184	0.385392	0.389086	0.108614	0.116908	1.306196	1.206837	5.803069	2.657218
8370	-10395.66	-10895.41	499.7547	0.569634	0.162762	0.160538	0.107066	1.757356	1.184725	6.474465	3.817594
8376	-10412.04	-10913.46	501.4261	0.498845	0.110504	0.29689	0.0937613	1.307018	1.301894	5.709966	3.817594
8382	-10398.96	-10900.46	501.4984	0.503848	0.109401	0.293926	0.0928253	1.287989	1.144252	6.239311	2.355277
8388	-10395.38	-10898.2	502.8174	0.381792	0.34719	0.222722	0.0482964	0.8910714	1.159144	5.78338	2.196796
8394	-10419.08	-10920.72	501.6392	0.349714	0.401396	0.204946	0.0439441	0.9098097	1.231901	6.359424	2.237699
8400	-10406.44	-10908.72	502.2766	0.452762	0.326807	0.163537	0.0568929	1.06813	1.193277	6.242896	1.537926
8406	-10398.77	-10900.35	501.5806	0.32807	0.354163	0.278947	0.0388201	0.9843762	1.147011	6.690162	1.537926
8412	-10385.7	-10887.77	502.0633	0.348947	0.3767	0.224983	0.0493695	0.7826145	1.127639	6.690162	1.250781
8418	-10392.24	-10894.48	502.2376	0.256008	0.521274	0.195647	0.0270711	0.6566678	1.147861	6.759794	1.052072
8424	-10397.29	-10900.35	503.0579	0.312457	0.452986	0.171854	0.0627027	0.9503484	1.153897	6.085005	1.167144
8430	-10391.83	-10893.78	501.951	0.311857	0.439759	0.166836	0.0815482	1.095696	1.124036	6.612331	1.189117
8436	-10386.04	-10887.36	501.3129	0.332605	0.469017	0.0694352	0.128942	1.095696	1.133802	6.612331	1.927732
8442	-10400.94	-10901.83	500.8844	0.34525	0.456054	0.0890104	0.109686	1.238368	1.008719	6.841247	1.919663
8448	-10402.89	-10904.58	501.6892	0.308318	0.397504	0.203232	0.0909462	0.950362	1.105917	6.622008	1.648618
8454	-10401.83	-10903.62	501.795	0.366779	0.375436	0.149595	0.108191	0.8812649	1.117251	6.680237	1.466827
8460	-10388.11	-10889.46	501.3539	0.290957	0.533637	0.0895808	0.0858252	0.8812649	1.053332	6.680237	2.099907
8466	-10403.75	-10907.41	503.6606	0.266435	0.604885	0.0313962	0.0972841	0.8812649	1.206428	5.71824	1.259483
8472	-10385.32	-10887	501.6716	0.273424	0.607011	0.0315065	0.0880585	1.077446	1.132414	6.446651	1.884097
8478	-10409.19	-10911.66	502.4677	0.352591	0.481711	0.0152729	0.150425	0.9512375	1.172201	5.925071	2.219297
8484	-10397.48	-10899.76	502.2791	0.429215	0.303321	0.0843488	0.183116	1.211984	1.192091	5.878074	2.219297
8490	-10397.74	-10900.09	502.3461	0.399431	0.312651	0.16386	0.124057	1.264483	1.192091	5.860032	2.104287
8496	-10401.93	-10904.88	502.9511	0.410979	0.275887	0.203665	0.109469	1.01761	1.218124	5.662242	2.059718
8502	-10406.61	-10908.91	502.3001	0.397865	0.413411	0.0811752	0.107549	1.151492	1.237214	5.662242	2.798868
8508	-10404.91	-10905.29	500.3863	0.377297	0.392041	0.128673	0.101989	1.218893	1.020841	7.12709	1.885216
8514	-10402.22	-10902.43	500.208	0.354333	0.377352	0.160889	0.107426	0.8772906	1.068136	7.415919	1.795776
8520	-10396.96	-10900.18	503.2237	0.412607	0.380207	0.102124	0.105062	1.243736	1.294496	5.247404	2.320697
8526	-10394.9	-10896.41	501.5114	0.485376	0.21046	0.153803	0.150362	1.407454	1.218502	6.126017	2.374456
8532	-10402.05	-10903.23	501.1764	0.503333	0.159123	0.170681	0.166862	1.562912	1.170142	6.120367	2.769862
8538	-10417.65	-10919.29	501.6433	0.641402	0.0828348	0.159182	0.116581	1.742878	1.170219	6.120367	1.884685
8544	-10384.75	-10884.95	500.1985	0.489904	0.226627	0.184338	0.0991305	1.368909	1.143386	6.808228	2.620064
8550	-10378.04	-10877.55	499.5143	0.495704	0.22931	0.18652	0.0884661	1.394115	1.128509	7.170179	2.626903
8556	-10378.54	-10879.8	501.2626	0.520426	0.225448	0.161248	0.0928782	1.380831	1.14382	6.22352	2.626903
8562	-10390.38	-10890.63	500.2473	0.487415	0.228742	0.203087	0.0807567	1.427159	1.03167	7.119589	1.824654
8568	-10392.5	-10893.27	500.7749	0.416511	0.340937	0.173544	0.069009	1.427159	1.033866	6.853977	1.778422
8574	-10394.4	-10895.75	501.3485	0.417083	0.341405	0.0951846	0.146328	1.322579	1.172768	6.418478	2.020071
8580	-10411.13	-10911.21	500.0884	0.398093	0.325861	0.125057	0.150988	1.849177	1.133756	6.38892	3.446727
8586	-10405.19	-10905.42	500.2374	0.487267	0.264939	0.125035	0.12276	1.32178	1.060085	6.663624	3.201248
8592	-10411.1	-10910.48	499.3859	0.5492	0.105544	0.206893	0.138363	1.290092	0.9694219	7.30162	2.843327
8598	-10420.18	-10919.71	499.5308	0.502137	0.126246	0.244843	0.126774	1.767889	1.022843	6.904388	3.060046
8604	-10417.01	-10915.35	498.3407	0.591838	0.0680044	0.184077	0.156081	1.529005	0.9927707	7.043089	5.436629
8610	-10410.27	-10909.1	498.8284	0.64032	0.0692537	0.143287	0.147139	1.750869	1.073305	6.970719	4.063112
8616	-10410.5	-10910.2	499.6991	0.552592	0.152524	0.164236	0.130649	1.450899	1.094911	6.560222	4.308425
8622	-10415.87	-10915.19	499.3198	0.606461	0.0966436	0.138054	0.158842	1.56632	1.133333	6.596032	4.685896
8628	-10411.08	-10910.58	499.5007	0.596811	0.0945525	0.0936269	0.215009	1.92912	1.06048	6.287613	5.069717
8634	-10411.99	-10911.84	499.8514	0.586918	0.109562	0.0920748	0.211445	1.701485	1.064084	6.345696	4.441399
8640	-10404.7	-10905.15	500.4508	0.550573	0.13343	0.117647	0.198351	1.856407	1.158486	5.980688	4.135697
8646	-10408.56	-10910.09	501.5297	0.60779	0.0454092	0.18247	0.164331	1.526677	1.108763	5.980688	2.762087
8652	-10409.02	-10909.99	500.9674	0.628757	0.0469757	0.18327	0.140998	1.553672	1.199676	5.961569	3.596391
8658	-10413.23	-10912.43	499.2013	0.620677	0.0322092	0.196182	0.150932	1.750881	1.159885	6.407413	5.351983
8664	-10399.66	-10899.26	499.598	0.600372	0.0441925	0.189764	0.165671	1.775721	1.177591	6.398505	4.404668
8670	-10409.94	-10908.43	498.4989	0.532798	0.0372001	0.275379	0.154623	1.466128	1.03274	7.142398	4.673323
8676	-10410.24	-10910.6	500.3525	0.56463	0.0560476	0.242923	0.136399	1.548195	1.057379	6.874821	2.113572
8682	-10417.3	-10915.61	498.3093	0.601803	0.0597376	0.180673	0.157786	2.141853	1.042627	7.30694	3.353441
8688	-10400.42	-10901.28	500.856	0.491733	0.239435	0.152025	0.116807	1.306397	1.061684	6.797737	1.910861
8694	-10415.9	-10914.57	498.6703	0.485069	0.253474	0.108141	0.153316	1.242372	1.045566	7.280012	4.16558
8700	-10403.81	-10904.75	500.9409	0.515715	0.119721	0.276811	0.0877524	1.344891	1.121617	6.526106	2.354758
8706	-10396.08	-10895.56	499.4749	0.520069	0.19895	0.191766	0.089215	1.262383	1.14273	7.080193	3.135436
8712	-10417.67	-10916.56	498.8898	0.58434	0.0999551	0.215465	0.10024	1.788353	1.114905	7.157706	3.165845
8718	-10403.51	-10904.98	501.4748	0.342174	0.310735	0.218967	0.128124	1.741392	1.117507	6.227175	1.918502
8724	-10424.61	-10926.75	502.1418	0.468069	0.222769	0.133898	0.175264	1.603816	1.18935	5.749882	2.257278
8730	-10414.96	-10917.36	502.3997	0.46899	0.223207	0.134162	0.173641	1.409675	1.181753	5.526443	2.743637
8736	-10414.03	-10917.05	503.0155	0.498222	0.149605	0.266804	0.0853697	1.363397	1.222786	5.323798	2.367226
8742	-10401.96	-10902.4	500.4398	0.499933	0.210335	0.123378	0.166354	1.343534	1.139329	6.474012	3.286919
8748	-10396.24	-10896.49	500.247	0.502288	0.260221	0.101132	0.136359	1.353939	1.100573	6.648214	3.113897
8754	-10396.87	-10896.85	499.9762	0.439747	0.227821	0.213051	0.119381	1.250658	1.142928	6.850373	3.026786
8760	-10370.88	-10872.51	501.6307	0.479823	0.260927	0.18602	0.0732296	1.274474	1.186493	5.816521	3.345269
8766	-10384.82	-10886.55	501.7267	0.490141	0.16085	0.181993	0.167016	1.398913	1.286008	5.561563	3.632587
8772	-10415.36	-10917.91	502.5447	0.42161	0.255483	0.240355	0.0825521	1.130372	1.088687	6.179638	1.413877
8778	-10401.42	-10903.45	502.029	0.440325	0.264267	0.251025	0.0443837	0.9530755	1.031352	6.493223	1.612417
8784	-10381.04	-10882.15	501.1116	0.41791	0.274851	0.261078	0.0461613	1.090219	1.097566	6.580861	2.342068
8790	-10398.16	-10899.95	501.7865	0.415617	0.277366	0.259646	0.0473715	1.228603	1.090645	6.380457	1.762624
8796	-10390.35	-10891.92	501.5736	0.428817	0.286175	0.216227	0.0687811	1.204149	1.133594	6.380457	2.011821
8802	-10406.13	-10906.94	500.8085	0.433829	0.277832	0.218754	0.069585	1.14948	1.070841	7.023678	1.618453
8808	-10424.16	-10926.09	501.931	0.420922	0.306878	0.212246	0.0599536	1.14948	1.070841	6.455094	1.535788
8814	-10411.18	-10912.94	501.7562	0.404953	0.327084	0.197767	0.0701961	1.005597	1.129682	6.34167	2.127634
8820	-10407.02	-10908.46	501.4417	0.423409	0.341991	0.154504	0.0800965	1.348517	1.13664	6.418874	1.912826
8826	-10394.31	-10895.85	501.5345	0.400688	0.327034	0.182162	0.0901163	0.9775822	1.106951	6.282115	2.689167
8832	-10383.76	-10886.14	502.3779	0.409567	0.438681	0.0838488	0.067903	1.101448	1.150239	6.149798	1.633424
8838	-10392.97	-10895.1	502.1297	0.349993	0.458009	0.0841656	0.107832	1.192198	1.197033	6.191197	1.679928
8844	-10380.06	-10883.11	503.0586	0.346699	0.366714	0.231638	0.0549488	1.013271	1.279415	5.626333	1.928135
8850	-10397.8	-10900.83	503.0374	0.349284	0.369448	0.233365	0.0479039	0.8253367	1.205679	5.359751	3.081295
8856	-10391.83	-10893.98	502.1486	0.412899	0.39451	0.135962	0.0566287	1.219495	1.173604	6.228987	1.570854
8862	-10388.89	-10891.98	503.0862	0.350303	0.482981	0.0885223	0.0781936	0.8467992	1.171497	5.77538	1.899375
8868	-10416.12	-10918.66	502.5405	0.350979	0.469532	0.0748705	0.104618	1.192915	1.174096	5.412459	3.195569
8874	-10412.18	-10912.59	500.417	0.527822	0.152495	0.221388	0.0982945	1.174742	1.091645	6.270531	4.459808
8880	-10428.74	-10929.89	501.1538	0.550933	0.159172	0.199309	0.0905864	1.120885	1.139687	6.42669	2.596493
8886	-10428.51	-10928.98	500.4659	0.435976	0.367063	0.157721	0.0392393	1.145867	1.02213	6.875172	2.523245
8892	-10420.3	-10921.44	501.1375	0.555488	0.0483513	0.336924	0.0592369	1.203955	1.051022	6.410178	2.683465
8898	-10413.71	-10915.1	501.3877	0.601133	0.0304477	0.316558	0.0518612	1.452821	1.087951	6.131439	2.683465
8904	-10414.73	-10914.36	499.6354	0.602606	0.0280719	0.317334	0.0519883	1.586379	1.040011	7.198751	2.253486
8910	-10392.43	-10891.64	499.2129	0.519045	0.0339746	0.38406	0.06292	1.40126	1.002357	7.381446	2.669892
8916	-10404.6	-10904.52	499.9194	0.480663	0.105411	0.35566	0.0582671	1.19847	1.084993	7.159152	2.383605
8922	-10387.19	-10888.12	500.9336	0.439757	0.162013	0.342172	0.0560575	1.19847	1.056484	6.6518	2.319021
8928	-10381.05	-10882.72	501.6739	0.436004	0.298537	0.246629	0.0188296	1.119811	1.119244	6.257298	2.319021
8934	-10402.14	-10902.36	500.2199	0.52758	0.089519	0.325689	0.0572115	1.256499	1.109834	6.672006	3.222483
8940	-10397.53	-10897.13	499.6002	0.509395	0.0864332	0.314462	0.0897098	1.369813	1.011209	7.120801	2.856391
8946	-10410.58	-10911.01	500.4294	0.559212	0.0429246	0.345216	0.052648	1.508606	1.087784	6.566485	2.856391
8952	-10397.22	-10897.41	500.1895	0.550557	0.0562395	0.339873	0.0533308	1.440879	1.087784	6.727979	2.856391
8958	-10395.65	-10894.95	499.2941	0.559167	0.0645933	0.315559	0.0606809	1.51723	1.091063	7.209387	2.747585
8964	-10403.4	-10903.17	499.7755	0.568542	0.0656763	0.263489	0.102293	1.366753	1.053686	6.829438	3.414862
8970	-10392.09	-10892.84	500.7489	0.423906	0.243968	0.217147	0.114979	1.137782	1.090789	6.69267	2.514428
8976	-10408.81	-10909.61	500.8056	0.453561	0.229686	0.19284	0.123913	1.326878	1.042844	6.732217	2.141287
8982	-10413.5	-10915.15	501.6509	0.468168	0.243421	0.204372	0.0840389	1.153744	1.047523	6.19904	2.569979
8988	-10403.58	-10906.35	502.7639	0.497509	0.140963	0.247701	0.113828	1.183495	1.151758	5.500629	2.618688
8994	-10409.94	-10911.38	501.4426	0.49403	0.163094	0.286589	0.056287	1.29835	1.191823	6.239324	2.353339
9000	-10400.88	-10902.64	501.7577	0.509857	0.120403	0.295771	0.0739691	1.188894	1.064438	6.192719	2.353339
9006	-10411.51	-10913.08	501.5725	0.47124	0.215325	0.22643	0.0870048	1.022945	1.109083	6.342577	2.390796
9012	-10403.36	-10905	501.6455	0.495641	0.241672	0.172536	0.0901515	1.193865	1.096863	6.219543	2.390796
9018	-10400.65	-10901.89	501.2478	0.456243	0.300567	0.131068	0.112121	1.193865	1.138177	6.219543	2.945803
9024	-10393.71	-10894.78	501.0671	0.444113	0.292575	0.127583	0.135729	1.157449	1.067074	6.330338	3.08407
9030	-10411.43	-10914.44	503.0138	0.494178	0.331019	0.0600633	0.114739	1.20062	1.136007	5.586739	2.032265
9036	-10396.34	-10897.29	500.944	0.456092	0.355944	0.0645859	0.123379	1.077581	1.192876	6.034447	4.247558
9042	-10395.8	-10896.34	500.5467	0.456092	0.355944	0.0645859	0.123379	1.341619	1.143336	6.034447	4.672179
9048	-10397.96	-10897.71	499.7566	0.433575	0.270003	0.235417	0.061005	1.321871	1.028414	7.167633	2.516278
9054	-10393.8	-10894.55	500.7538	0.525303	0.202177	0.125902	0.146618	1.607833	1.079682	6.467296	2.516278
9060	-10385.91	-10886.9	500.9868	0.372348	0.351411	0.169591	0.10665	1.42675	1.119153	6.375569	2.595706
9066	-10385.09	-10886.2	501.118	0.31386	0.37553	0.275344	0.0352668	0.9092212	1.048105	6.884132	1.880359
9072	-10400.92	-10901.05	500.1274	0.340008	0.371774	0.253304	0.0349141	0.9927004	1.037596	7.533448	1.522102
9078	-10402.01	-10904.02	502.0097	0.346459	0.33001	0.275752	0.0477791	1.037833	1.075934	6.497677	1.473402
9084	-10397.14	-10898.15	501.0144	0.427304	0.265468	0.260097	0.0471315	1.256849	1.120768	6.378944	2.780705
9090	-10405.25	-10907.74	502.494	0.428911	0.245931	0.261075	0.0640829	1.247574	1.202511	5.798255	2.063946
9096	-10401.85	-10903.34	501.4934	0.43039	0.25699	0.245656	0.0669644	1.141972	1.109022	6.249153	2.5932
9102	-10417.74	-10919.88	502.1341	0.410571	0.302138	0.230983	0.0563074	1.153252	1.158147	6.094604	1.997415
9108	-10417.91	-10920.85	502.9368	0.447566	0.207207	0.251796	0.0934315	1.353157	1.239456	5.524053	1.961854
9114	-10403.89	-10905.7	501.8099	0.415445	0.24591	0.229452	0.109192	1.23627	1.100873	6.353127	1.774615
9120	-10417.89	-10919.88	501.996	0.390413	0.318789	0.240475	0.0503226	0.9674006	1.108017	6.410983	1.72634
9126	-10391.47	-10894.21	502.7443	0.390413	0.318789	0.240475	0.0503226	1.065964	1.164653	5.896663	1.778584
9132	-10417.4	-10919.52	502.1203	0.450929	0.277363	0.204657	0.0670505	1.039531	1.164921	5.777974	3.045262
9138	-10414.74	-10916.47	501.733	0.373836	0.287825	0.240512	0.0978275	0.979787	1.202261	6.001698	3.045262
9144	-10415.42	-10917.17	501.758	0.394239	0.317689	0.180094	0.107978	1.160487	1.19193	6.020789	2.677112
9150	-10388.46	-10889.94	501.4712	0.353156	0.420315	0.129803	0.0967259	0.9856423	1.121938	6.515881	2.115864
9156	-10393.88	-10895.33	501.4461	0.323627	0.38517	0.220779	0.0704241	1.095907	1.134121	6.515881	1.986231
9162	-10413.01	-10914.89	501.8814	0.330576	0.393441	0.22552	0.0504627	1.074513	1.139769	6.358863	1.817101
9168	-10407.92	-10908.72	500.803	0.344507	0.431804	0.173589	0.0500998	0.9826576	0.9978737	7.249438	1.411605
9174	-10397.78	-10898.73	500.9501	0.295217	0.430347	0.230042	0.0443938	0.9826576	0.9978737	7.249438	1.249472
9180	-10410.73	-10912.09	501.3612	0.350605	0.345545	0.222281	0.0815685	0.9249424	1.087732	6.77692	1.753335
9186	-10407.71	-10909.14	501.4291	0.358259	0.353088	0.227134	0.061519	0.9249424	0.9965016	6.79837	1.732981
9192	-10414.03	-10915.57	501.5358	0.391745	0.27702	0.248341	0.0828937	0.950743	0.9966389	6.726541	1.732981
9198	-10402.85	-10903.99	501.1375	0.42209	0.276634	0.243894	0.0573821	1.143368	1.025063	6.823612	1.732981
9204	-10413.45	-10917.31	503.8542	0.417438	0.277561	0.244711	0.0602896	1.011476	1.157881	5.484571	1.423651
9210	-10408.21	-10911.26	503.0488	0.473156	0.177382	0.277374	0.0720876	1.171666	1.18044	5.484571	2.216227
9216	-10390.31	-10893.1	502.7908	0.473517	0.177517	0.276824	0.0721425	0.8843002	1.1171	5.817171	2.216227
9222	-10389.3	-10892.43	503.1268	0.427486	0.23061	0.249914	0.09199	1.064303	1.09551	5.67781	1.890975
9228	-10374.15	-10875.76	501.6151	0.419779	0.25751	0.21999	0.102721	1.170772	1.15078	6.379454	1.97825
9234	-10380.79	-10882.88	502.0825	0.460923	0.291429	0.13486	0.112789	1.170772	1.115352	6.063974	2.179719
9240	-10387.83	-10890.44	502.6082	0.551205	0.153214	0.151536	0.144044	1.279733	1.230561	5.39358	2.907247
9246	-10393.35	-10895.39	502.0386	0.556223	0.154609	0.226986	0.062182	1.08839	1.162314	5.843257	2.907247
9252	-10397.31	-10898.03	500.7245	0.495719	0.235614	0.202295	0.0663723	1.293897	1.075285	6.999445	1.605485
9258	-10404.45	-10906.24	501.7853	0.493411	0.274874	0.165651	0.0660634	1.573385	1.103785	6.164615	1.862603
9264	-10411.3	-10913.17	501.8729	0.417174	0.302453	0.140056	0.140317	1.044293	1.02124	6.349392	2.044764
9270	-10427.87	-10928.08	500.214	0.379321	0.348653	0.127348	0.144678	1.381928	0.9757778	7.034982	2.207409
9276	-10404.27	-10905.06	500.7886	0.379321	0.348653	0.127348	0.144678	1.00906	1.022373	6.890181	2.207409
9282	-10399.26	-10899.37	500.1178	0.417274	0.303256	0.181415	0.0980552	1.168078	1.177491	7.003321	2.424249
9288	-10407.78	-10909.16	501.3836	0.394114	0.361341	0.216163	0.0283812	1.165712	1.110422	6.398543	2.311671
9294	-10408.11	-10907.95	499.835	0.482958	0.151028	0.331926	0.0340879	1.62931	1.03858	7.051005	2.311671
9300	-10405.03	-10905.79	500.7671	0.385725	0.262333	0.293218	0.0587238	1.232437	1.065205	6.692344	2.393042
9306	-10420.32	-10921.52	501.201	0.353799	0.309351	0.280644	0.0562057	0.9281279	1.035819	7.028981	1.444779
9312	-10413.66	-10916.51	502.8503	0.264186	0.448761	0.245084	0.0419694	0.8789164	1.079225	6.140309	1.444779
9318	-10406.59	-10909.1	502.504	0.277032	0.40861	0.257134	0.0572241	0.8895444	1.125191	6.268811	1.50589
9324	-10394	-10897.67	503.6685	0.232554	0.44308	0.258926	0.0654389	0.9160384	1.177088	5.851134	0.9929153
9330	-10399.75	-10901.04	501.2934	0.31418	0.52303	0.0743823	0.0884077	0.987525	1.142014	6.708423	1.850637
9336	-10417.27	-10918.63	501.3537	0.343362	0.426487	0.126946	0.103205	1.250232	1.099881	6.590305	1.782734
9342	-10416.69	-10918.16	501.472	0.459436	0.299546	0.0973046	0.143713	1.230197	1.108848	6.424356	2.039974
9348	-10417.05	-10918.01	500.9616	0.365038	0.370912	0.199102	0.0649478	1.312029	1.113718	6.375944	2.804127
9354	-10415.86	-10916.93	501.0681	0.453782	0.185713	0.316891	0.0436139	1.269807	1.043019	6.607625	2.169141
9360	-10414.87	-10915.08	500.2027	0.400141	0.283394	0.279431	0.0370339	1.087996	1.071853	7.058958	2.416145
9366	-10410.58	-10912.48	501.9032	0.394726	0.279558	0.27565	0.050066	0.9109385	1.04518	6.628708	1.499876
9372	-10410.98	-10912.6	501.6178	0.394726	0.279558	0.27565	0.050066	0.9109385	1.004987	6.628708	1.899341
9378	-10409.67	-10910.65	500.9825	0.390478	0.340088	0.215121	0.0543126	0.9790954	1.060427	6.982073	1.716984
9384	-10406.44	-10906.64	500.2001	0.322833	0.388945	0.243318	0.0449036	0.8809039	0.9552493	7.593436	1.53527
9390	-10394.63	-10894.39	499.7545	0.320224	0.393884	0.241351	0.0445407	1.00028	1.019353	7.593436	1.85406
9396	-10414.57	-10915.05	500.4803	0.320224	0.393884	0.241351	0.0445407	0.9147382	1.025029	7.247666	1.85406
9402	-10407.57	-10908.19	500.6194	0.342832	0.421694	0.154853	0.0806208	0.913411	1.06817	7.183944	1.775154
9408	-10406.42	-10907.03	500.6008	0.375738	0.32038	0.20915	0.0947328	0.9910327	1.021971	7.183944	1.757869
9414	-10402.94	-10903.37	500.4381	0.398023	0.322873	0.221555	0.0575485	1.149024	1.06907	6.951086	2.283753
9420	-10397.51	-10898.55	501.0351	0.420232	0.277842	0.190655	0.111271	1.086442	0.9970097	6.648181	2.424386
9426	-10409.95	-10911.13	501.1776	0.435721	0.341604	0.134856	0.0878188	1.066902	1.123819	6.721617	1.890283
9432	-10394.11	-10895.48	501.3737	0.458815	0.327623	0.129337	0.0842247	1.24752	1.085078	6.402081	2.242732
9438	-10405.72	-10907.41	501.689	0.423751	0.302585	0.195875	0.077788	1.118486	1.071593	6.583719	1.575343
9444	-10418.53	-10919.96	501.4346	0.502006	0.189582	0.232048	0.0763639	1.075864	1.055248	6.450977	2.303393
9450	-10416.97	-10916.37	499.4029	0.569764	0.0179056	0.324006	0.0883244	1.581978	1.067258	6.836215	3.710566
9456	-10413.46	-10913.19	499.7328	0.517861	0.0632788	0.325799	0.0930611	1.581978	0.9812818	6.800236	3.382805
9462	-10426.77	-10927.57	500.8047	0.403638	0.269889	0.253939	0.0725349	1.225597	1.094442	6.800236	2.027989
9468	-10410.52	-10909.82	499.2974	0.397407	0.297004	0.225085	0.0805037	1.150347	0.9872229	7.474539	2.651811
9474	-10397.78	-10898.45	500.6656	0.450226	0.227328	0.231242	0.0912034	1.171046	1.035483	6.702677	2.649582
9480	-10398.86	-10899.69	500.8302	0.424439	0.23386	0.245051	0.0966496	1.305203	1.036277	6.816838	1.932958
9486	-10392.73	-10894.12	501.3885	0.26855	0.517616	0.145358	0.0684749	0.85305	1.036277	6.816838	1.783595
9492	-10400.8	-10903.52	502.7249	0.236243	0.455347	0.267563	0.0408469	0.7880493	1.085524	6.451198	1.058786
9498	-10390.86	-10893	502.1456	0.280032	0.420019	0.260223	0.0397263	0.8211291	1.078546	6.568489	1.417918
9504	-10384.21	-10886.47	502.2617	0.289279	0.399009	0.270674	0.0410382	0.7762024	1.088966	6.670945	1.126807
9510	-10392.71	-10894.83	502.122	0.337847	0.466	0.101826	0.0943272	1.060656	1.009855	6.670945	1.053481
9516	-10397.03	-10897.99	500.9585	0.343825	0.474245	0.0859336	0.0959962	0.9649782	1.009855	7.030991	1.714426
9522	-10414.84	-10916.24	501.3938	0.336627	0.393584	0.19012	0.0796689	0.8711138	1.092678	6.674185	2.021987
9528	-10404.37	-10905.48	501.1143	0.26661	0.465049	0.213679	0.0546611	0.7108842	1.063665	7.15364	1.506528
9534	-10418.03	-10920.33	502.2946	0.364251	0.360191	0.176791	0.0987673	0.8743388	1.079942	6.374525	1.594778
9540	-10406.99	-10908.61	501.62	0.37463	0.325837	0.219515	0.0800185	0.861454	1.188837	6.492087	2.054532
9546	-10384.98	-10885.31	500.3297	0.396261	0.330219	0.188881	0.0846389	1.124271	1.139422	7.201002	1.746424
9552	-10377.85	-10879.31	501.4657	0.452937	0.311497	0.126223	0.109343	1.203922	1.139766	6.509919	1.833229
9558	-10374.7	-10876.15	501.4489	0.419306	0.288368	0.157455	0.13487	1.235314	1.151965	6.322609	2.265034
9564	-10382.85	-10883.13	500.2823	0.528074	0.234355	0.127963	0.109608	1.401234	1.171687	6.286957	4.077694
9570	-10382.25	-10882.01	499.7669	0.461949	0.332791	0.114333	0.0909264	1.3996	1.021287	7.173213	2.392162
9576	-10394.69	-10894.25	499.5646	0.536913	0.145528	0.176886	0.140673	1.688671	1.027383	7.173213	2.319485
9582	-10411.56	-10911.55	499.9943	0.556632	0.158617	0.215215	0.0695367	1.364543	1.070322	7.06829	2.319485
9588	-10416.88	-10915.78	498.901	0.583997	0.0485161	0.294532	0.0729553	1.364543	1.07665	7.06829	4.207446
9594	-10418.76	-10920.2	501.4361	0.419743	0.306418	0.1807	0.0931384	1.167342	1.126464	6.332973	2.385303
9600	-10411.4	-10910.38	498.9755	0.641322	0.0292996	0.19675	0.132628	1.650692	1.146427	6.658118	5.01576
9606	-10404.3	-10903.66	499.3626	0.631549	0.0540582	0.204859	0.109534	1.650692	0.9812276	7.051941	3.112716
9612	-10409.19	-10907.95	498.7634	0.517241	0.191751	0.136037	0.154971	1.470164	1.129903	6.822159	5.198333
9618	-10416.88	-10917.1	500.226	0.592683	0.125528	0.155879	0.12591	1.438508	1.107091	6.543677	3.345201
9624	-10410.92	-10911.33	500.4106	0.523455	0.183838	0.128754	0.163953	1.37813	1.083612	6.543677	3.156559
9630	-10424.34	-10925.96	501.6237	0.517414	0.136341	0.22106	0.125185	1.604523	1.224278	6.128717	1.96788
9636	-10399.24	-10901.12	501.8727	0.489552	0.180857	0.209156	0.120435	1.51752	1.224278	6.128717	1.743261
9642	-10412.51	-10913.17	500.6543	0.442349	0.324528	0.135403	0.0977212	1.324616	1.200451	6.732945	2.133543
9648	-10412.81	-10915.52	502.7179	0.440109	0.322885	0.134717	0.102289	0.9463539	1.084778	5.877894	2.120038
9654	-10400.6	-10902.08	501.4826	0.387006	0.372356	0.0952594	0.145379	1.307638	1.13573	6.33323	2.120038
9660	-10407.99	-10909.48	501.4836	0.455759	0.33184	0.0522849	0.160116	1.26378	1.103256	6.37217	2.120038
9666	-10404.8	-10904.93	500.1293	0.479565	0.296939	0.0550159	0.168479	1.295523	1.143509	6.779478	2.920961
9672	-10404.13	-10905.78	501.6521	0.453252	0.360798	0.0457738	0.140176	1.431164	1.054873	6.2522	2.051574
9678	-10417.58	-10918.58	501.0063	0.448036	0.356647	0.0567532	0.138563	1.495798	1.053255	6.18949	3.129048
9684	-10400.95	-10901.22	500.2724	0.452485	0.360188	0.0473876	0.139939	1.177185	1.053874	6.607615	3.57722
9690	-10391.52	-10892.46	500.9431	0.43166	0.366968	0.0295073	0.171865	1.588054	1.121707	6.679827	1.689216
9696	-10409.33	-10908.82	499.4881	0.476454	0.355179	0.0159792	0.152388	1.293142	1.0152	7.126027	3.136693
9702	-10413.32	-10912.79	499.4722	0.442463	0.364657	0.0101866	0.182693	1.509268	1.125894	7.126027	2.667438
9708	-10414.93	-10914.96	500.0275	0.364516	0.300416	0.210642	0.124426	1.120794	1.156601	7.00129	2.667438
9714	-10415.91	-10915.61	499.6997	0.420988	0.31822	0.158835	0.101957	1.188624	1.079011	6.966397	3.344183
9720	-10405.81	-10907.91	502.1002	0.310844	0.499062	0.0796799	0.110415	1.049374	1.113162	6.39728	1.526905
9726	-10388.56	-10889.27	500.7161	0.427037	0.383003	0.0796234	0.110336	1.248182	1.077933	6.577461	2.753292
9732	-10404.31	-10904.42	500.1158	0.448219	0.402001	0.0380647	0.111716	1.262854	1.099726	6.882574	2.753292
9738	-10404.75	-10907.05	502.3019	0.430627	0.403753	0.0534172	0.112203	1.262854	1.129941	6.017473	1.864986
9744	-10392.24	-10894.3	502.0566	0.476453	0.310294	0.0666163	0.146636	1.387887	1.114784	5.880379	2.413089
9750	-10396.23	-10898.32	502.0819	0.420499	0.386599	0.0471154	0.145786	1.180345	1.184275	6.061873	2.078481
9756	-10401.91	-10904.17	502.2649	0.330896	0.486222	0.109751	0.0731311	1.029121	1.147975	6.061873	2.078481
9762	-10422.3	-10925.71	503.4062	0.322309	0.473604	0.10968	0.0944068	0.9956255	1.160426	5.772121	1.353416
9768	-10405.46	-10909.04	503.5822	0.314377	0.461949	0.0778312	0.145842	0.9789004	1.223608	5.650253	1.353416
9774	-10395.02	-10896.02	500.994	0.407819	0.333028	0.062734	0.196419	1.195467	1.029457	6.576143	2.479619
9780	-10405.12	-10906.64	501.5253	0.3905	0.366855	0.0711448	0.1715	1.091199	1.078021	6.450279	2.12474
9786	-10408.92	-10910.05	501.1304	0.378593	0.422096	0.0437255	0.155585	1.191371	1.10083	6.489182	2.415322
9792	-10405.76	-10907.62	501.8645	0.463406	0.249627	0.135809	0.151158	1.292819	1.041678	6.133902	2.248836
9798	-10402.25	-10902.16	499.9121	0.525389	0.242844	0.0783089	0.153459	1.357521	1.052653	6.75436	3.436413
9804	-10406.84	-10908.62	501.7759	0.528769	0.21643	0.122296	0.132505	1.422614	1.095218	5.926131	2.695338
9810	-10398.94	-10899.08	500.1454	0.476792	0.128756	0.296494	0.0979582	1.275159	1.00021	6.981433	2.559093
9816	-10400.07	-10901.76	501.6921	0.600773	0.0538805	0.257766	0.0875807	1.587458	1.108603	5.870852	2.74201
9822	-10415.91	-10917.01	501.1043	0.524703	0.130196	0.257583	0.0875184	1.475679	1.105897	6.334989	2.486041
9828	-10416.33	-10916.21	499.886	0.501648	0.173715	0.246264	0.0783725	1.481409	1.11507	6.720616	3.287332
9834	-10436.06	-10938.44	502.3741	0.508467	0.116486	0.284505	0.0905424	1.536789	1.170235	5.751592	2.036606
9840	-10416.48	-10918.25	501.768	0.443292	0.270734	0.207037	0.0789367	1.396703	1.051985	6.271129	1.896399
9846	-10413.14	-10915.07	501.9334	0.378778	0.303714	0.232258	0.0852494	1.24313	1.047418	6.539752	1.283348
9852	-10401.87	-10902.96	501.0916	0.356542	0.380895	0.200193	0.0623693	1.133105	1.047418	6.780814	1.875416
9858	-10418.16	-10921.24	503.0726	0.335912	0.393121	0.189307	0.0816592	0.9622697	1.086096	6.086494	1.207621
9864	-10424.97	-10927.45	502.4781	0.381305	0.420705	0.110601	0.0873889	1.263043	0.9945222	6.425482	0.9727673
9870	-10421.77	-10923.24	501.4702	0.306527	0.552885	0.0218153	0.118773	1.237538	1.024454	6.730301	1.437883
9876	-10421.38	-10922.91	501.5301	0.445311	0.369896	0.0316926	0.1531	1.344482	1.128001	6.093397	2.657974
9882	-10415.91	-10916.71	500.798	0.485012	0.336582	0.0116562	0.16675	1.369622	1.116812	6.286332	3.263711
9888	-10403.81	-10905.95	502.1454	0.340441	0.51091	0.0316039	0.117045	1.130592	1.120989	6.286332	1.61231
9894	-10392.19	-10893.48	501.2939	0.342439	0.508039	0.0317894	0.117732	1.131675	1.180221	6.471271	2.19583
9900	-10387.2	-10888.9	501.7011	0.440542	0.361124	0.0468737	0.151461	1.313129	1.183575	6.125662	2.274508
9906	-10396.65	-10897.54	500.8974	0.4406	0.361171	0.0467489	0.15148	1.220681	1.147717	6.627564	2.274508
9912	-10394.8	-10895.7	500.9	0.48845	0.338521	0.0422941	0.130735	1.236208	1.06751	6.661667	2.274508
9918	-10384.91	-10886.27	501.3626	0.442065	0.344439	0.0951756	0.11832	1.334012	1.102143	6.449044	2.006377
9924	-10377.3	-10877.33	500.0347	0.589109	0.242071	0.011143	0.157677	1.592204	1.111163	6.899821	2.368715
9930	-10380.93	-10880.65	499.7197	0.569291	0.260896	0.0123912	0.157421	1.592204	1.166572	6.980083	2.532954
9936	-10384.74	-10885.81	501.0674	0.401621	0.455831	0.0314908	0.111057	1.117035	1.138158	6.580866	2.309674
9942	-10389.74	-10892.23	502.4946	0.401621	0.455831	0.0314908	0.111057	1.238974	1.267091	5.886995	1.77788
9948	-10403.39	-10906.67	503.2741	0.384702	0.436628	0.0263389	0.15233	1.174881	1.306259	5.469921	1.780782
9954	-10407.95	-10910.83	502.8793	0.372837	0.423161	0.05637	0.147632	1.074367	1.223879	5.828357	1.682618
9960	-10380.71	-10883.14	502.4275	0.362172	0.43453	0.0517	0.151598	1.114143	1.191999	5.974379	1.906557
9966	-10387.99	-10888.61	500.6188	0.394818	0.379818	0.0554463	0.169918	1.284307	1.026824	6.79568	2.316379
9972	-10388.5	-10889.92	501.4216	0.424154	0.372019	0.049295	0.154532	1.320805	1.085101	6.483623	1.883441
9978	-10391.57	-10893.22	501.6546	0.407702	0.357589	0.0861712	0.148538	1.073962	1.085101	6.483623	1.883441
9984	-10397.88	-10898.29	500.4125	0.395937	0.275556	0.224461	0.104046	1.073962	0.9764349	7.354087	1.557491
9990	-10376.46	-10877.48	501.0175	0.394914	0.403596	0.0977131	0.103777	1.287364	1.125389	6.787077	1.674132
9996	-10385.44	-10886.28	500.8395	0.422055	0.394045	0.0954006	0.0885001	1.138842	1.176229	6.787077	2.014699
10002	-10370.81	-10872.22	501.4156	0.321994	0.494094	0.0729418	0.110971	1.154578	1.122222	6.470224	2.080377
10008	-10388.37	-10890.25	501.8799	0.412648	0.42398	0.0489072	0.114465	1.358595	1.215519	6.064387	2.080377
10014	-10398.98	-10901.53	502.5491	0.378999	0.437538	0.0593861	0.124077	1.322263	1.136089	6.066486	1.387377
10020	-10404.66	-10906.75	502.0885	0.380001	0.438694	0.0675163	0.113789	1.124012	1.170351	6.066486	2.150858
10026	-10408.06	-10908.57	500.5051	0.385295	0.317931	0.183471	0.113302	1.068389	1.06138	6.862868	2.552859
10032	-10414.38	-10915.94	501.5656	0.367989	0.403101	0.17523	0.0536793	0.9778024	1.047199	6.784641	1.475737
10038	-10393.27	-10894.38	501.1181	0.350473	0.414273	0.180087	0.055167	0.9778024	1.032032	6.886346	1.806605
10044	-10404.19	-10905.31	501.1247	0.437568	0.271358	0.18558	0.105493	1.311769	1.111178	6.618041	1.923235
10050	-10386.41	-10887.7	501.2965	0.501307	0.230036	0.147797	0.12086	1.149476	1.12976	6.493914	2.180473
10056	-10397.53	-10898.15	500.621	0.538655	0.188223	0.145402	0.127721	1.353471	1.076934	6.785256	2.180473
10062	-10391.46	-10891.94	500.4842	0.48555	0.206041	0.159166	0.149243	1.225504	1.0493	6.841586	2.435494
10068	-10402.86	-10903.1	500.2413	0.502699	0.153349	0.177509	0.166443	1.489918	1.068361	6.833965	2.435494
10074	-10400.06	-10900.92	500.8658	0.553727	0.168915	0.147747	0.129611	1.25797	1.113525	6.357149	3.102521
10080	-10390.01	-10889.77	499.7617	0.552697	0.199391	0.118542	0.129369	1.58955	1.044343	6.840099	3.082009
10086	-10385.75	-10885.06	499.314	0.553539	0.229704	0.0929335	0.123823	1.332339	1.065894	7.128104	3.282412
10092	-10408.15	-10906.8	498.6472	0.526572	0.136998	0.231834	0.104597	1.458878	1.132952	7.128104	4.213122
10098	-10421.29	-10920.53	499.2449	0.561368	0.120814	0.178258	0.139561	1.47585	1.04303	6.856409	4.175972
10104	-10408.98	-10909	500.0144	0.531594	0.119908	0.146189	0.202309	1.614426	1.165393	6.423535	3.760713
10110	-10426.03	-10926.47	500.4414	0.546697	0.201593	0.150342	0.101367	1.280483	1.118631	6.487033	3.380615
10116	-10410.19	-10912.29	502.0976	0.450797	0.237181	0.260149	0.0518729	1.192186	1.125115	6.168642	1.862131
10122	-10405.54	-10907.68	502.1422	0.462384	0.212082	0.28765	0.0378839	1.030749	1.119369	6.17089	2.010458
10128	-10416.48	-10917.72	501.2423	0.434643	0.223025	0.302493	0.0398387	1.144104	1.065909	6.6548	1.944908
10134	-10415.83	-10917.53	501.7024	0.470979	0.151711	0.321954	0.0553567	1.199097	1.09121	6.400862	1.855729
10140	-10410.89	-10911.93	501.0364	0.515737	0.0862858	0.33736	0.0606174	1.145565	1.082939	6.650025	2.211461
10146	-10390.94	-10893.03	502.0938	0.522181	0.217988	0.204947	0.0548833	1.146723	1.088349	6.140993	2.039059
10152	-10399.04	-10900.24	501.2043	0.418824	0.224238	0.283206	0.0737329	1.281335	1.095896	6.626077	1.856982
10158	-10390.23	-10892.75	502.5212	0.392876	0.309535	0.26566	0.0319287	0.9981628	1.161358	6.00217	1.906704
10164	-10397.41	-10899.26	501.8495	0.36419	0.286934	0.319279	0.0295974	1.033739	1.100218	6.685806	1.242573
10170	-10380.29	-10879.14	498.8452	0.555654	0.0583317	0.321771	0.0642441	1.297568	1.091415	7.339169	3.429016
10176	-10386.88	-10886.52	499.6356	0.573743	0.0515736	0.247632	0.127051	1.309217	1.037101	7.016742	3.169447
10182	-10410.95	-10910.34	499.3885	0.573743	0.0515736	0.247632	0.127051	1.517537	1.027802	6.90228	3.684108
10188	-10410.88	-10909.49	498.6066	0.541749	0.108058	0.250736	0.0994567	1.493251	1.013214	7.213903	4.15338
10194	-10406.71	-10905.36	498.656	0.582894	0.116265	0.157002	0.143838	1.657033	1.001129	7.213903	3.804277
10200	-10413.03	-10914.02	500.9862	0.606697	0.0908337	0.126587	0.175883	1.452212	1.123871	5.980649	3.804277
10206	-10398.01	-10897.21	499.1969	0.519589	0.133456	0.152611	0.194344	1.585192	1.116875	6.817464	4.080064
10212	-10393.51	-10894.75	501.2351	0.473966	0.231917	0.129369	0.164747	1.428891	1.136183	6.167623	2.776515
10218	-10409.64	-10910.53	500.8871	0.560324	0.223468	0.11977	0.0964374	1.557676	1.168539	6.511837	2.138182
10224	-10408.55	-10910.99	502.4389	0.563057	0.171629	0.12828	0.137034	1.536942	1.235136	5.482646	2.551861
10230	-10400.73	-10902.58	501.8499	0.492371	0.217984	0.193908	0.0957376	1.195934	1.26678	5.990593	2.456045
10236	-10391.45	-10893.62	502.1683	0.444319	0.266606	0.193525	0.0955489	1.000129	1.202694	5.955699	2.456045
10242	-10392.49	-10893.59	501.0991	0.455479	0.273302	0.115117	0.156101	1.261414	1.07206	6.352751	2.793663
10248	-10392.66	-10894.38	501.7183	0.482408	0.289461	0.103936	0.124195	1.111613	1.079923	6.315491	2.17136
10254	-10393.09	-10894.44	501.3513	0.340337	0.403655	0.121182	0.134826	1.055703	1.089094	6.716264	1.740649
10260	-10387.36	-10888.94	501.5709	0.365162	0.450288	0.0857064	0.0988442	0.9180166	1.108947	6.661511	1.740649
10266	-10403.42	-10904.87	501.4509	0.299209	0.464878	0.112271	0.123641	0.9785031	1.123482	6.759243	1.574745
10272	-10415.38	-10917.4	502.0111	0.267876	0.602115	0.0321341	0.0978753	0.9370879	1.164996	6.41255	1.671974
10278	-10406.57	-10906.99	500.411	0.387033	0.425126	0.0464281	0.141413	1.223676	1.068005	6.41255	3.889786
10284	-10397.99	-10897.62	499.6313	0.369377	0.451351	0.0443101	0.134961	1.298086	0.9759004	7.390065	2.203948
10290	-10384.19	-10886.55	502.359	0.278738	0.503917	0.115501	0.101844	1.111308	1.145739	6.381673	1.169029
10296	-10393.74	-10895.29	501.5483	0.267528	0.48365	0.145182	0.103641	0.9159731	1.117324	6.665465	1.75188
10302	-10392.35	-10894.33	501.9738	0.258427	0.529505	0.111953	0.100115	0.8399684	1.179513	6.500529	1.624019
10308	-10394.74	-10897.12	502.3838	0.414074	0.441858	0.0552639	0.0888047	0.9399382	1.17589	6.137236	1.821515
10314	-10413.28	-10914.86	501.5721	0.403424	0.452513	0.0471088	0.0969537	1.301363	1.146443	6.40461	1.821515
10320	-10408.41	-10910.46	502.0511	0.395939	0.355309	0.11959	0.129162	1.009644	1.1381	6.188923	2.091724
10326	-10408.22	-10909.29	501.0712	0.467444	0.28698	0.0832549	0.162321	1.290291	1.075858	6.62465	2.05093
10332	-10396.07	-10895.46	499.385	0.475399	0.299086	0.0939644	0.131551	1.416825	1.037786	7.352389	2.416402
10338	-10416.5	-10915.56	499.0568	0.571677	0.0414264	0.228703	0.158193	1.365579	1.037786	6.939779	4.461226
10344	-10430.64	-10931.46	500.8198	0.430773	0.332631	0.139254	0.0973409	1.439302	1.068911	6.728627	1.960604
10350	-10422.4	-10924.64	502.2385	0.450391	0.34778	0.100055	0.101774	1.251992	1.136779	5.927152	2.175601
10356	-10407.7	-10909.28	501.5804	0.342068	0.451916	0.0791991	0.126817	1.056566	1.133537	6.633756	1.592562
10362	-10425.8	-10926.66	500.8514	0.41714	0.34706	0.0965806	0.13922	1.360597	1.080579	6.633756	2.236465
10368	-10414.41	-10915.75	501.3487	0.413011	0.343624	0.0956246	0.147741	1.116825	1.085194	6.485189	2.236465
10374	-10423.02	-10924.84	501.8202	0.420687	0.350011	0.097402	0.131899	1.230205	1.184962	6.125563	2.212649
10380	-10410.71	-10913.06	502.3482	0.505482	0.250178	0.12575	0.11859	1.371972	1.197806	5.948824	1.754029
10386	-10422.81	-10925	502.1811	0.342241	0.441596	0.111248	0.104914	0.8936157	1.188424	5.904297	2.769595
10392	-10410.96	-10912.04	501.0818	0.497818	0.231539	0.151752	0.118891	1.149909	1.156257	6.146911	3.50949
10398	-10410.22	-10911.21	500.9937	0.58288	0.100232	0.177682	0.139206	1.428405	1.191486	6.146911	3.148544
10404	-10419.48	-10918.72	499.2418	0.558949	0.0777814	0.24111	0.12216	1.381417	1.019836	7.249656	3.020868
10410	-10415.15	-10914.14	498.983	0.545843	0.0384078	0.275941	0.139808	1.652518	1.030723	7.04764	3.720419
10416	-10423.45	-10923.73	500.2837	0.540164	0.0831258	0.27307	0.10364	1.396577	1.041225	6.458004	3.720419
10422	-10410.7	-10911.12	500.416	0.426008	0.276893	0.215361	0.0817376	1.159726	1.078268	6.366753	4.149118
10428	-10421.71	-10921.85	500.1474	0.400999	0.376953	0.110773	0.111275	1.138154	1.102177	7.036599	2.442784
10434	-10404.42	-10905.79	501.3764	0.442372	0.324227	0.110646	0.122755	1.051031	1.036227	6.691812	1.838301
10440	-10399.25	-10898.76	499.5088	0.407307	0.398164	0.0388102	0.155719	1.098157	1.061365	7.411918	2.471669
10446	-10406.03	-10905.61	499.5782	0.397039	0.388127	0.0630397	0.151794	1.239895	0.9954889	7.415122	2.26114
10452	-10407.9	-10907.42	499.513	0.378475	0.450267	0.0159582	0.1553	1.341045	0.986218	7.231703	2.746941
10458	-10413.84	-10912.95	499.1042	0.409588	0.392844	0.0295005	0.168067	1.341045	0.9774553	7.560318	2.447313
10464	-10414.37	-10914.09	499.7244	0.510059	0.346269	0.0213466	0.122325	1.419883	1.027137	7.107055	2.60505
10470	-10395.94	-10895.48	499.5318	0.421227	0.372694	0.0300178	0.176061	1.152122	1.046679	7.251775	2.841684
10476	-10406.52	-10905.4	498.8839	0.532836	0.303211	0.0233794	0.140574	1.203707	1.023058	6.936335	5.235978
10482	-10398.97	-10896.67	497.6999	0.480754	0.238662	0.0424581	0.238126	1.643113	1.00444	7.374242	5.235978
10488	-10404.06	-10903.84	499.7784	0.60108	0.142045	0.0461868	0.210688	1.634189	1.18128	6.160318	5.235978
10494	-10409.75	-10909.07	499.3181	0.638797	0.0882104	0.0490849	0.223908	1.708149	1.097471	6.292889	5.827412
10500	-10400.67	-10901.53	500.8538	0.546376	0.119645	0.142466	0.191513	1.56207	1.155134	5.87451	4.205407
10506	-10397.22	-10897.03	499.8116	0.50567	0.143711	0.152805	0.197814	1.731798	1.065367	6.620996	3.464863
10512	-10395.98	-10897.14	501.1659	0.53623	0.132776	0.213283	0.117711	1.320416	1.106396	6.23897	2.881222
10518	-10402.44	-10903.6	501.1575	0.515414	0.127284	0.243276	0.114026	1.245949	1.057977	6.706822	1.816287
10524	-10405.06	-10906.68	501.6248	0.441315	0.255671	0.144504	0.158509	1.305435	1.177212	6.071635	2.552701
10530	-10415.63	-10916.9	501.2743	0.483099	0.199767	0.267015	0.0501182	1.025688	1.01063	6.676034	2.077912
10536	-10403.13	-10903.34	500.2117	0.509388	0.210638	0.217996	0.0619777	1.294309	1.0754	7.043831	2.159455
10542	-10417.56	-10917.2	499.6402	0.492782	0.177986	0.241261	0.0879706	1.291246	1.151172	7.076266	2.81469
10548	-10408.9	-10909.52	500.6262	0.443726	0.278101	0.198959	0.0792133	1.128274	1.158955	6.488767	3.230158
10554	-10399.15	-10900.98	501.8257	0.488648	0.350566	0.0716791	0.0891067	1.099589	1.213688	6.161839	2.245951
10560	-10405	-10906.32	501.3182	0.401776	0.404755	0.0740454	0.119423	1.099589	1.108052	6.494727	2.245951
10566	-10395.05	-10896.74	501.6906	0.34442	0.410899	0.126136	0.118545	1.010282	1.136616	6.460771	1.906227
10572	-10398.57	-10900.09	501.5164	0.37269	0.393181	0.120697	0.113433	1.010282	1.109052	6.570066	1.906227
10578	-10392.01	-10894.31	502.305	0.369564	0.389883	0.128072	0.112481	1.069155	1.114842	5.954919	2.287208
10584	-10406.31	-10907.31	500.9998	0.483678	0.268243	0.102632	0.145447	1.128469	1.148651	6.178352	3.606683
10590	-10424.27	-10925.59	501.3149	0.443239	0.173127	0.23305	0.150584	1.205079	1.141779	5.96715	3.618675
10596	-10425.29	-10924.59	499.2978	0.405872	0.296668	0.147771	0.149689	1.205079	1.095189	7.084865	3.618675
10602	-10418.66	-10918.77	500.1032	0.405872	0.296668	0.147771	0.149689	1.427565	1.033033	6.525498	3.790745
10608	-10402.63	-10904.5	501.8772	0.46121	0.260573	0.169701	0.108516	1.427565	1.090505	6.191361	1.859927
10614	-10410.92	-10913.03	502.1094	0.453306	0.263935	0.172471	0.110288	1.250743	1.187041	6.058537	1.957778
10620	-10395.84	-10898.83	502.9871	0.441636	0.28674	0.172229	0.0993953	1.027636	1.214507	5.610672	2.130257
10626	-10397.46	-10899.19	501.7257	0.500442	0.191765	0.195162	0.11263	1.288677	1.126523	5.93117	2.904176
10632	-10403.21	-10904.27	501.0603	0.499874	0.193447	0.196874	0.109805	1.288677	1.039943	6.584262	2.220373
10638	-10392.39	-10893.06	500.6784	0.52304	0.193245	0.205998	0.0777179	1.521424	1.130915	6.417373	2.811322
10644	-10399.47	-10901.44	501.974	0.559997	0.199343	0.104912	0.135748	1.337665	1.164756	5.922877	2.412967
10650	-10398.31	-10900.36	502.0485	0.416804	0.22114	0.196659	0.165397	1.167361	1.111155	5.981216	2.457945
10656	-10400.78	-10902.89	502.1101	0.425993	0.247353	0.178628	0.148026	1.437186	1.148256	5.858209	2.282414
10662	-10403.17	-10905.44	502.2685	0.501876	0.207964	0.163639	0.12652	1.215769	1.090184	5.775843	2.657332
10668	-10416.31	-10917.78	501.467	0.503495	0.204435	0.158132	0.133939	1.578883	1.142776	5.865106	3.084477
10674	-10400.76	-10901.46	500.6971	0.488105	0.198186	0.183863	0.129845	1.171722	1.103295	6.516258	3.045663
10680	-10403.65	-10904.9	501.2483	0.470842	0.200385	0.177361	0.151413	1.315604	1.097335	6.239603	2.768176
10686	-10404.34	-10906.15	501.8093	0.503393	0.248025	0.0867011	0.161881	1.413145	1.124412	6.051317	2.271082
10692	-10414.12	-10915.58	501.4546	0.318361	0.4518	0.0914918	0.138347	1.240363	1.099502	6.447637	2.005553
10698	-10407.67	-10909.09	501.4144	0.282304	0.494334	0.117225	0.106137	0.8881611	1.095447	6.860335	1.538362
10704	-10400.66	-10903.62	502.9633	0.315988	0.433999	0.131212	0.118802	0.9300337	1.155038	5.885432	1.712936
10710	-10408.79	-10910.54	501.7489	0.473742	0.296059	0.12062	0.109579	1.169884	1.164875	6.203175	2.220505
10716	-10406.07	-10907.07	500.9972	0.459866	0.287388	0.145241	0.107505	1.505569	1.119666	6.445664	2.286175
10722	-10410.96	-10912.99	502.0314	0.449237	0.280745	0.141884	0.128133	1.338441	1.164212	6.012135	2.099318
10728	-10398.71	-10898.66	499.9456	0.50813	0.253304	0.0936342	0.144931	1.416175	1.026687	6.778976	3.248373
10734	-10400.94	-10901.16	500.2152	0.475845	0.309325	0.080572	0.134258	1.349785	1.019198	6.379365	4.273333
10740	-10407.45	-10908.37	500.9201	0.378565	0.339971	0.117515	0.16395	1.349785	1.12157	6.379365	2.793058
10746	-10401.21	-10901.88	500.6741	0.450696	0.370503	0.0442505	0.134551	1.315332	1.01203	6.435017	3.270357
10752	-10411.77	-10911.84	500.0693	0.486735	0.248144	0.110014	0.155108	1.277276	1.011293	6.781432	3.270357
10758	-10409.19	-10908.77	499.5787	0.489328	0.257298	0.119522	0.133852	1.362471	1.07459	6.85293	3.666455
10764	-10402.17	-10902.52	500.3447	0.493863	0.259682	0.111363	0.135092	1.082353	1.014557	6.573595	3.807382
10770	-10402.94	-10902.58	499.6404	0.457771	0.229606	0.140028	0.172595	1.258556	1.02322	6.942633	3.513829
10776	-10386.52	-10886.43	499.9106	0.532288	0.186284	0.18749	0.0939376	1.231234	1.024587	6.818437	3.484942
10782	-10402.42	-10902.08	499.666	0.484303	0.259639	0.170588	0.0854693	1.261437	1.032684	6.870154	3.694677
10788	-10410.96	-10911.8	500.8357	0.367422	0.344982	0.140914	0.146683	1.130407	1.056489	7.054946	1.555834
10794	-10426.97	-10926.94	499.9654	0.384022	0.360568	0.14728	0.10813	1.128165	1.096741	7.054946	2.691146
10800	-10414.05	-10913.97	499.9249	0.416137	0.358925	0.154249	0.0706883	1.0249	1.02987	7.093388	2.910923
10806	-10425.45	-10924.84	499.3937	0.489264	0.160295	0.238974	0.111467	1.310667	1.090183	6.961437	3.695
10812	-10417.09	-10917.06	499.97	0.562567	0.118478	0.190788	0.128167	1.357018	1.153763	6.781632	3.069769
10818	-10406.98	-10907.61	500.6321	0.496772	0.258328	0.168091	0.0768085	1.187876	1.152305	6.316583	3.706673
10824	-10401.63	-10903.04	501.4144	0.332857	0.4596	0.0875846	0.119958	0.9812999	1.113566	6.38552	2.564352
10830	-10402.91	-10903.48	500.5685	0.41777	0.329351	0.108435	0.144445	1.231104	1.162036	6.614273	2.771468
10836	-10409.03	-10909.84	500.8144	0.410725	0.323797	0.123468	0.142009	1.130322	1.134796	6.652566	2.472263
10842	-10406.38	-10906.48	500.0989	0.424203	0.170976	0.25815	0.14667	1.21672	1.067909	6.829566	3.064783
10848	-10406.2	-10905.07	498.8707	0.535435	0.107149	0.230277	0.127139	1.587151	1.009033	7.205928	3.521946
10854	-10427	-10927.14	500.138	0.590788	0.0760641	0.22247	0.110678	1.58837	1.062613	6.543796	3.351395
10860	-10427.69	-10926.41	498.7151	0.603796	0.0557218	0.227368	0.113115	1.757367	1.085315	7.148666	3.607595
10866	-10416.6	-10916.35	499.7546	0.577837	0.0383913	0.27552	0.108252	1.741494	1.072418	6.601985	3.607595
10872	-10409.2	-10909.56	500.36	0.551082	0.0356531	0.262763	0.150501	1.636535	1.041323	6.552873	2.910196
10878	-10406.79	-10906.48	499.6818	0.546582	0.0528429	0.260618	0.139957	1.465879	1.046241	7.059039	2.717855
10884	-10415.32	-10914.5	499.1746	0.492083	0.193369	0.234033	0.0805153	1.285186	0.9939181	7.508536	2.538447
10890	-10407.62	-10908.24	500.6237	0.480479	0.221082	0.244049	0.0543898	1.143552	1.106688	6.666742	2.749192
10896	-10423.36	-10924.16	500.8024	0.404813	0.196179	0.353184	0.0458244	1.160137	1.033591	6.666742	2.560359
10902	-10409.75	-10910.54	500.788	0.402898	0.198452	0.352294	0.0463555	1.058661	1.084974	6.860435	2.129609
10908	-10401.69	-10903.43	501.7392	0.448897	0.168673	0.331277	0.0511528	1.115117	1.120486	6.466123	1.72209
10914	-10398.32	-10899.96	501.6468	0.394168	0.266611	0.294305	0.0449164	0.9702294	1.060196	6.466123	2.106964
10920	-10408.59	-10911.06	502.4729	0.423837	0.292627	0.235238	0.0482972	1.254574	1.166094	5.904084	1.875667
10926	-10408.31	-10910.48	502.1654	0.434515	0.330279	0.158911	0.0762957	1.008529	1.113247	6.329379	1.646226
10932	-10396.25	-10897.29	501.0391	0.361655	0.386949	0.184128	0.0672684	1.119197	1.076493	6.779128	1.92727
10938	-10403.53	-10904.07	500.5419	0.466917	0.19911	0.247126	0.0868474	1.17767	1.098799	6.394548	3.7251
10944	-10419.07	-10920.64	501.5675	0.413991	0.289892	0.219113	0.0770031	1.062077	1.125986	6.384464	2.207605
10950	-10400.51	-10902.5	501.9861	0.40266	0.361014	0.176164	0.0601614	1.062077	1.097111	6.265102	1.976166
10956	-10415.64	-10917.66	502.0202	0.438583	0.306452	0.21378	0.0411843	1.062077	1.113979	6.148626	2.198326
10962	-10407.64	-10909.17	501.5289	0.469672	0.286804	0.19942	0.0441036	1.224508	1.113979	6.340315	2.174325
10968	-10406.88	-10907.77	500.889	0.458133	0.287906	0.110217	0.143744	1.316925	1.083708	6.65706	2.174325
10974	-10415.47	-10915.68	500.2127	0.442093	0.312837	0.106359	0.138711	1.362869	1.065505	6.973836	2.267048
10980	-10416.61	-10916.73	500.1211	0.460281	0.183323	0.21305	0.143347	1.215008	1.032955	6.961551	2.689459
10986	-10422.7	-10923.88	501.1738	0.482123	0.188011	0.179717	0.150149	1.194842	1.09097	6.113406	3.495029
10992	-10409.57	-10909.32	499.7468	0.542805	0.142779	0.145369	0.169047	1.341016	1.026326	6.935953	3.205186
10998	-10386.6	-10886.93	500.3298	0.503794	0.150053	0.160042	0.18611	1.306895	1.084431	6.579517	3.292909
11004	-10377.59	-10878.54	500.9539	0.503794	0.150053	0.160042	0.18611	1.327966	1.061449	6.595757	2.259684
11010	-10374.23	-10875.33	501.1038	0.471286	0.115245	0.239368	0.174101	1.140636	1.065996	6.595757	2.288932
11016	-10381.19	-10881.69	500.5026	0.529747	0.102502	0.212901	0.154851	1.617938	1.080987	6.862423	1.836632
11022	-10385.74	-10885.46	499.7228	0.533089	0.0968398	0.214244	0.155827	1.334393	1.048957	6.969823	3.109542
11028	-10387.05	-10887.5	500.4439	0.397334	0.325375	0.161146	0.116145	1.122039	1.099734	6.959826	2.245747
11034	-10384.96	-10885.45	500.4927	0.399947	0.33158	0.150113	0.11836	1.143597	1.030188	6.959826	2.245747
11040	-10402.24	-10902.13	499.8878	0.48361	0.278433	0.0874855	0.150472	0.9689089	1.081216	6.959826	3.410188
11046	-10389.73	-10891.02	501.2903	0.335721	0.460668	0.0607323	0.142879	0.9555744	1.095484	6.492551	2.519904
11052	-10404.89	-10906.42	501.5309	0.312055	0.417778	0.140591	0.129576	0.9594325	1.111341	6.538856	2.027495
11058	-10405.18	-10907.03	501.854	0.400513	0.408713	0.0661626	0.124611	1.252708	1.165167	5.865148	2.883214
11064	-10410.37	-10912.12	501.7525	0.442584	0.364939	0.0430663	0.149411	1.304582	1.188608	5.85813	2.954062
11070	-10400	-10901.81	501.8085	0.419016	0.346548	0.0720985	0.162338	1.304582	1.055419	6.448583	1.541393
11076	-10397.19	-10897.61	500.4269	0.565181	0.165057	0.0930678	0.176694	1.544849	1.131154	6.448583	3.098736
11082	-10399.61	-10899.77	500.1579	0.550318	0.160716	0.116918	0.172048	1.544849	1.003732	6.850861	2.539716
11088	-10392.35	-10892.82	500.4766	0.535165	0.156291	0.141233	0.167311	1.389626	1.103809	6.272548	3.899328
11094	-10409.78	-10909.96	500.1723	0.465998	0.166838	0.205505	0.161659	1.234665	1.058263	6.825433	2.943004
11100	-10409.35	-10909.05	499.701	0.558509	0.0927845	0.216688	0.132019	1.698193	0.9634569	7.124063	2.33562
11106	-10401.6	-10900.59	498.9855	0.503678	0.0920024	0.263645	0.140675	1.609496	1.01217	7.477274	2.455769
11112	-10392.57	-10893.02	500.4484	0.45241	0.254171	0.236809	0.0566105	1.284	1.056878	7.00668	1.970308
11118	-10392.77	-10894.61	501.843	0.365595	0.271271	0.29165	0.0714842	1.119122	1.149758	6.685926	1.10911
11124	-10400.83	-10903.18	502.3551	0.442888	0.337649	0.179439	0.0400248	1.062485	1.061429	6.420158	1.237886
11130	-10403.16	-10905.6	502.4346	0.367424	0.439612	0.159759	0.0332049	0.8522483	1.140417	6.169085	1.842217
11136	-10391.94	-10894.7	502.7606	0.376715	0.420173	0.169696	0.033416	1.057821	1.188544	6.008448	1.492951
11142	-10394.55	-10897.18	502.6321	0.357497	0.398737	0.161039	0.0827266	1.133156	1.156527	5.938399	1.751854
11148	-10399.38	-10900.16	500.7786	0.430411	0.335725	0.143171	0.0906939	0.9916064	1.025845	6.648575	2.924652
11154	-10409.16	-10910.18	501.0173	0.470615	0.270041	0.193854	0.0654896	1.240436	1.063265	6.511762	2.509093
11160	-10405.91	-10907.34	501.4266	0.296756	0.504185	0.15162	0.0474392	0.8605995	1.036058	6.99705	1.335806
11166	-10430.69	-10933.14	502.4507	0.248536	0.500808	0.226205	0.0244508	0.6506425	1.043365	6.747964	0.9714595
11172	-10417.25	-10920.38	503.1328	0.332365	0.362609	0.268812	0.0362132	0.7826873	1.081408	6.174074	1.174839
11178	-10416.18	-10917.79	501.6068	0.413927	0.41657	0.132882	0.0366204	1.442233	1.117843	6.174074	2.211667
11184	-10418.91	-10920.13	501.2179	0.39378	0.396295	0.144627	0.0652983	1.160694	1.15108	6.378601	2.558171
11190	-10412.3	-10912.39	500.0898	0.4488	0.23928	0.214895	0.0970242	1.309453	1.098832	6.68001	3.359393
11196	-10399.04	-10900.08	501.043	0.409413	0.333637	0.196036	0.0609146	1.11495	1.105488	6.35785	3.043237
11202	-10387.64	-10889.18	501.5424	0.420796	0.393176	0.141926	0.0441011	1.092036	1.128585	6.47216	1.977921
11208	-10391.5	-10894.2	502.6961	0.357487	0.463319	0.120573	0.0586204	0.9568017	1.167915	5.914063	1.93484
11214	-10401.12	-10902.03	500.9076	0.336046	0.446509	0.11351	0.103935	1.112541	1.027678	6.766484	2.211925
11220	-10413.69	-10915.7	502.0141	0.336046	0.446509	0.11351	0.103935	1.281928	1.200665	5.988738	2.203445
11226	-10392.71	-10894.61	501.9008	0.37044	0.454676	0.0690485	0.105836	1.009624	1.12669	6.068767	2.648525
11232	-10392.24	-10894.22	501.9703	0.356641	0.399369	0.151029	0.0929616	1.126119	1.122008	6.306853	1.784846
11238	-10384.9	-10886.97	502.0759	0.404569	0.417922	0.080248	0.0972607	1.17634	1.169358	6.197593	1.784846
11244	-10400.96	-10902.37	501.409	0.414501	0.410125	0.0872413	0.0881335	1.17634	1.105867	6.436831	2.167982
11250	-10399.55	-10901.63	502.0833	0.39667	0.330474	0.185727	0.0871295	1.17634	1.086597	6.13609	2.029584
11256	-10409.12	-10911.57	502.4512	0.416566	0.360218	0.140804	0.0824124	1.198911	1.12645	6.1152	1.539134
11262	-10399.65	-10901.19	501.5398	0.334041	0.485861	0.114011	0.0660859	0.8827571	1.12645	6.778635	1.539134
11268	-10389.08	-10890.22	501.1363	0.341043	0.428257	0.116401	0.114299	1.0835	1.09373	6.981362	1.377264
11274	-10398.41	-10900.12	501.7185	0.435344	0.279089	0.148553	0.137015	1.0835	1.165293	6.264398	2.221556
11280	-10395.43	-10898	502.5647	0.418374	0.329883	0.130957	0.120786	1.161047	1.145526	5.882412	1.94914
11286	-10396.47	-10899.1	502.6377	0.492826	0.210632	0.154262	0.14228	1.230872	1.229662	5.760394	1.94914
11292	-10390.36	-10892.96	502.604	0.545982	0.144319	0.217861	0.0918371	1.320819	1.243168	5.523143	2.466935
11298	-10399.83	-10901.14	501.3097	0.524695	0.228177	0.14946	0.0976683	1.012508	1.231916	5.99736	3.706139
11304	-10393.44	-10894.63	501.1931	0.400126	0.319131	0.1426	0.138142	1.106959	1.088195	6.860679	1.549023
11310	-10385.29	-10886.16	500.8642	0.452305	0.278062	0.161196	0.108437	1.106959	1.103804	6.717955	2.300713
11316	-10390.3	-10891.01	500.7053	0.413239	0.354614	0.15313	0.0790158	1.014034	1.029834	7.153639	1.660682
11322	-10399.5	-10902.03	502.5316	0.457307	0.231009	0.186345	0.12534	1.014034	1.203267	6.011378	1.797893
11328	-10395.5	-10897.34	501.8434	0.463208	0.224524	0.244802	0.0674653	1.079086	1.139486	6.315181	1.964889
11334	-10403.49	-10903.21	499.7137	0.469162	0.299118	0.120509	0.11121	1.322424	1.038824	7.019257	3.005298
11340	-10404.51	-10904.7	500.1844	0.418023	0.266514	0.186475	0.128988	1.153136	1.047059	7.019257	2.496404
11346	-10397.58	-10899.14	501.5532	0.492577	0.269857	0.0855732	0.151993	1.228452	1.165523	6.176025	2.496404
11352	-10410.8	-10911.11	500.3038	0.492577	0.269857	0.0855732	0.151993	1.612222	1.23149	5.882337	5.123678
11358	-10386.63	-10887.73	501.0962	0.490097	0.268498	0.0901773	0.151227	1.201099	1.188166	6.27615	2.930349
11364	-10387.72	-10888.45	500.7267	0.466308	0.326449	0.0804116	0.126831	1.212861	1.223137	5.972533	4.611439
11370	-10387.83	-10889.06	501.2341	0.402473	0.313962	0.110025	0.17354	1.045577	1.050637	6.484994	2.557815
11376	-10389.72	-10889.88	500.1643	0.491858	0.291291	0.0558423	0.161009	1.183664	1.182427	6.484994	3.961418
11382	-10386.77	-10887.49	500.7175	0.502566	0.2786	0.0247268	0.194107	1.52227	1.155374	6.388008	2.795075
11388	-10394.65	-10894.48	499.8287	0.521129	0.288891	0.0256401	0.16434	1.340317	1.134265	6.799691	3.316684
11394	-10410.69	-10910.88	500.1926	0.518342	0.287346	0.025503	0.16881	1.354139	1.066467	6.609666	3.393771
11400	-10403.15	-10903.51	500.3539	0.501685	0.278112	0.0568188	0.163385	1.434299	1.044868	6.795197	2.482041
11406	-10390.33	-10891.36	501.0299	0.472527	0.309134	0.0644504	0.153889	1.429028	1.201129	6.043807	3.400256
11412	-10393.34	-10895.74	502.4	0.424333	0.325079	0.148281	0.102307	1.358371	1.242861	5.828223	1.927594
11418	-10395.56	-10898.33	502.7743	0.280284	0.482302	0.162545	0.0748685	0.9207756	1.171214	5.893943	1.924394
11424	-10384.6	-10888.15	503.5477	0.280284	0.482302	0.162545	0.0748685	0.8283598	1.236354	5.582354	1.7036
11430	-10406.46	-10908.15	501.6825	0.328488	0.408819	0.190501	0.0721924	0.8887006	1.061925	6.659095	1.7036
11436	-10409.49	-10910.42	500.9263	0.364491	0.35022	0.204877	0.0804119	1.127973	1.004582	7.138364	1.337494
11442	-10398.52	-10899.91	501.3921	0.26308	0.483659	0.161476	0.0917864	0.8988605	1.147969	6.933287	1.337494
11448	-10421.57	-10921.47	499.8979	0.273141	0.502157	0.167651	0.0570508	1.012346	1.0621	7.411936	2.038733
11454	-10397.7	-10896.82	499.1208	0.561883	0.0371976	0.304135	0.0967849	1.505121	1.037704	6.409985	6.385016
11460	-10390.95	-10891.66	500.7112	0.563463	0.0854754	0.231889	0.119173	1.504653	1.089945	6.336868	3.094046
11466	-10407.18	-10907.43	500.2524	0.499276	0.149047	0.205473	0.146203	1.504653	1.098703	6.401892	3.687515
11472	-10397.45	-10897.96	500.5145	0.528121	0.157658	0.212043	0.102179	1.190321	1.078765	6.769909	2.595634
11478	-10410.09	-10910.42	500.3282	0.528121	0.157658	0.212043	0.102179	1.497625	1.064079	6.728464	2.595634
11484	-10410.14	-10911.24	501.1044	0.28626	0.556906	0.0702218	0.0866114	1.006849	1.000678	7.027949	1.507305
11490	-10421.37	-10922.51	501.1393	0.295692	0.532427	0.0671351	0.104746	0.9048946	0.9958308	6.978003	1.70553
11496	-10411.56	-10912.92	501.3605	0.358851	0.453433	0.0740758	0.11364	0.9048946	1.125119	6.572042	2.235093
11502	-10423.35	-10924.13	500.7756	0.294337	0.530472	0.0417368	0.133455	0.9801765	1.076192	7.127515	1.619431
11508	-10396.62	-10897.05	500.4273	0.285705	0.514914	0.087949	0.111432	1.054808	1.020153	7.132906	2.025498
11514	-10406.86	-10907.81	500.9519	0.378187	0.448246	0.0765619	0.0970046	1.176968	1.130156	6.769051	1.923162
11520	-10416.48	-10916.2	499.7273	0.435739	0.345496	0.0964993	0.122265	1.193751	1.007342	7.130828	2.889288
11526	-10412.53	-10912.87	500.3404	0.483334	0.22566	0.0991567	0.191849	1.263211	1.013432	6.937205	2.387292
11532	-10382.16	-10882.42	500.2676	0.392972	0.320302	0.155058	0.131668	1.151702	0.9877617	7.178587	2.043015
11538	-10376.87	-10876.78	499.9134	0.409744	0.333973	0.161676	0.0946068	1.258746	1.059178	7.178587	2.295803
11544	-10417.76	-10920.07	502.3094	0.377021	0.34473	0.175533	0.102716	1.11528	1.178274	6.206056	1.542545
11550	-10412.35	-10916.22	503.8751	0.294454	0.4202	0.205125	0.080221	0.7864777	1.130651	5.706581	1.239268
11556	-10412.87	-10913.76	500.8898	0.317016	0.452398	0.144218	0.0863679	1.252479	1.08604	6.828739	1.826108
11562	-10415.26	-10917.68	502.4181	0.316905	0.442398	0.156956	0.0837412	1.074718	1.08604	6.343622	1.282614
11568	-10409.37	-10910.46	501.0916	0.338743	0.421535	0.166957	0.0727653	1.062086	1.100741	6.705051	2.081912
11574	-10419.06	-10920.31	501.2497	0.323676	0.436826	0.159531	0.0799675	1.23817	1.1364	6.530074	2.029372
11580	-10426.28	-10926.83	500.5573	0.407407	0.314187	0.196576	0.0818295	1.082155	1.140814	6.763381	2.61295
11586	-10409.71	-10911.29	501.5854	0.409249	0.381468	0.113844	0.0954387	1.082155	1.179626	6.346298	2.178521
11592	-10414.09	-10913.67	499.5818	0.413022	0.401641	0.0999223	0.0854146	1.364682	1.082013	6.854117	3.638789
11598	-10411.49	-10911.37	499.8803	0.447646	0.337139	0.12264	0.092575	1.096474	1.048693	6.846374	3.638789
11604	-10407.17	-10907	499.8256	0.355979	0.395266	0.143785	0.10497	1.050196	1.132301	6.794251	3.855097
11610	-10396.09	-10897.08	500.9894	0.361686	0.401603	0.159463	0.0772487	1.123494	1.106281	6.40286	2.978926
11616	-10394.64	-10897.08	502.4411	0.454057	0.286651	0.19572	0.063572	1.019503	1.205117	5.875679	2.241355
11622	-10409.94	-10911.22	501.2833	0.43781	0.258843	0.24205	0.0612973	1.346432	1.182386	6.291321	2.396158
11628	-10401.67	-10903.77	502.0953	0.472686	0.285963	0.115037	0.126314	1.292701	1.165669	5.884758	2.396158
11634	-10407.23	-10908.47	501.2334	0.442271	0.343068	0.105034	0.109628	1.223068	1.167617	6.419348	2.312227
11640	-10408.21	-10908.46	500.2524	0.436149	0.346833	0.106187	0.110831	1.231391	1.077163	6.830153	2.773157
11646	-10412.07	-10912.36	500.288	0.428905	0.393881	0.0682241	0.10899	1.231391	1.086751	6.976249	2.294792
11652	-10403.29	-10903.98	500.6883	0.406186	0.373017	0.171559	0.0492382	1.113086	1.03741	6.976249	1.966893
11658	-10404.73	-10907.18	502.4497	0.407727	0.374431	0.168417	0.0494249	1.027894	1.071913	6.048694	1.966893
11664	-10392.41	-10893.16	500.7468	0.363132	0.38866	0.15197	0.0962385	1.120234	1.083594	7.027058	1.704484
11670	-10397.67	-10898.4	500.7324	0.447322	0.245626	0.187203	0.119849	1.005521	1.083594	6.896649	2.188454
11676	-10388.34	-10890	501.663	0.466649	0.279579	0.15472	0.0990526	1.111816	1.075343	6.567462	1.645675
11682	-10402.51	-10903.37	500.8666	0.412465	0.383826	0.0808246	0.122885	1.111816	1.075343	6.759945	2.220598
11688	-10382	-10883.29	501.2825	0.397604	0.369996	0.113943	0.118457	1.111816	1.048093	6.577358	2.149679
11694	-10395.37	-10897.6	502.2297	0.395751	0.344975	0.148827	0.110446	1.111816	1.111931	6.028232	2.149679
11700	-10396.47	-10896.3	499.8304	0.359918	0.362379	0.159406	0.118297	1.246557	1.115191	6.894368	3.190103
11706	-10405.26	-10905.42	500.1598	0.343576	0.391331	0.152168	0.112925	1.033191	1.083267	7.084871	2.471318
11712	-10393.32	-10893.7	500.3762	0.343576	0.391331	0.152168	0.112925	1.057563	1.071987	7.220818	1.807916
11718	-10393.51	-10893.7	500.1862	0.316554	0.511455	0.0785376	0.0934537	1.036228	1.091651	7.360438	1.72213
11724	-10402.18	-10902.76	500.5746	0.405941	0.381116	0.0871023	0.125841	1.115747	1.038752	6.96493	2.143525
11730	-10408.53	-10910.02	501.485	0.315983	0.538839	0.0678001	0.0773779	0.9618818	1.012526	6.96493	1.249847
11736	-10389.69	-10891.17	501.4743	0.4116	0.41455	0.0811906	0.0926601	1.118306	1.135233	6.304902	2.46166
11742	-10398.5	-10901.25	502.7584	0.338169	0.340593	0.190459	0.13078	0.9105515	1.171808	6.068938	1.558262
11748	-10403.95	-10906.91	502.9646	0.267818	0.549352	0.0792568	0.103573	1.027005	1.161127	6.068938	1.20794
11754	-10413.7	-10916.3	502.5987	0.276079	0.566298	0.059474	0.0981489	0.9426949	1.170612	6.33611	1.155124
11760	-10418.97	-10922.08	503.1107	0.267592	0.548889	0.0883872	0.0951317	0.8535515	1.150184	6.084235	1.221765
11766	-10408.37	-10911.64	503.2736	0.319298	0.464114	0.0952718	0.121316	0.8535515	1.215208	6.096795	0.9640356
11772	-10410.98	-10913.31	502.3273	0.319298	0.464114	0.0952718	0.121316	0.8134405	1.218216	6.212669	1.82916
11778	-10409.67	-10912.26	502.5934	0.29314	0.446614	0.144265	0.115981	0.9169738	1.093741	6.456744	1.03788
11784	-10400.76	-10902.97	502.2102	0.292404	0.506253	0.0856535	0.11569	0.9004686	1.080907	6.456744	1.483375
11790	-10411.18	-10914.6	503.4226	0.330738	0.441523	0.0968825	0.130857	1.344059	1.181301	5.70627	1.088004
11796	-10412.43	-10913.82	501.3913	0.415188	0.35079	0.130057	0.103965	1.219197	1.197961	6.403374	2.09492
11802	-10413.28	-10914.2	500.9196	0.411168	0.347393	0.128798	0.112641	1.219197	1.080798	6.403374	2.984334
11808	-10405.29	-10906.16	500.8634	0.426436	0.341501	0.133468	0.0985958	1.223186	1.084984	6.418617	3.018085
11814	-10398.9	-10900.35	501.4483	0.413382	0.331047	0.159993	0.0955777	1.086407	1.114969	6.350496	2.451689
11820	-10404.38	-10905.63	501.2474	0.415111	0.339456	0.160662	0.0847719	1.239227	1.061027	6.572915	2.026154
11826	-10408.53	-10909.27	500.7414	0.3682	0.419806	0.136802	0.075192	1.151881	1.033487	6.831048	2.21593
11832	-10430.8	-10932.06	501.2542	0.279341	0.37014	0.305677	0.0448423	0.8353039	0.9618485	7.094201	1.439333
11838	-10427.55	-10927.47	499.9234	0.507996	0.170507	0.292891	0.0286052	1.361816	1.01224	7.152977	2.282113
11844	-10433.56	-10935.27	501.7149	0.490167	0.113174	0.350557	0.0461013	1.368536	1.015701	6.398858	1.743162
11850	-10410.11	-10911.29	501.1782	0.424552	0.162592	0.374133	0.0387227	1.20674	1.057125	6.482888	2.404986
11856	-10414.56	-10915.62	501.0588	0.432901	0.165789	0.380928	0.0203828	1.278612	1.055088	6.482888	2.48586
11862	-10422.85	-10922.58	499.7298	0.50703	0.18355	0.282437	0.0269829	1.236502	0.9747849	6.513383	5.128657
11868	-10405.78	-10906.29	500.5141	0.445771	0.156557	0.35592	0.0417511	1.061602	0.9520523	7.061055	2.173214
11874	-10414.04	-10913.77	499.7316	0.574914	0.15155	0.111755	0.161781	1.857675	1.057677	6.33523	4.486461
11880	-10399.2	-10899.55	500.3531	0.553584	0.159154	0.117363	0.169899	1.597983	1.085227	6.348184	3.560948
11886	-10414.21	-10914.45	500.2459	0.411545	0.360365	0.0921221	0.135968	1.41058	1.094157	6.821272	2.529091
11892	-10411.6	-10912.07	500.4718	0.509668	0.124985	0.210712	0.154635	1.358632	1.059006	6.568204	3.046746
11898	-10420.18	-10921.55	501.3713	0.488371	0.161548	0.201908	0.148173	1.395606	1.139269	6.018075	3.046746
11904	-10396.45	-10897.68	501.2367	0.495396	0.245933	0.0849405	0.173731	1.45518	1.031298	6.321352	2.463883
11910	-10401.54	-10902.84	501.2942	0.572517	0.143752	0.168827	0.114904	1.357317	1.101142	6.321352	2.40384
11916	-10409.09	-10910.52	501.4363	0.376499	0.43925	0.077847	0.106403	1.206302	1.060327	6.401655	2.244817
11922	-10395.6	-10897.5	501.8948	0.349178	0.407376	0.179331	0.0641142	1.033999	1.133095	6.350613	1.878893
11928	-10376.56	-10878.02	501.4554	0.343106	0.400292	0.176213	0.0803886	0.96533	1.069534	6.350613	2.693319
11934	-10387.23	-10886.73	499.507	0.519536	0.171018	0.204959	0.104487	1.315051	1.046752	6.799731	4.13987
11940	-10400.55	-10900.73	500.1867	0.521233	0.214118	0.160249	0.1044	1.403493	1.136084	6.814532	2.583983
11946	-10400.23	-10901.25	501.0137	0.467977	0.323907	0.122056	0.0860596	1.720309	1.083998	6.215333	2.681294
11952	-10400.65	-10901.12	500.4663	0.321398	0.376993	0.22094	0.0806689	1.011543	1.048219	6.873999	2.687888
11958	-10382.55	-10883.51	500.9576	0.357122	0.377737	0.16817	0.0969713	1.09937	1.148552	6.650177	2.293083
11964	-10387.54	-10886.53	498.991	0.363397	0.384374	0.171124	0.0811043	1.107078	0.954544	7.65564	2.71844
11970	-10411.25	-10911.28	500.024	0.547334	0.212506	0.121126	0.119034	1.188645	1.022389	6.694056	3.783954
11976	-10400.81	-10900.36	499.5596	0.467009	0.298054	0.133372	0.101565	1.234741	1.062929	6.899429	3.783954
11982	-10394.96	-10895.42	500.4621	0.511694	0.155004	0.22202	0.111283	1.31371	1.099435	6.66548	2.76837
11988	-10406.25	-10907.66	501.4181	0.502813	0.179146	0.193771	0.124271	1.263714	1.049645	6.221948	2.701697
11994	-10401.76	-10902.02	500.2627	0.532734	0.205402	0.130198	0.131666	1.358668	1.141503	6.172566	4.709383
12000	-10405.79	-10907.45	501.6606	0.499563	0.254859	0.12211	0.123468	1.220013	1.036007	6.525561	1.665047
12006	-10417.5	-10918.4	500.9086	0.442813	0.270783	0.108238	0.178166	1.404912	1.05502	6.346412	2.938472
12012	-10421.97	-10924.24	502.2734	0.352878	0.449287	0.130811	0.0670231	1.0313	1.09968	6.194638	1.808175
12018	-10408.31	-10909.37	501.0511	0.396515	0.338403	0.18977	0.0753112	1.122592	1.018827	6.670307	2.259558
12024	-10400.67	-10901.44	500.7672	0.516778	0.111872	0.299252	0.0720984	1.310928	1.041816	6.569126	2.663037
12030	-10406.86	-10907.93	501.0703	0.520273	0.112629	0.301276	0.0658226	1.314409	1.061197	6.525305	2.297233
12036	-10403.92	-10903.62	499.6988	0.526721	0.0521167	0.346577	0.0745848	1.399851	1.033206	6.967229	3.085465
12042	-10402.27	-10902.69	500.4225	0.503069	0.0788377	0.331014	0.0870792	1.332381	1.036231	6.896717	2.252965
12048	-10416.4	-10915.47	499.0677	0.536556	0.101044	0.278231	0.0841688	1.233618	1.006469	7.242948	3.614705
12054	-10426.34	-10926.33	499.9873	0.455656	0.168222	0.311888	0.0642346	1.247526	1.038553	7.242948	2.069067
12060	-10412.81	-10913.04	500.2363	0.407724	0.245292	0.308133	0.0388518	1.133629	1.048097	7.347686	1.627156
12066	-10422.16	-10922.05	499.8856	0.46858	0.135426	0.354124	0.0418696	1.310158	1.015497	7.411316	1.748579
12072	-10403.6	-10904.9	501.3013	0.456297	0.128068	0.371688	0.0439463	1.086016	1.190261	6.444409	2.304081
12078	-10392.75	-10894.53	501.7856	0.499773	0.14027	0.327057	0.0328997	1.086016	1.121762	6.408194	1.831864
12084	-10419.03	-10919.49	500.4667	0.48875	0.128644	0.341849	0.0407577	1.145761	1.06673	6.81929	2.612116
12090	-10417.79	-10918.32	500.5301	0.404938	0.174898	0.367239	0.0529257	1.145761	1.069642	6.783547	2.612116
12096	-10404.29	-10905.62	501.3357	0.461808	0.185864	0.309658	0.04267	1.145761	1.090382	6.819193	1.427427
12102	-10399.94	-10900.85	500.9075	0.45733	0.193758	0.306656	0.0422563	1.277997	1.053432	6.800545	1.88194
12108	-10398.51	-10899.49	500.9845	0.39104	0.238775	0.341978	0.0282075	1.134281	1.042606	6.837868	1.88194
12114	-10388.99	-10889.71	500.7181	0.422969	0.258271	0.264176	0.0545844	1.129642	1.06746	6.935387	1.966902
12120	-10406.94	-10908.76	501.8181	0.446215	0.272466	0.219511	0.0618075	0.9824157	1.12436	6.165857	2.54717
12126	-10414.75	-10917.75	502.993	0.305719	0.423167	0.211549	0.0595657	1.02317	1.180369	5.96873	1.360128
12132	-10412.57	-10914.89	502.3244	0.348681	0.441757	0.131645	0.0779176	1.02317	1.095181	6.420624	1.275532
12138	-10407.5	-10909.03	501.5275	0.304804	0.447103	0.155849	0.0922437	0.9599465	1.070516	6.693896	1.715035
12144	-10408.28	-10909.43	501.1545	0.24003	0.577399	0.12604	0.0565306	0.9599465	1.054921	6.937123	1.63916
12150	-10394.27	-10897.17	502.9	0.354018	0.442788	0.149766	0.0534272	0.8797213	1.181615	6.079542	1.397961
12156	-10397.9	-10899.04	501.131	0.331696	0.443908	0.180507	0.04389	1.082705	1.073905	6.845934	1.702106
12162	-10402.75	-10904.71	501.9625	0.325794	0.43601	0.217567	0.0206296	0.8405028	1.008361	6.732007	1.340364
12168	-10407.29	-10909.75	502.4538	0.26618	0.474481	0.231602	0.0277366	0.829186	1.109688	6.298284	1.592852
12174	-10403.77	-10905.13	501.3545	0.440834	0.299168	0.217942	0.0420557	1.148774	1.10187	6.298284	2.66911
12180	-10417.52	-10919.77	502.2447	0.453428	0.20858	0.220635	0.117357	1.109383	1.235291	5.289792	4.213441
12186	-10403.57	-10904.69	501.1203	0.322466	0.423676	0.118523	0.135335	1.180817	1.161075	6.576467	2.128622
12192	-10398.9	-10900.82	501.9166	0.519571	0.297497	0.0945193	0.088413	1.306333	1.077858	6.101221	2.191614
12198	-10401.89	-10903.29	501.3945	0.439134	0.366413	0.0731339	0.121319	1.466289	0.9908063	6.58723	1.634474
12204	-10415.09	-10916.48	501.3895	0.456397	0.380818	0.0760089	0.0867764	1.529552	1.048759	6.566523	1.551954
12210	-10399.49	-10901.16	501.6702	0.325259	0.369954	0.226773	0.0780147	1.102515	1.084283	6.739581	1.273077
12216	-10398.62	-10900.07	501.4434	0.329095	0.374318	0.229448	0.0671395	1.109561	1.091986	6.923095	1.137268
12222	-10397.49	-10899.32	501.8314	0.291025	0.453749	0.202905	0.0523208	0.9371683	1.057347	6.824869	1.137268
12228	-10405.44	-10908.76	503.3119	0.370239	0.392873	0.188859	0.0480291	0.9295995	1.180459	5.933119	1.187167
12234	-10407.24	-10908.91	501.6783	0.384128	0.370098	0.195944	0.0498308	1.049543	1.166041	6.700836	1.309803
12240	-10398.52	-10899.83	501.3098	0.361183	0.407723	0.18424	0.0468543	1.098748	1.154422	6.700638	1.694969
12246	-10389.87	-10892.2	502.3354	0.354447	0.400119	0.180804	0.0646299	0.9273897	1.049459	6.293362	1.697289
12252	-10400.97	-10903.12	502.15	0.366575	0.332795	0.206701	0.0939286	1.072207	1.139628	6.355766	1.501038
12258	-10397.45	-10897.48	500.0294	0.392013	0.408707	0.0777207	0.12156	1.072207	1.025999	7.335957	2.021406
12264	-10419.3	-10920.9	501.5942	0.348481	0.410093	0.161206	0.0802204	1.137153	1.114937	6.467333	1.882657
12270	-10414.85	-10916.69	501.8391	0.33233	0.388273	0.181711	0.0976866	1.054528	1.176461	6.34472	1.882657
12276	-10416.94	-10918.96	502.0206	0.409727	0.331733	0.155251	0.103289	1.210475	1.205239	5.834051	2.706461
12282	-10419.26	-10918.71	499.4494	0.410669	0.322231	0.163574	0.103526	1.065033	1.086863	7.247398	3.064684
12288	-10409.01	-10909.91	500.9049	0.374142	0.35222	0.178797	0.0948404	1.067504	1.086863	6.896001	1.872058
12294	-10407.85	-10908.18	500.3329	0.408813	0.314476	0.195366	0.0813446	0.9048044	1.045501	6.896001	3.017308
12300	-10395.43	-10895.61	500.1773	0.383161	0.378591	0.158771	0.0794773	1.00971	1.055277	6.917399	3.017308
12306	-10407.39	-10908.14	500.7519	0.383161	0.378591	0.158771	0.0794773	1.250879	1.025099	6.732518	2.340201
12312	-10395.32	-10896	500.689	0.372421	0.367979	0.115504	0.144096	1.252374	1.138023	6.908935	1.826322
12318	-10379.96	-10882.14	502.1766	0.332779	0.448176	0.0902879	0.128758	1.199154	1.078955	6.15926	1.833771
12324	-10385.33	-10887.59	502.2601	0.329049	0.45436	0.089276	0.127315	1.025282	1.236356	5.922806	2.323741
12330	-10389.4	-10891.74	502.3332	0.438789	0.424177	0.0181769	0.118857	1.318141	1.208523	5.745694	2.323741
12336	-10406.08	-10909.21	503.1326	0.415389	0.410415	0.0142768	0.159919	1.242649	1.287165	5.518679	1.791063
12342	-10411.03	-10913.19	502.1645	0.432399	0.353863	0.0515193	0.162219	1.221081	1.147554	6.135601	1.791063
12348	-10423.24	-10925.79	502.551	0.36391	0.354004	0.162509	0.119578	1.221081	1.106791	5.947163	1.791063
12354	-10410.43	-10911.58	501.1478	0.484559	0.29323	0.124846	0.0973653	1.156443	1.082915	6.697435	1.927725
12360	-10404.25	-10906	501.7418	0.415434	0.313424	0.128662	0.14248	1.156443	1.139537	6.274083	2.102437
12366	-10413.43	-10915.22	501.7852	0.442095	0.320967	0.132519	0.104418	1.105747	1.262925	6.0475	2.531753
12372	-10411.71	-10912.57	500.8678	0.49422	0.0474326	0.341617	0.11673	1.336581	1.136572	6.518764	2.471434
12378	-10407.58	-10907.38	499.7949	0.545242	0.0478028	0.339639	0.0673162	1.296039	1.071679	6.763619	3.690288
12384	-10385.61	-10885.52	499.9035	0.556569	0.0229126	0.350959	0.0695598	1.592628	1.119552	6.724595	3.072434
12390	-10392.31	-10893.93	501.6137	0.533559	0.0559064	0.336449	0.0740858	1.382848	1.100408	6.311368	1.954133
12396	-10404.86	-10904.62	499.7591	0.531888	0.125617	0.266849	0.0756458	1.213345	1.082368	7.237092	2.389348
12402	-10401.34	-10902.84	501.4986	0.502332	0.114024	0.282209	0.101435	1.543628	1.130067	6.135149	2.325392
12408	-10400.24	-10901.33	501.0902	0.57295	0.107933	0.191784	0.127333	1.467522	1.15804	6.151681	2.969291
12414	-10394.21	-10895.6	501.3848	0.554282	0.113768	0.241937	0.0900124	1.473277	1.120047	6.30225	2.151531
12420	-10393.42	-10895.34	501.9172	0.42758	0.348144	0.0645248	0.159752	1.149841	1.082509	6.203924	2.125705
12426	-10392	-10892.27	500.2684	0.426754	0.3862	0.0538134	0.133232	1.320092	1.120894	6.677358	3.004063
12432	-10399.75	-10900.71	500.9544	0.399793	0.361801	0.0753495	0.163057	1.216142	1.166056	6.333391	3.004063
12438	-10387.63	-10891.25	503.6197	0.398547	0.286743	0.251702	0.0630088	1.00115	1.170115	5.54829	1.55868
12444	-10394.27	-10897.79	503.5255	0.401397	0.281641	0.253502	0.0634594	1.15987	1.240473	5.284399	1.994363
12450	-10380.9	-10884.22	503.3203	0.413234	0.320529	0.215839	0.0503981	1.145844	1.284789	5.284399	2.233121
12456	-10389.42	-10891.49	502.0721	0.461369	0.142343	0.366924	0.0293633	1.275843	1.281711	5.628716	3.0081
12462	-10401.73	-10904.7	502.9733	0.416648	0.34046	0.22495	0.0179422	1.224111	1.220145	5.187464	3.023778
12468	-10393.45	-10897.04	503.5892	0.504172	0.113166	0.306454	0.0762082	1.168978	1.295943	5.218333	1.983295
12474	-10387.88	-10890.23	502.3523	0.479388	0.166767	0.283376	0.0704693	1.168978	1.218873	5.913604	2.048093
12480	-10393.29	-10895.11	501.8255	0.52618	0.165718	0.234117	0.0739842	1.168978	1.20905	5.982023	2.643417
12486	-10374.7	-10877.4	502.703	0.409448	0.352347	0.167461	0.0707443	1.168978	1.190863	5.752628	2.010083
12492	-10382.2	-10882.82	500.6126	0.496329	0.209594	0.202994	0.0910826	1.164883	1.190863	6.291153	3.801676
12498	-10385.75	-10887.59	501.8325	0.496329	0.209594	0.202994	0.0910826	1.085553	1.178761	6.168396	2.288245
12504	-10393.54	-10894.93	501.3819	0.374291	0.399304	0.140744	0.0856603	0.9445157	1.140974	6.748208	1.703068
12510	-10396.05	-10897.5	501.445	0.370716	0.404973	0.155501	0.0688106	1.015085	1.141074	6.748208	1.541902
12516	-10395.27	-10898.29	503.0196	0.405749	0.348741	0.170196	0.0753133	0.8998971	1.129562	5.867053	1.754554
12522	-10389.99	-10893.3	503.3098	0.311921	0.443248	0.141557	0.103274	0.8998971	1.133144	5.813492	1.518468
12528	-10405.11	-10907.51	502.4	0.286477	0.407091	0.171366	0.135066	1.138885	1.224048	6.215025	1.3424
12534	-10404.67	-10906.34	501.6673	0.325813	0.462989	0.0575862	0.153612	0.9363909	1.113761	6.826685	1.248457
12540	-10387.15	-10888.13	500.9852	0.331326	0.485751	0.099998	0.0829246	1.123579	1.069678	7.027421	1.434415
12546	-10369.73	-10871.95	502.2272	0.314398	0.460934	0.14598	0.0786879	0.9870007	1.043415	6.403963	1.518117
12552	-10391.32	-10892.39	501.0748	0.425979	0.344162	0.123245	0.106614	1.163453	1.116719	6.92406	1.453738
12558	-10399.11	-10898.45	499.3428	0.465008	0.303521	0.134537	0.0969339	1.23507	1.064804	7.781419	1.591904
12564	-10399.7	-10899.73	500.0323	0.366002	0.399556	0.149225	0.0852167	1.275866	1.037027	7.392599	1.624017
12570	-10410.1	-10913.15	503.0525	0.355089	0.420529	0.0961243	0.128257	1.189777	1.193711	5.853192	1.334682
12576	-10418.27	-10921.07	502.8001	0.321632	0.488764	0.102591	0.087012	1.093525	1.152826	5.73119	2.081189
12582	-10394.62	-10896.57	501.9474	0.363956	0.369949	0.199704	0.0663908	0.9576124	1.079571	6.610984	1.393441
12588	-10412.25	-10915.65	503.3922	0.330727	0.379729	0.204983	0.0845605	0.8920943	1.13222	5.910467	1.238064
12594	-10416.31	-10919.21	502.9004	0.324369	0.458715	0.144207	0.0727089	0.9342318	1.203912	5.910467	1.668673
12600	-10422.83	-10922.79	499.9652	0.46424	0.340877	0.0483685	0.146514	1.375413	1.106262	6.626084	3.648219
12606	-10432.68	-10932.24	499.5593	0.52067	0.304798	0.0529405	0.121592	1.452894	1.12968	6.685156	4.046455
12612	-10414.77	-10916.17	501.4039	0.507783	0.297254	0.0763793	0.118583	1.306703	1.051316	6.141168	2.896453
12618	-10403.46	-10903.27	499.81	0.527812	0.238693	0.0498496	0.183645	1.504571	1.183868	6.434218	4.279469
12624	-10391.62	-10893.4	501.7832	0.327126	0.467409	0.0438653	0.161599	1.327071	1.173173	6.434218	1.44141
12630	-10396.86	-10898.48	501.621	0.319471	0.456471	0.121946	0.102112	1.026776	1.151392	6.133273	2.838101
12636	-10411.9	-10913.71	501.8159	0.351931	0.462492	0.0740925	0.111485	1.030426	1.117	6.687179	1.261514
12642	-10418.4	-10920.67	502.2736	0.339161	0.476648	0.0991622	0.0850287	1.347336	1.209434	6.01818	1.702013
12648	-10415.64	-10918.06	502.4159	0.3554	0.416041	0.123049	0.105511	1.069996	1.175432	6.183563	1.521275
12654	-10399.23	-10901.46	502.2392	0.3554	0.416041	0.123049	0.105511	1.151042	1.172764	6.183563	1.641039
12660	-10406.58	-10908.95	502.3761	0.337477	0.39506	0.165661	0.101802	1.009458	1.100513	6.210575	1.670225
12666	-10389.78	-10890.99	501.208	0.408431	0.419367	0.0489963	0.123206	1.108336	1.152081	6.345679	2.744537
12672	-10390.14	-10892.37	502.2315	0.388714	0.391747	0.0548334	0.164706	1.143098	1.206088	5.956656	2.156684
12678	-10386.61	-10888.49	501.8769	0.376608	0.379546	0.142044	0.101802	1.245986	1.130269	6.31027	1.741532
12684	-10413.46	-10915.14	501.6778	0.426346	0.340759	0.117648	0.115247	1.209503	1.064315	6.472572	1.741532
12690	-10402.39	-10903.16	500.771	0.460043	0.299401	0.112532	0.128024	1.385761	1.108605	6.482332	2.697762
12696	-10406.04	-10906.5	500.4583	0.361443	0.426412	0.0884131	0.123732	1.213526	1.112717	6.482332	3.489377
12702	-10414.58	-10914.53	499.9504	0.370778	0.437425	0.0593956	0.132401	1.228244	1.06264	7.125534	2.421772
12708	-10384.47	-10884.75	500.2771	0.369282	0.393861	0.112435	0.124422	1.056027	1.082348	6.979995	2.555606
12714	-10403.42	-10905.47	502.0504	0.426405	0.35819	0.102252	0.113153	1.171584	1.145699	6.158374	1.946553
12720	-10407.17	-10907.59	500.4192	0.457313	0.294574	0.131199	0.116914	1.371704	1.058252	6.988495	1.946553
12726	-10411.42	-10911.72	500.3054	0.378961	0.364101	0.154277	0.102662	1.220682	1.058252	7.234946	1.685479
12732	-10399.06	-10899.06	499.9987	0.416102	0.369438	0.101737	0.112723	1.185788	0.9894865	7.513433	1.552467
12738	-10380.2	-10880.96	500.7635	0.367856	0.326603	0.219419	0.0861228	0.9644853	1.042195	7.291896	1.338316
12744	-10411.54	-10911.64	500.1061	0.364757	0.323852	0.217571	0.0938201	0.9644853	1.030013	7.48899	1.689688
12750	-10412.92	-10915.68	502.7596	0.278091	0.449958	0.198151	0.0737997	0.8765244	1.175036	6.342691	1.04223
12756	-10413.9	-10914.91	501.0082	0.332077	0.426432	0.18779	0.0537001	1.00756	1.101383	6.834956	1.943181
12762	-10393.92	-10894.79	500.8662	0.398919	0.369741	0.131772	0.0995677	1.143862	1.116808	6.939333	1.6892
12768	-10409.46	-10909.73	500.265	0.385449	0.357257	0.127323	0.129971	1.143862	1.0831	6.939333	2.5578
12774	-10425.17	-10926.1	500.9273	0.459076	0.260008	0.164988	0.115928	1.101637	0.9588649	6.62577	2.686944
12780	-10387.33	-10888.1	500.767	0.414255	0.332254	0.14888	0.10461	1.128807	1.092863	6.62577	2.686944
12786	-10396.33	-10897.9	501.5697	0.456142	0.264736	0.163934	0.115188	1.134157	1.051338	6.159053	2.836556
12792	-10407.88	-10907.86	499.9772	0.597782	0.0693319	0.217099	0.115787	1.314106	1.06219	6.569418	4.021369
12798	-10389.73	-10890.75	501.0234	0.470234	0.206639	0.170777	0.15235	1.326054	1.180774	6.512609	2.212413
12804	-10389.3	-10892.55	503.2497	0.492897	0.166424	0.238727	0.101952	1.348913	1.274904	5.358454	1.904588
12810	-10408.54	-10910.37	501.836	0.313134	0.46628	0.0914859	0.129099	1.04714	1.126221	6.361845	1.920388
12816	-10406.38	-10908.35	501.9753	0.330659	0.450324	0.0883552	0.130662	1.040149	1.112693	6.391253	1.70133
12822	-10417.42	-10919.86	502.4375	0.353966	0.421534	0.0883219	0.136178	1.076331	1.057333	6.365377	1.247585
12828	-10418.65	-10920.33	501.6803	0.388422	0.403438	0.108908	0.0992324	1.09649	1.153017	6.233174	2.357822
12834	-10408.5	-10909.46	500.9607	0.388174	0.40318	0.109477	0.099169	1.09649	1.06941	6.783578	2.059067
12840	-10407.83	-10909.08	501.2437	0.354784	0.415393	0.10006	0.129762	1.047467	1.094494	6.592005	2.188889
12846	-10409.28	-10910.53	501.2463	0.491674	0.27559	0.0740384	0.158698	1.181461	1.142664	6.251595	2.863596
12852	-10402.63	-10904.03	501.4029	0.441111	0.303002	0.081403	0.174484	1.14438	1.154566	6.179223	2.863596
12858	-10419.36	-10919.71	500.3535	0.472827	0.291776	0.0673786	0.168019	1.323275	1.106179	6.683794	2.863596
12864	-10405.23	-10905.95	500.7144	0.488772	0.306742	0.0910315	0.113454	1.277663	1.123206	6.570397	2.662435
12870	-10400.57	-10902.27	501.6922	0.440497	0.29888	0.121249	0.139375	1.059165	1.132405	6.377229	2.04962
12876	-10401.98	-10904.92	502.9306	0.435801	0.421827	0.0273314	0.115041	1.213836	1.256097	5.493017	2.198441
12882	-10384.97	-10886.77	501.7985	0.46251	0.340676	0.0290064	0.167808	1.215631	1.144585	6.171182	2.201343
12888	-10398.63	-10899.02	500.3919	0.462634	0.314565	0.0328363	0.189965	1.370663	1.158117	6.329785	3.786406
12894	-10411.2	-10911.89	500.6946	0.463465	0.320081	0.0261483	0.190306	1.469088	1.175489	6.551302	2.407012
12900	-10412.93	-10914.08	501.1506	0.398189	0.415844	0.0224654	0.163502	1.16453	1.139103	6.253731	3.048034
12906	-10404.1	-10905.55	501.4519	0.330596	0.528688	0.0160332	0.124683	1.216221	1.159364	6.258241	2.448212
12912	-10404.23	-10904.95	500.7192	0.404528	0.345355	0.144846	0.105271	1.155949	1.16919	6.717024	2.349988
12918	-10387.6	-10888.23	500.633	0.419811	0.334985	0.129519	0.115685	1.028109	1.080319	7.037798	1.942416
12924	-10387.17	-10888.32	501.1529	0.321097	0.458893	0.13964	0.0803696	0.8034689	1.05684	7.219911	1.225145
12930	-10396.05	-10897.31	501.265	0.323725	0.462648	0.140783	0.0728446	0.8097838	1.126606	7.117991	1.226343
12936	-10386.18	-10887.71	501.5322	0.268677	0.499893	0.170973	0.0604577	0.7771262	1.12421	6.832097	1.563616
12942	-10375.13	-10877.64	502.5104	0.299115	0.504577	0.135284	0.0610242	0.7879318	1.229134	6.298564	1.437504
12948	-10403.42	-10905.8	502.3776	0.388824	0.34299	0.219171	0.0490144	0.9539429	1.169888	6.298564	1.461044
12954	-10398.29	-10900.32	502.0254	0.439224	0.22676	0.278649	0.0553676	0.9605653	1.160628	6.298564	1.893371
12960	-10407.74	-10908.2	500.4646	0.454091	0.263415	0.168774	0.11372	1.210375	1.019272	6.613658	3.21689
12966	-10382.87	-10884.34	501.4683	0.489721	0.313029	0.0746072	0.122643	1.471234	1.142985	6.150766	2.399578
12972	-10390.21	-10890.68	500.4672	0.461652	0.262689	0.160045	0.115613	1.5275	1.039964	6.723024	2.399578
12978	-10387.63	-10888.08	500.4481	0.572538	0.250819	0.0332601	0.143383	1.592636	1.084108	6.527876	2.831851
12984	-10406.63	-10906.29	499.6615	0.502993	0.282501	0.0374613	0.177044	1.640627	1.139669	6.584167	3.877437
12990	-10414.53	-10913.93	499.4028	0.576836	0.0577304	0.230599	0.134834	1.757178	1.089542	6.833673	3.411174
12996	-10402.57	-10901.39	498.8192	0.617338	0.0191465	0.246791	0.116725	1.872062	1.117755	6.759049	4.612693
13002	-10403.32	-10903.59	500.2679	0.579706	0.0789385	0.231746	0.109609	1.385258	1.158428	6.347471	3.938658
13008	-10403.37	-10904	500.6381	0.592627	0.0973007	0.197081	0.112991	1.450941	1.173494	6.216936	3.550226
13014	-10420.97	-10921.8	500.8233	0.528497	0.0151696	0.28847	0.167863	1.392783	1.150521	6.156623	3.550226
13020	-10418.65	-10920.5	501.8487	0.530901	0.1392	0.203595	0.126304	1.262572	1.21408	5.82694	2.911215
13026	-10428.97	-10929.34	500.3652	0.514005	0.208461	0.197115	0.0804198	1.354966	1.21408	6.231686	4.113837
13032	-10425.76	-10926.49	500.7317	0.570255	0.105106	0.193581	0.131058	1.660021	1.285194	5.921206	3.854187
13038	-10417.32	-10917.28	499.9533	0.561735	0.118475	0.190689	0.1291	1.655206	1.202896	5.804893	6.349234
13044	-10398.51	-10898.23	499.7183	0.53252	0.224468	0.120626	0.122386	1.4721	1.212335	5.917634	6.83483
13050	-10395.45	-10895.45	499.9959	0.50767	0.147356	0.22801	0.116964	1.339433	1.159136	6.234418	5.056646
13056	-10396.84	-10896.25	499.4096	0.514919	0.171272	0.205115	0.108694	1.392554	1.026063	7.007435	3.488065
13062	-10392.61	-10891.48	498.8662	0.521728	0.160314	0.207828	0.110131	1.32288	1.115012	7.007435	4.517811
13068	-10399.54	-10900.56	501.0184	0.547684	0.19664	0.145915	0.109761	1.737659	1.153097	6.337846	2.216552
13074	-10399.68	-10899.93	500.2545	0.459313	0.323966	0.061933	0.154788	1.187275	1.150968	6.337846	4.390222
13080	-10385.59	-10886.06	500.4716	0.471521	0.297569	0.072008	0.158902	1.442089	1.101315	6.708649	2.451097
13086	-10386.84	-10886.89	500.0524	0.456243	0.336431	0.0535725	0.153754	1.407564	1.132982	6.697065	3.154946
13092	-10397.39	-10899.22	501.8331	0.526911	0.278165	0.0677989	0.127125	1.468075	1.270527	5.509549	3.526246
13098	-10399.26	-10900.37	501.1176	0.532149	0.221098	0.118364	0.128389	1.355562	1.250112	6.088752	3.129976
13104	-10403.27	-10905.53	502.2569	0.371211	0.449624	0.0758052	0.10336	0.9905459	1.252867	5.778693	2.755335
13110	-10406.24	-10909.22	502.9772	0.371211	0.449624	0.0758052	0.10336	1.139555	1.198735	5.652444	1.916273
13116	-10393.85	-10896.4	502.5457	0.29184	0.493571	0.085221	0.129368	0.9844733	1.200544	5.807032	2.327777
13122	-10392.53	-10895.37	502.8365	0.385423	0.378677	0.112548	0.123352	1.195938	1.206063	5.807032	1.661464
13128	-10391.06	-10893.91	502.851	0.298312	0.504269	0.0776889	0.11973	0.986003	1.131142	5.99806	1.560075
13134	-10411.54	-10913.75	502.2091	0.332724	0.494532	0.0761888	0.0965551	1.039946	1.208774	6.166119	1.806994
13140	-10400.95	-10903.31	502.3604	0.357685	0.476033	0.0733388	0.0929433	1.039946	1.208774	6.194331	1.558766
13146	-10423.26	-10926.12	502.869	0.405442	0.327398	0.161808	0.105353	1.003663	1.075799	5.889284	1.828322
13152	-10423.22	-10924.05	500.8303	0.399463	0.363352	0.179577	0.0576073	1.109803	1.092075	6.977735	1.716427
13158	-10405.84	-10907.44	501.6013	0.414729	0.385152	0.139056	0.0610635	1.031511	1.067102	6.353628	2.367864
13164	-10403.89	-10905.98	502.0843	0.319237	0.43122	0.170409	0.0791342	0.8541868	1.085817	6.588742	1.397813
13170	-10411.14	-10912.61	501.4744	0.407215	0.3309	0.174353	0.087531	0.9954321	1.122732	6.528154	2.06611
13176	-10403.06	-10904.03	500.9735	0.459342	0.156867	0.282043	0.101748	1.191171	1.10309	6.700456	2.081641
13182	-10418.36	-10919.13	500.7731	0.485921	0.219758	0.146945	0.147376	1.72883	1.147465	6.322487	2.639295
13188	-10395.12	-10897.17	502.0509	0.423062	0.19133	0.257297	0.128311	1.164616	1.110004	6.312925	1.641064
13194	-10401.37	-10902.59	501.224	0.416313	0.188277	0.301215	0.0941951	1.178425	1.183815	6.312925	2.658662
13200	-10412.7	-10915.81	503.1077	0.413475	0.186994	0.299162	0.100369	1.178425	1.154321	5.517834	2.078456
13206	-10392.67	-10894.15	501.4798	0.483481	0.170197	0.27229	0.0740316	1.186853	1.134756	6.402966	2.10293
13212	-10395.25	-10898.07	502.8238	0.414038	0.34846	0.164706	0.0727961	1.031452	1.176985	5.916687	1.661941
13218	-10403.09	-10905.2	502.1079	0.410467	0.345454	0.134545	0.109534	0.9550128	1.213903	6.10996	2.184565
13224	-10409.09	-10911.3	502.2118	0.410467	0.345454	0.134545	0.109534	1.165687	1.14712	6.287481	1.461966
13230	-10406.25	-10907.47	501.2185	0.322432	0.485838	0.105688	0.0860416	1.050208	1.125246	6.789198	1.699957
13236	-10395.03	-10897.53	502.4973	0.305505	0.460333	0.150608	0.0835538	0.9780348	1.151622	6.31605	1.284801
13242	-10405.14	-10907.93	502.7842	0.300948	0.45811	0.14369	0.0972522	1.041667	1.151622	6.022866	1.496234
13248	-10410.2	-10912	501.7985	0.234193	0.58067	0.11041	0.0747273	0.848432	1.13411	6.574948	1.714627
13254	-10404.41	-10906.27	501.8535	0.323006	0.371607	0.225795	0.0795912	1.128817	1.13411	6.366628	1.774783
13260	-10400.8	-10901.07	500.2664	0.426066	0.316322	0.180528	0.0770848	1.195737	1.155105	6.850833	2.621198
13266	-10394.9	-10896.07	501.1626	0.409568	0.327159	0.173537	0.0897352	1.058016	1.084351	6.679652	2.077008
13272	-10404.31	-10905.13	500.827	0.401712	0.320884	0.170209	0.107195	1.171065	1.178729	6.679652	2.26014
13278	-10399.14	-10899.53	500.3839	0.408888	0.40356	0.0783325	0.10922	1.171065	1.12866	6.679652	3.022781
13284	-10402	-10903.75	501.7533	0.459561	0.323434	0.118327	0.0986769	1.287513	1.204118	6.060568	2.375885
13290	-10411.3	-10913.28	501.987	0.449673	0.316475	0.137299	0.0965536	1.355952	1.188485	6.060568	1.985513
13296	-10406.51	-10908.35	501.8371	0.372173	0.361042	0.156634	0.110151	1.128696	1.075836	6.342502	1.927379
13302	-10399.29	-10900.79	501.4947	0.38141	0.370003	0.139742	0.108845	0.9455451	1.112752	6.606265	1.927379
13308	-10396.91	-10898.46	501.5493	0.41204	0.324989	0.201146	0.0618242	1.110836	1.068098	6.58236	1.761551
13314	-10403.95	-10903.48	499.5297	0.466115	0.159288	0.286529	0.0880675	1.333677	1.142225	7.080878	2.932166
13320	-10417.34	-10915.92	498.581	0.527415	0.20359	0.13486	0.134135	1.333677	1.06035	7.080878	4.948797
13326	-10419.3	-10920.5	501.1962	0.365078	0.383324	0.126138	0.12546	0.8375913	1.208993	6.51391	2.614895
13332	-10406.99	-10907.63	500.6435	0.534851	0.172893	0.214846	0.0774102	1.158654	1.142123	6.274906	3.906243
13338	-10399.59	-10899.83	500.2353	0.482233	0.196246	0.255979	0.0655414	1.188226	1.074744	6.900865	2.661236
13344	-10408.91	-10909.86	500.9527	0.485327	0.182455	0.262399	0.0698188	1.239675	1.140326	6.374124	2.888884
13350	-10408.21	-10910.6	502.398	0.431632	0.201491	0.289774	0.0771029	0.9712102	1.140326	5.988912	2.169595
13356	-10399.62	-10901.88	502.2639	0.474357	0.221435	0.230876	0.0733319	1.158918	1.149027	6.101508	1.81711
13362	-10415.7	-10916.37	500.6687	0.479096	0.249513	0.199347	0.0720436	1.234723	1.038545	6.970787	1.85375
13368	-10412.11	-10913.4	501.295	0.410503	0.300299	0.129313	0.159884	1.311157	1.076347	6.509691	2.009483
13374	-10397.48	-10897.14	499.665	0.388391	0.284124	0.187677	0.139809	1.410201	1.037941	7.294081	2.179029
13380	-10396.3	-10895.19	498.8983	0.481577	0.144613	0.214225	0.159586	1.410201	1.028427	7.547829	2.623611
13386	-10399.07	-10900.54	501.4689	0.431723	0.196947	0.300932	0.0703977	1.169191	1.071867	6.536023	1.896697
13392	-10400.97	-10902.91	501.937	0.4475	0.219947	0.266295	0.0662583	1.084097	1.040543	6.635626	1.259284
13398	-10395.01	-10897	501.9916	0.392067	0.24046	0.29113	0.076343	1.054509	1.054088	6.424915	1.659879
13404	-10380.43	-10881.61	501.1762	0.397378	0.23017	0.295074	0.0773772	1.029257	1.071991	6.767184	1.898116
13410	-10379.6	-10881.31	501.7087	0.330044	0.376023	0.229502	0.0644303	0.9936575	1.06192	6.66735	1.526162
13416	-10406.78	-10909.71	502.9304	0.321898	0.380595	0.232293	0.0652137	0.9057327	1.139516	6.14267	1.253789
13422	-10407.81	-10910.2	502.3852	0.297863	0.4306	0.214948	0.0565889	0.6532318	1.202442	6.14267	2.169213
13428	-10411.2	-10913.94	502.7347	0.292012	0.434188	0.21674	0.0570605	0.7711707	1.107317	6.354647	1.229971
13434	-10403.35	-10905.35	501.9972	0.30125	0.447925	0.223597	0.0272278	0.9162419	1.106843	6.672668	1.229971
13440	-10398.04	-10899.66	501.6192	0.32376	0.46582	0.175867	0.0345529	0.999767	1.082112	6.666535	1.602574
13446	-10415.15	-10916.8	501.6495	0.381428	0.30708	0.240606	0.0708858	0.9489207	1.055193	6.827684	1.315618
13452	-10397.16	-10899.3	502.1404	0.367591	0.341112	0.207881	0.0834167	0.9456349	1.150472	6.446319	1.452772
13458	-10407.2	-10908.57	501.3723	0.361919	0.335849	0.204475	0.0977581	1.257844	1.150472	6.446319	2.02895
13464	-10415.04	-10916.54	501.4971	0.373135	0.368427	0.151196	0.107241	1.1917	1.133214	6.70007	1.396481
13470	-10408.61	-10909.35	500.7371	0.437012	0.31533	0.129813	0.117845	1.082604	1.077817	6.970425	1.903041
13476	-10402	-10903.01	501.0115	0.437012	0.31533	0.129813	0.117845	0.916526	1.127183	6.877835	1.921451
13482	-10409.68	-10910.57	500.8888	0.452051	0.306906	0.126345	0.114697	1.212669	1.108806	7.033965	1.389515
13488	-10388.79	-10889.82	501.0259	0.419582	0.36227	0.10344	0.114708	1.392227	1.196694	6.491033	2.159287
13494	-10392.88	-10894.41	501.5234	0.479872	0.287837	0.0591214	0.17317	1.178362	1.178689	6.254295	2.377679
13500	-10383.43	-10886.49	503.0527	0.481303	0.347246	0.0410717	0.130378	1.240642	1.287611	5.325504	2.377679
13506	-10390.44	-10891.31	500.87	0.495647	0.327794	0.0422957	0.134264	1.154664	1.206096	6.649668	2.261151
13512	-10400.12	-10900.54	500.4226	0.507665	0.335743	0.0190725	0.13752	1.539747	1.111522	6.861208	1.989683
13518	-10425.9	-10925.51	499.6125	0.524016	0.201823	0.11771	0.156451	1.232344	1.153154	6.697815	4.249127
13524	-10421.02	-10921.96	500.9428	0.441665	0.261661	0.15692	0.139754	0.9155274	1.20637	6.697815	2.368562
13530	-10403.53	-10903.69	500.1579	0.427629	0.242843	0.174297	0.155231	1.239941	1.11667	6.718614	3.195089
13536	-10398.46	-10900.68	502.2252	0.455746	0.25881	0.185758	0.0996865	1.140124	1.110945	5.930685	2.372653
13542	-10415.47	-10915.22	499.746	0.528844	0.148705	0.215551	0.1069	1.077408	0.9999424	7.409284	2.252477
13548	-10401.69	-10900.71	499.021	0.595882	0.0668217	0.229418	0.107878	1.674964	0.9560339	7.457794	2.459967
13554	-10398.63	-10897.75	499.1226	0.5134	0.175165	0.197662	0.113774	1.57887	1.01715	7.193062	3.115442
13560	-10389.05	-10890.14	501.0895	0.561963	0.138369	0.184308	0.11536	1.519354	1.229576	5.787325	3.974041
13566	-10407.44	-10907.78	500.3348	0.461486	0.190368	0.253412	0.0947341	1.41529	1.133549	6.631879	2.871523
13572	-10403.01	-10902.8	499.7958	0.492087	0.174726	0.221211	0.111975	1.456796	1.017762	6.965609	2.871523
13578	-10397.16	-10896.86	499.6933	0.484745	0.172119	0.232832	0.110304	1.34467	1.023457	7.094383	2.802236
13584	-10394.66	-10895.12	500.4616	0.548921	0.0484427	0.321755	0.0808816	1.356908	1.23891	5.945277	4.986121
13590	-10404.07	-10904.73	500.66	0.574109	0.0511534	0.292486	0.0822508	1.515439	1.23873	5.945277	4.247535
13596	-10405.75	-10906.95	501.2002	0.517177	0.132456	0.295096	0.0552718	1.411499	1.132571	5.849511	3.907979
13602	-10390.68	-10891.91	501.234	0.559417	0.112291	0.260044	0.068247	1.633632	1.077423	6.102777	2.782761
13608	-10390.82	-10891.54	500.7202	0.580361	0.116496	0.232341	0.0708021	1.661751	1.089809	6.144497	3.469132
13614	-10389.35	-10890.23	500.878	0.502243	0.211353	0.225132	0.061272	1.316876	1.024601	6.824948	1.852938
13620	-10401.68	-10901.02	499.337	0.545355	0.124046	0.244745	0.0858548	1.236764	0.9862043	6.97778	4.083929
13626	-10422.4	-10922.21	499.8118	0.551603	0.125467	0.247549	0.0753807	1.367362	1.178004	6.97778	2.680541
13632	-10409.35	-10910.93	501.5878	0.543342	0.10829	0.243841	0.104527	1.367362	1.114016	6.050496	2.680541
13638	-10402.25	-10902.61	500.3563	0.515537	0.0949813	0.290303	0.0991785	1.399024	1.023633	6.742591	2.708296
13644	-10404	-10905.33	501.3349	0.516468	0.0951528	0.290827	0.0975518	1.384911	1.028986	6.401273	2.202176
13650	-10397.51	-10898.75	501.2447	0.422115	0.206253	0.334963	0.0366687	1.130182	1.106991	6.42485	2.499563
13656	-10394.71	-10897.11	502.4018	0.497879	0.170113	0.276269	0.0557395	1.048117	1.198704	5.788311	2.499563
13662	-10389.19	-10889.9	500.7148	0.448926	0.153386	0.347429	0.050259	1.20068	1.021699	6.621213	2.787035
13668	-10407.47	-10908.8	501.3332	0.464454	0.124103	0.359446	0.0519974	1.089683	1.109539	6.599099	1.9727
13674	-10417.6	-10919.21	501.6115	0.470411	0.123857	0.364057	0.0416746	1.169742	1.109423	6.295642	2.252822
13680	-10404.04	-10906.28	502.2447	0.417383	0.190614	0.323018	0.0689847	1.093477	1.105991	6.295642	1.534748
13686	-10400.75	-10901.93	501.1735	0.481245	0.21978	0.230579	0.0683962	1.058825	1.213834	6.087475	3.599078
13692	-10404.81	-10906.92	502.1063	0.449683	0.205365	0.277787	0.0671641	1.131471	1.309495	5.899461	2.352056
13698	-10400.38	-10902.16	501.7863	0.348132	0.371749	0.193834	0.0862853	1.348367	1.151952	6.278276	1.78404
13704	-10401.87	-10902.02	500.1449	0.38503	0.30516	0.214378	0.0954307	1.121568	1.008676	7.148077	2.303721
13710	-10394.93	-10896.2	501.2791	0.3984	0.328563	0.182536	0.0905009	1.121568	1.132844	6.668434	1.806742
13716	-10386.72	-10887.82	501.1038	0.400803	0.326677	0.182539	0.0899813	1.121568	1.00745	6.779785	1.928237
13722	-10382.32	-10884.92	502.5992	0.348299	0.404786	0.158626	0.0882885	0.9665718	1.095323	6.3548	1.172031
13728	-10383.52	-10885	501.4828	0.36499	0.377793	0.165245	0.0919723	1.01864	1.02587	6.684149	1.775399
13734	-10394.59	-10896.19	501.5928	0.345667	0.357793	0.209436	0.0871034	1.057208	1.113136	6.251175	2.555144
13740	-10413.56	-10913.57	500.0143	0.558368	0.190485	0.156445	0.0947027	1.33181	1.059341	6.743808	3.31761
13746	-10402.24	-10901.82	499.5803	0.578473	0.0635968	0.217176	0.140754	1.884029	1.126348	6.428576	4.254321
13752	-10407.83	-10907.37	499.5352	0.641335	0.0705078	0.132108	0.15605	1.884029	0.9864265	6.79682	3.302355
13758	-10404.92	-10903.91	498.9897	0.590682	0.137896	0.124435	0.146987	1.513071	1.137312	6.417232	6.415893
13764	-10406.99	-10907.83	500.8356	0.546504	0.182141	0.105946	0.16541	1.513071	1.166711	6.192402	3.192773
13770	-10401.53	-10903.35	501.8234	0.537916	0.18498	0.0455479	0.231556	1.513071	1.160858	5.965872	2.298173
13776	-10402.5	-10903.42	500.9236	0.547916	0.159646	0.0420384	0.250399	1.589954	1.112413	5.965872	3.771645
13782	-10420.16	-10918.96	498.7959	0.557124	0.162329	0.025939	0.254607	1.813571	1.078383	6.951999	4.087859
13788	-10420.91	-10920.59	499.6847	0.608361	0.120812	0.0250403	0.245787	2.000096	1.157788	6.534543	3.438227
13794	-10423.07	-10923.41	500.3425	0.657378	0.129016	0.0197497	0.193855	2.005013	1.204328	5.976238	4.048519
13800	-10417.6	-10917.08	499.4774	0.533943	0.165527	0.0885269	0.212004	1.54069	1.088061	6.733847	3.961775
13806	-10419.94	-10920.29	500.3568	0.418949	0.333323	0.0813823	0.166345	1.263288	1.13338	6.714709	2.810874
13812	-10398.72	-10898.69	499.9785	0.43619	0.299609	0.0910109	0.173191	1.314498	1.082284	6.971084	2.663727
13818	-10401.96	-10901.88	499.9181	0.444782	0.285667	0.104418	0.165132	1.188055	1.133321	6.971084	2.865641
13824	-10408.3	-10908.85	500.5549	0.457697	0.295517	0.0977909	0.148995	1.33493	1.143555	6.483875	3.062852
13830	-10417.21	-10918.85	501.6411	0.45347	0.348363	0.0505484	0.147619	1.089427	1.161748	6.473993	1.806175
13836	-10407.62	-10907.24	499.6269	0.435988	0.334934	0.115786	0.113291	1.112165	1.114573	6.942104	3.628861
13842	-10409.78	-10910.55	500.769	0.46975	0.308606	0.117258	0.104386	1.133167	1.091122	6.942104	1.849385
13848	-10398.76	-10898.43	499.6701	0.472437	0.310372	0.112208	0.104983	1.181056	1.07221	6.942104	3.50461
13854	-10414.99	-10915.39	500.404	0.391003	0.326246	0.159569	0.123182	1.181056	1.047596	6.850994	2.595918
13860	-10432.07	-10930.78	498.7101	0.626385	0.0152147	0.225606	0.132794	1.556922	1.067813	7.106726	4.12628
13866	-10414.55	-10915.54	500.9907	0.642135	0.0282125	0.206698	0.122955	1.533052	1.105445	6.153132	3.126038
13872	-10401.79	-10902.66	500.8741	0.633613	0.0564152	0.194358	0.115614	1.284214	1.140343	6.1579	3.653607
13878	-10399.92	-10898.84	498.9275	0.648041	0.0145653	0.211552	0.125842	1.854931	1.053066	7.061963	3.430655
13884	-10393.55	-10893.08	499.524	0.611328	0.0346938	0.199567	0.154411	1.467444	1.038189	7.061963	2.975322
13890	-10386.33	-10886.17	499.8437	0.570392	0.0993343	0.186203	0.144071	1.571794	1.005505	7.060817	2.390502
13896	-10378.29	-10879.11	500.8153	0.518364	0.181487	0.169219	0.13093	1.379662	1.022017	6.617796	2.390502
13902	-10393.34	-10892.6	499.266	0.511098	0.0944686	0.216349	0.178085	1.168219	1.08336	6.810969	4.827537
13908	-10393.91	-10892.13	498.2235	0.548228	0.148195	0.143624	0.159953	1.42096	1.036325	7.463631	4.06734
13914	-10408.16	-10907.63	499.4735	0.470125	0.242875	0.123163	0.163838	1.410502	1.031016	7.463631	2.017953
13920	-10403.61	-10903.24	499.6373	0.448304	0.231602	0.163861	0.156233	1.410502	1.070091	7.234553	2.329579
13926	-10397.42	-10897.41	499.993	0.401272	0.310674	0.148211	0.139843	1.273739	1.074303	7.283474	1.882235
13932	-10414.93	-10913.93	499	0.467094	0.32326	0.0738497	0.135796	1.318247	1.098744	7.283474	3.290973
13938	-10396.45	-10896.52	500.0703	0.50064	0.244966	0.0980689	0.156325	1.353215	1.059287	7.091922	2.179663
13944	-10387.37	-10888.78	501.4095	0.463516	0.315442	0.0852118	0.13583	1.42352	1.089522	6.406233	1.959581
13950	-10383.75	-10884.13	500.378	0.47523	0.208765	0.190622	0.125382	1.195205	1.089156	6.770205	2.785004
13956	-10394.18	-10895.43	501.2482	0.532681	0.203219	0.144434	0.119666	1.390923	1.070579	6.44042	2.156919
13962	-10385.14	-10887.27	502.1331	0.549007	0.209447	0.130838	0.110708	1.393266	1.161055	5.843569	2.32528
13968	-10404.18	-10905.48	501.2996	0.475812	0.181523	0.246717	0.0959483	1.564108	1.127067	6.332344	2.07604
13974	-10414.83	-10916.66	501.8278	0.468643	0.213527	0.220658	0.0971719	1.201004	1.145472	6.117212	2.318827
13980	-10405.97	-10906.63	500.6655	0.497383	0.269818	0.122168	0.110632	1.257941	1.11753	6.528686	2.901776
13986	-10410.37	-10911.38	501.0131	0.441783	0.312138	0.166812	0.0792669	1.660125	1.134942	6.682217	1.512964
13992	-10404.92	-10906.61	501.687	0.441783	0.312138	0.166812	0.0792669	1.198502	1.08563	6.112081	2.63616
13998	-10413.88	-10915.93	502.0488	0.429376	0.303373	0.19021	0.0770409	1.0857	1.178833	5.893605	2.720374
14004	-10411.92	-10915.75	503.8292	0.321408	0.404715	0.18066	0.0932161	0.7471262	1.17862	5.544281	1.619522
14010	-10401.97	-10905.96	503.9867	0.304286	0.411501	0.183689	0.100524	0.7299666	1.17862	5.680323	1.183908
14016	-10404.3	-10908.99	504.6827	0.330573	0.44705	0.157738	0.0646404	0.9233081	1.230572	5.089789	1.315141
14022	-10409.42	-10912.18	502.7505	0.359975	0.380541	0.189095	0.0703896	0.9233081	1.177843	6.102354	1.473805
14028	-10408.06	-10910.7	502.6463	0.425103	0.393309	0.0890387	0.0925495	1.21518	1.156964	5.783339	1.997915
14034	-10404.95	-10905.56	500.6172	0.365319	0.425333	0.13302	0.0763283	0.9582965	1.036956	7.084633	1.997915
14040	-10409.1	-10907.03	497.9283	0.44918	0.293415	0.163555	0.0938499	1.11141	0.9375102	7.930472	3.690532
14046	-10398.92	-10898.12	499.1985	0.44918	0.293415	0.163555	0.0938499	1.254968	0.988604	7.615703	2.258407
14052	-10423.25	-10922.62	499.3692	0.432964	0.278955	0.183047	0.105034	1.254968	0.9786934	7.500978	2.335065
14058	-10413.63	-10913.09	499.4563	0.474271	0.30982	0.0992526	0.116656	1.350528	0.9609824	7.52718	2.047779
14064	-10400.13	-10900.02	499.8885	0.408529	0.35801	0.132976	0.100486	1.23689	0.9669195	7.494979	1.695681
14070	-10393.87	-10896.35	502.4817	0.412919	0.299769	0.185747	0.101565	1.095527	1.105199	5.966968	1.990904
14076	-10378.27	-10880.65	502.3771	0.403727	0.308282	0.188686	0.0993045	1.269292	1.121145	5.974559	1.87316
14082	-10384.93	-10885.63	500.6945	0.396802	0.374569	0.131028	0.0976012	1.278416	1.066655	6.911724	1.87316
14088	-10380.19	-10882.66	502.4647	0.385052	0.321818	0.198419	0.094711	1.298763	1.137792	5.902843	1.87316
14094	-10381.66	-10884.46	502.7984	0.401771	0.313068	0.193024	0.0921361	1.1708	1.176078	5.902843	1.561772
14100	-10396.34	-10899.19	502.8459	0.458512	0.357282	0.082329	0.101877	1.208327	1.185755	5.761202	1.763807
14106	-10389.46	-10890.81	501.348	0.505288	0.291715	0.0907278	0.11227	1.401652	1.185755	5.885579	3.420771
14112	-10386.98	-10889.04	502.0614	0.441486	0.391339	0.0614489	0.105727	1.261371	1.265489	5.797199	2.580469
14118	-10400.62	-10903.29	502.6747	0.416201	0.41175	0.0370351	0.135013	1.093988	1.174331	5.853462	1.921424
14124	-10402.59	-10902.95	500.3574	0.471357	0.350351	0.0446802	0.133611	0.9970762	1.044277	6.989867	2.552538
14130	-10383.84	-10885.36	501.5265	0.419232	0.417658	0.0745208	0.0885888	0.9170965	1.040014	6.709729	1.771889
14136	-10385.58	-10885.96	500.3797	0.424905	0.272544	0.180358	0.122194	1.353226	1.05356	7.110694	1.734436
14142	-10389.27	-10891.16	501.8872	0.457373	0.27756	0.158012	0.107055	1.174365	1.118127	6.209853	2.071262
14148	-10388	-10889.39	501.395	0.510681	0.118398	0.216796	0.154125	1.112165	1.114882	6.187169	2.968733
14154	-10403.89	-10904.01	500.1214	0.560908	0.144837	0.124971	0.169284	1.481509	1.042305	6.633141	3.285806
14160	-10408.14	-10906.65	498.5042	0.543628	0.193731	0.0985727	0.164068	1.363972	1.038258	7.035909	5.312968
14166	-10394.53	-10895.22	500.6975	0.545963	0.135851	0.153414	0.164773	1.582891	1.135381	6.251664	3.194713
14172	-10395.93	-10896.63	500.6982	0.550516	0.120506	0.188181	0.140797	1.807496	1.122166	6.282732	2.813827
14178	-10392.7	-10892.77	500.0651	0.603143	0.0836363	0.243013	0.0702071	1.257596	1.111258	6.534	3.982404
14184	-10391.23	-10891.59	500.3548	0.478249	0.112012	0.329471	0.0802677	1.134575	1.111258	6.621478	3.350126
14190	-10406.41	-10907.69	501.2716	0.601825	0.0615756	0.240093	0.0965068	1.503845	1.143553	6.307114	2.22736
14196	-10410.23	-10911.23	500.994	0.474836	0.245197	0.189431	0.0905357	1.276828	1.067848	6.644759	2.133272
14202	-10397.2	-10897.44	500.2348	0.503454	0.259975	0.140579	0.0959922	1.276828	1.064775	7.055951	2.133272
14208	-10401.16	-10903.19	502.0296	0.413692	0.391916	0.115514	0.0788775	0.980631	1.086436	6.381231	1.762998
14214	-10401.48	-10903.57	502.086	0.413692	0.391916	0.115514	0.0788775	1.082544	1.121843	6.381231	1.529861
14220	-10390.76	-10892.24	501.4738	0.348725	0.445505	0.0806793	0.12509	1.082544	1.068997	6.431963	2.268473
14226	-10401.25	-10903.34	502.0899	0.357814	0.472827	0.0856271	0.0837319	0.9762157	1.131373	6.347443	1.715198
14232	-10407.01	-10909.48	502.4661	0.378464	0.36843	0.132016	0.12109	0.832989	1.107091	6.332713	1.502228
14238	-10401.59	-10903.7	502.1113	0.412982	0.367738	0.117141	0.10214	1.228671	1.125922	6.332713	1.43792
14244	-10394.64	-10896.06	501.4156	0.274227	0.495055	0.162895	0.0678226	0.8247751	1.02049	6.868782	1.686614
14250	-10401.32	-10903.99	502.6669	0.232633	0.597883	0.102273	0.0672102	0.8548067	1.179564	6.201544	1.439539
14256	-10404.68	-10906.35	501.6764	0.231339	0.585464	0.100149	0.0830486	0.8548067	1.110752	6.77548	1.439539
14262	-10394.23	-10896.18	501.9481	0.352317	0.424565	0.174553	0.0485645	1.008605	1.095683	6.487495	1.57816
14268	-10399.65	-10903.57	503.9262	0.349962	0.388321	0.166601	0.0951151	1.144122	1.248796	5.452027	1.168981
14274	-10412.92	-10916	503.0756	0.294103	0.475994	0.14997	0.0799332	0.8164242	1.230209	5.980982	1.4231
14280	-10398.92	-10902.08	503.1608	0.277885	0.504888	0.141701	0.0755255	0.9476213	1.164469	5.959088	1.295826
14286	-10403.24	-10906	502.7545	0.299962	0.484247	0.145573	0.0702182	0.9038525	1.127567	6.430154	0.9063907
14292	-10416.96	-10917.73	500.7686	0.379868	0.432631	0.0917979	0.0957028	1.3063	1.001295	6.689033	2.393432
14298	-10409.14	-10910.33	501.1924	0.590774	0.0271206	0.311042	0.0710641	1.275587	1.07835	6.470545	2.29357
14304	-10392.08	-10893.64	501.5615	0.481267	0.360079	0.0811967	0.0774565	1.330676	1.119579	6.262244	2.185037
14310	-10385.83	-10887.78	501.95	0.453612	0.339388	0.0434696	0.16353	1.330676	1.220829	5.995578	2.185037
14316	-10403.03	-10905.43	502.3932	0.369216	0.416377	0.081302	0.133105	1.163954	1.235373	5.897113	2.017962
14322	-10405.42	-10906.89	501.472	0.371634	0.42615	0.0984492	0.103767	1.163954	1.085379	6.5204	1.919132
14328	-10399.75	-10900.79	501.0335	0.364764	0.429954	0.121939	0.0833423	1.008694	1.081855	6.795198	2.031816
14334	-10408.47	-10909.45	500.9784	0.340015	0.489762	0.101183	0.0690396	0.9570838	1.081855	6.852923	2.031816
14340	-10419.34	-10918.18	498.8399	0.594524	0.073474	0.253311	0.0786909	1.532498	1.05279	6.585095	6.167142
14346	-10405.48	-10905.51	500.027	0.624611	0.0771923	0.224593	0.0736042	1.550399	1.073672	6.645415	3.252648
14352	-10398.63	-10898.81	500.1715	0.597872	0.0196916	0.287746	0.0946904	1.295406	1.013829	6.703694	3.310115
14358	-10398.46	-10898.82	500.359	0.594448	0.0195488	0.273694	0.112309	1.722782	0.9683146	6.54623	2.93587
14364	-10387.27	-10888.75	501.481	0.541308	0.226811	0.129612	0.102269	1.475502	1.150535	5.649542	3.928314
14370	-10401.85	-10902.93	501.0797	0.590432	0.0859778	0.212039	0.111551	1.715099	1.145798	5.673808	4.253452
14376	-10400.31	-10902.08	501.7689	0.582075	0.0833989	0.155109	0.179418	1.355902	1.228899	5.684818	3.319869
14382	-10412.9	-10915.33	502.4271	0.556028	0.11568	0.156903	0.171389	1.674426	1.201437	5.186736	3.319869
14388	-10409.77	-10911.15	501.3802	0.627006	0.0578771	0.12185	0.193267	1.674426	1.267871	5.429852	4.367708
14394	-10407.13	-10908.67	501.5369	0.532896	0.204951	0.0978942	0.164259	1.674426	1.168078	5.824458	2.916766
14400	-10398.7	-10899.66	500.9676	0.480788	0.292764	0.0566565	0.169791	1.413247	1.169253	6.255515	2.916766
14406	-10410.91	-10911.99	501.0752	0.481354	0.214941	0.194478	0.109227	1.413247	1.145143	6.423444	2.312147
14412	-10396.21	-10896.99	500.7819	0.481354	0.214941	0.194478	0.109227	1.389654	1.053636	6.643157	2.312147
14418	-10400.49	-10901.37	500.8798	0.341173	0.402454	0.164169	0.0922044	0.9260904	1.053636	6.82949	2.312147
14424	-10407.46	-10908.21	500.7522	0.341173	0.402454	0.164169	0.0922044	0.9260904	1.079674	6.779785	2.600096
14430	-10396.38	-10898.13	501.7454	0.482935	0.252991	0.123137	0.140938	1.425658	1.147291	5.946376	2.600096
14436	-10395.05	-10895.48	500.4332	0.559092	0.217611	0.0833055	0.139992	1.463855	1.129301	6.273919	3.801743
14442	-10395.29	-10895.69	500.3991	0.525239	0.204435	0.138811	0.131515	1.496707	1.091464	6.533717	3.01694
14448	-10399.4	-10899.74	500.3465	0.53229	0.20718	0.203642	0.0568881	1.158685	1.060873	6.969718	2.364486
14454	-10378.74	-10878.14	499.4004	0.51373	0.199955	0.140904	0.145411	1.344003	1.015272	6.734195	4.633423
14460	-10394.34	-10893.41	499.0701	0.591325	0.127464	0.162186	0.119025	1.328196	1.082815	6.995014	4.194516
14466	-10396.39	-10896.81	500.4282	0.587268	0.0944721	0.199667	0.118593	1.292175	1.074413	6.25402	4.304789
14472	-10414.48	-10913.76	499.285	0.505051	0.11296	0.238741	0.143247	1.578247	1.075733	6.818885	3.992271
14478	-10415.45	-10915.61	500.1629	0.629636	0.0921126	0.161441	0.11681	1.432631	1.076264	6.821636	2.652919
14484	-10397.88	-10897.88	499.9971	0.511687	0.211832	0.182212	0.0942688	1.441799	1.042765	6.649227	3.517829
14490	-10391.1	-10890.52	499.4225	0.455964	0.255273	0.167881	0.120882	1.367062	1.086327	6.977665	3.496996
14496	-10389.74	-10890.96	501.2133	0.491669	0.204565	0.206897	0.0968696	1.318558	1.118373	6.379643	2.391179
14502	-10386.87	-10889.01	502.14	0.376271	0.325333	0.201141	0.0972556	1.152246	1.087533	6.221524	1.780688
14508	-10387.17	-10890.86	503.6966	0.387608	0.335135	0.177072	0.100186	0.9515849	1.206352	5.641792	1.293792
14514	-10394.14	-10897.49	503.3525	0.545602	0.194277	0.19149	0.0686313	1.162145	1.2771	5.102672	2.660736
14520	-10407.47	-10910.14	502.6677	0.523429	0.194546	0.175302	0.106723	1.360569	1.332117	5.1061	3.39834
14526	-10411.13	-10912.92	501.7864	0.477095	0.200926	0.230364	0.0916147	1.190165	1.204117	5.869962	3.012899
14532	-10401.64	-10903.63	501.9933	0.464814	0.205645	0.235775	0.0937662	1.155185	1.212774	6.044945	2.237968
14538	-10394.37	-10894.71	500.3481	0.488132	0.215961	0.247603	0.048304	1.324462	1.145803	6.285165	4.143388
14544	-10415.42	-10916.04	500.6261	0.50618	0.223946	0.150769	0.119104	1.187506	1.224299	6.148579	4.187986
14550	-10400.71	-10900	499.2891	0.538829	0.238391	0.0509998	0.17178	1.614915	1.001655	6.7388	4.377476
14556	-10410.68	-10908.99	498.309	0.500378	0.261821	0.0560124	0.181788	1.450764	0.9779633	7.699513	3.146124
14562	-10424.83	-10925	500.1735	0.503259	0.263329	0.0563349	0.177078	1.450764	1.105176	6.718737	2.867838
14568	-10410	-10909.76	499.7663	0.558166	0.183179	0.0675861	0.191068	1.825375	1.123034	6.195991	4.887646
14574	-10422.77	-10923.96	501.183	0.5143	0.168547	0.172107	0.145047	1.223544	1.119837	6.128114	3.328688
14580	-10407.62	-10907.55	499.9301	0.583717	0.165537	0.101876	0.148871	1.708518	1.134091	6.297371	4.303001
14586	-10415.52	-10915.77	500.2506	0.543775	0.207726	0.0800624	0.168436	1.48699	1.144804	6.163734	4.516524
14592	-10419.38	-10919.34	499.9618	0.529071	0.202109	0.0778975	0.190922	1.48765	1.114897	6.773241	2.98135
14598	-10411.39	-10911.48	500.0852	0.557617	0.213014	0.0281446	0.201224	1.650114	1.063003	6.416086	3.790969
14604	-10418.21	-10917.56	499.3518	0.558927	0.215333	0.0240434	0.201697	1.803466	1.073088	6.740365	3.790969
14610	-10416.47	-10916.06	499.5842	0.58348	0.199997	0.0291915	0.187332	1.767385	1.088223	6.740365	3.38347
14616	-10414.37	-10914	499.6286	0.58348	0.199997	0.0291915	0.187332	1.704507	1.126801	6.699444	3.462248
14622	-10418.16	-10919.24	501.0862	0.578875	0.20631	0.0289611	0.185854	1.704507	1.186284	5.888782	3.417236
14628	-10422.33	-10922.58	500.2522	0.599081	0.213511	0.0368755	0.150533	1.704507	1.154436	6.191775	4.006767
14634	-10397.5	-10897.75	500.2545	0.542713	0.193422	0.127496	0.136369	1.635245	1.149799	6.328788	3.633183
14640	-10387.09	-10886.57	499.4796	0.537381	0.195678	0.128982	0.137959	1.493862	1.058692	6.862067	3.633183
14646	-10397.77	-10899.53	501.7571	0.49857	0.20812	0.145292	0.148019	1.431136	1.061708	6.06431	2.379565
14652	-10381.86	-10882.75	500.8884	0.49857	0.20812	0.145292	0.148019	1.40364	1.149047	6.596813	2.131121
14658	-10399.15	-10899.53	500.381	0.457293	0.225628	0.210731	0.106348	1.420172	1.077159	6.596813	2.988035
14664	-10399.65	-10901.01	501.3596	0.452444	0.23384	0.208496	0.105221	1.104727	1.099027	6.408077	2.423104
14670	-10372.27	-10873.26	500.9917	0.44129	0.233691	0.203356	0.121662	1.243463	1.084484	6.653322	2.134293
14676	-10388.86	-10890.44	501.5752	0.439263	0.234539	0.204094	0.122104	1.271762	1.065602	6.333278	2.134293
14682	-10383.31	-10885	501.6909	0.460436	0.245844	0.165731	0.127989	1.261454	1.233106	5.732942	3.449664
14688	-10389.26	-10890.9	501.6412	0.485141	0.278613	0.133301	0.102945	1.082496	1.17528	5.96777	3.180539
14694	-10389.71	-10891.01	501.2937	0.463213	0.26602	0.108739	0.162029	1.2839	1.17528	6.05312	3.180539
14700	-10384.45	-10885.67	501.2228	0.460387	0.265066	0.157754	0.116793	1.490645	1.139341	6.418688	2.033152
14706	-10416.02	-10916.98	500.9588	0.518583	0.237858	0.138754	0.104805	0.9536196	1.124216	6.404026	3.284842
14712	-10393.94	-10895.82	501.8806	0.468361	0.248905	0.121466	0.161269	1.322228	1.116999	6.268365	1.762201
14718	-10384.91	-10887.16	502.247	0.397817	0.362033	0.103171	0.136979	1.21594	1.190357	6.082543	1.762201
14724	-10396.37	-10898.49	502.1262	0.390195	0.355097	0.163109	0.0915996	0.9514404	1.141859	6.116311	2.248893
14730	-10412.67	-10914.63	501.9547	0.449219	0.31009	0.117437	0.123254	1.121142	1.116607	6.140994	2.225549
14736	-10412.5	-10914.52	502.022	0.489545	0.286942	0.12798	0.0955332	1.303065	1.116607	5.937557	2.419883
14742	-10410.79	-10912.05	501.2526	0.478861	0.214438	0.125187	0.181514	1.519266	1.139918	6.343382	2.147294
14748	-10415.09	-10914.93	499.8392	0.472028	0.247809	0.192119	0.0880435	1.410683	1.065807	6.638347	3.863697
14754	-10399.1	-10899.28	500.1791	0.57522	0.0846505	0.244795	0.0953342	1.315747	1.094236	6.638347	3.335516
14760	-10401.44	-10902.41	500.9763	0.626011	0.0857308	0.176499	0.111759	1.309876	1.102691	6.204421	3.335516
14766	-10424.02	-10923.35	499.3281	0.529146	0.136685	0.180249	0.15392	1.241877	0.9986995	7.355596	2.798958
14772	-10408.55	-10908.31	499.7612	0.517511	0.152134	0.179819	0.150536	1.469525	1.016013	7.082093	2.570129
14778	-10381.18	-10881.39	500.214	0.525893	0.17896	0.156589	0.138558	1.535586	1.130491	6.385517	3.707013
14784	-10390.52	-10890.73	500.2042	0.628938	0.105925	0.146371	0.118766	1.582303	1.130491	6.385517	3.650731
14790	-10392.07	-10891.94	499.8658	0.561359	0.12224	0.189154	0.127247	1.603274	1.171192	6.385517	4.202681
14796	-10386.06	-10887.27	501.2089	0.560227	0.0916381	0.232329	0.115806	1.603274	1.149508	5.90206	3.369173
14802	-10386	-10887	501	0.585292	0.156756	0.136964	0.120988	1.603274	1.192878	6.03235	3.239577
14808	-10401.21	-10901.95	500.7469	0.48076	0.24022	0.168083	0.110937	1.568391	1.061028	6.559909	2.350254
14814	-10398.6	-10898.5	499.9066	0.470291	0.23499	0.186198	0.108522	1.326608	1.100567	7.182202	2.149862
14820	-10405.6	-10906.36	500.7584	0.395715	0.318476	0.221799	0.0640094	1.139028	1.088689	6.650483	2.620473
14826	-10422.84	-10922.22	499.3815	0.492908	0.130115	0.2854	0.0915765	1.18686	0.9899046	7.40293	2.670648
14832	-10436.46	-10934.05	497.5862	0.505719	0.106187	0.296082	0.0920132	1.649343	1.024447	7.994965	3.068124
14838	-10418.27	-10916.36	498.0983	0.396476	0.308434	0.232124	0.0629658	1.107603	0.9974027	7.994965	3.068124
14844	-10396.28	-10895.39	499.1071	0.469044	0.281273	0.175193	0.0744905	1.107603	1.028824	7.760464	2.146839
14850	-10389.51	-10889.91	500.4056	0.472335	0.201356	0.228958	0.097351	1.37824	1.035293	6.863081	2.30865
14856	-10385.13	-10884.87	499.7381	0.421144	0.315345	0.158489	0.105022	1.184768	1.057215	7.306202	2.30865
14862	-10393.21	-10892.95	499.7356	0.432053	0.294388	0.174971	0.0985878	1.419847	0.9950716	7.404632	1.855134
14868	-10392.18	-10892.18	500.0028	0.477611	0.206348	0.209302	0.106738	1.467418	0.9968537	7.155803	2.056146
14874	-10396.3	-10897.71	501.4102	0.384325	0.317171	0.197689	0.100816	1.123267	1.04772	6.451098	2.282825
14880	-10421.16	-10921.8	500.6367	0.455987	0.24672	0.170775	0.126519	1.250517	1.164089	6.137078	4.211915
14886	-10409.5	-10909.53	500.0279	0.478733	0.259027	0.12941	0.13283	1.392206	1.131451	6.638304	3.416645
14892	-10402.86	-10903.79	500.9256	0.467527	0.252964	0.12638	0.153129	1.384552	1.105914	6.176836	3.390604
14898	-10413.98	-10916.03	502.0592	0.401992	0.405877	0.108665	0.083466	1.160369	1.178274	5.978003	2.361847
14904	-10403.41	-10906.43	503.0135	0.380582	0.462144	0.0622371	0.095037	1.215564	1.146491	5.748385	1.626761
14910	-10396.42	-10898.85	502.4216	0.275562	0.560042	0.0754211	0.0889745	0.9151799	1.102257	6.157413	1.852099
14916	-10418.97	-10921.83	502.8614	0.305933	0.511553	0.0837336	0.0987807	0.9278974	1.154617	6.006204	1.571839
14922	-10411.14	-10912.38	501.2435	0.252834	0.529391	0.12448	0.0932956	0.8696017	1.072974	6.959591	1.571839
14928	-10397.68	-10899.24	501.5538	0.235625	0.544732	0.116007	0.103636	1.028156	1.017644	6.959591	1.11246
14934	-10396.97	-10898.93	501.9575	0.253929	0.555794	0.13897	0.0513061	1.120481	1.059073	6.670607	1.11246
14940	-10402.86	-10905.16	502.3004	0.283919	0.44967	0.194576	0.071835	0.9300856	1.080763	6.253052	1.790782
14946	-10403.87	-10906.69	502.8215	0.282206	0.444252	0.193401	0.0801409	1.073834	1.094086	6.253052	1.027636
14952	-10403.54	-10905.13	501.5882	0.286539	0.451073	0.196371	0.0660172	0.8900424	1.08702	6.783215	1.509901
14958	-10413.71	-10915.83	502.1222	0.321944	0.506809	0.0970721	0.0741745	1.127075	1.083488	6.367317	1.511933
14964	-10405.8	-10906.58	500.7716	0.405253	0.392002	0.08531	0.117435	1.127075	1.082947	6.789324	2.246381
14970	-10401.56	-10902.65	501.0885	0.405253	0.392002	0.08531	0.117435	1.276243	1.055504	6.661411	1.981401
14976	-10406.88	-10906.76	499.8765	0.499722	0.202619	0.175879	0.121779	1.261195	1.105139	6.923887	3.012251
14982	-10396.07	-10897.3	501.2299	0.395433	0.272823	0.236818	0.0949269	1.08069	1.068522	6.584341	2.21871
14988	-10395.76	-10897.16	501.4048	0.425281	0.272851	0.198323	0.103545	1.169186	1.13836	6.490685	2.003529
14994	-10402.19	-10903.45	501.2573	0.372162	0.418552	0.111255	0.0980311	1.061119	1.113903	6.490685	2.390099
15000	-10390.02	-10892.38	502.3584	0.383193	0.397064	0.14337	0.0763734	1.353314	1.212709	6.141943	1.328862
15006	-10395.14	-10897.52	502.3785	0.379628	0.393371	0.142036	0.0849651	0.9829367	1.210851	6.049319	1.93538
15012	-10400.85	-10903.59	502.7436	0.395399	0.409711	0.0947966	0.100093	1.041033	1.140552	5.779503	2.124999
15018	-10385.84	-10887.35	501.5036	0.443224	0.343329	0.0784093	0.135038	1.291969	1.035465	6.244244	2.489374
15024	-10398.92	-10899.96	501.0368	0.510535	0.255773	0.0781471	0.155545	1.291969	1.162574	6.38189	2.620505
15030	-10416.73	-10918.01	501.2799	0.439827	0.275771	0.116652	0.167751	1.534736	1.145171	6.108	2.719314
15036	-10392.44	-10894.31	501.8704	0.439357	0.345513	0.0475584	0.167571	1.277235	1.136882	6.108	2.193673
15042	-10393.69	-10894.61	500.9209	0.482936	0.321293	0.0399472	0.155824	1.467652	1.105874	6.108	3.495849
15048	-10412.3	-10914.31	502.0087	0.454777	0.301647	0.0892266	0.154349	1.203814	1.134188	6.108	2.100825
15054	-10400.58	-10901.68	501.0976	0.549788	0.165591	0.177101	0.10752	1.203137	1.065338	5.875727	4.553381
15060	-10401.78	-10903.84	502.0525	0.565852	0.0316474	0.341747	0.0607533	1.432983	1.033985	5.996279	2.173467
15066	-10404.59	-10904.7	500.1077	0.584053	0.0820437	0.271195	0.0627075	1.589872	1.020273	6.619226	3.231279
15072	-10394.92	-10894.86	499.9418	0.538886	0.0868453	0.287067	0.0872017	1.414257	1.008869	6.885258	2.952484
15078	-10411.54	-10911.96	500.4202	0.554763	0.0410406	0.285453	0.118744	1.36744	0.9972065	6.517712	3.393104
15084	-10397.37	-10898.79	501.4269	0.585699	0.0433292	0.301371	0.0696008	1.270944	1.13495	5.96561	3.319954
15090	-10376.01	-10877.48	501.4774	0.544559	0.057384	0.333232	0.0648252	1.342482	1.171309	5.812198	3.553092
15096	-10388.63	-10889.21	500.5801	0.389569	0.299794	0.260049	0.0505884	1.081962	1.002526	6.693922	3.005087
15102	-10412.07	-10913.41	501.3335	0.396448	0.281827	0.269331	0.0523941	1.382969	1.026299	6.693922	1.517955
15108	-10397.32	-10898.5	501.1814	0.422272	0.300185	0.226245	0.051298	0.9914893	1.023053	7.05644	1.351783
15114	-10380.2	-10881.26	501.0531	0.397201	0.251919	0.262759	0.0881214	1.293414	1.075505	6.496371	2.406934
15120	-10399.16	-10900.79	501.6279	0.489815	0.214568	0.224354	0.0712625	1.259009	1.134523	6.13557	2.499638
15126	-10374.41	-10875.71	501.2939	0.42861	0.258329	0.240134	0.0729274	1.317474	1.152602	6.220733	2.661332
15132	-10392.49	-10893.3	500.8132	0.408001	0.353853	0.183707	0.0544386	0.9016249	1.027808	6.826608	2.492482
15138	-10401.84	-10902.6	500.7518	0.369179	0.341067	0.263482	0.0262722	0.9650677	1.11788	6.681093	2.764899
15144	-10406.22	-10909.47	503.2519	0.365926	0.338062	0.262752	0.0332603	0.7845916	1.232076	5.693827	1.883329
15150	-10400.51	-10904.46	503.9463	0.235993	0.530029	0.11694	0.117038	0.793515	1.232076	5.479669	1.499354
15156	-10400.99	-10903.76	502.7664	0.239101	0.537008	0.105311	0.118579	0.8556539	1.124155	6.262337	1.265548
15162	-10400.98	-10904.44	503.4594	0.286789	0.439267	0.181705	0.0922383	0.8667217	1.222957	5.668352	1.588893
15168	-10396.96	-10898.95	501.9957	0.335984	0.462143	0.0888303	0.113043	1.126765	1.133557	6.587426	1.14884
15174	-10397.56	-10899.63	502.0715	0.355425	0.39238	0.164729	0.0874665	0.9624821	1.096153	6.48431	1.494186
15180	-10381.45	-10884.29	502.8353	0.369361	0.466039	0.0737044	0.0908959	1.249002	1.150861	5.869821	1.532554
15186	-10392.9	-10895.81	502.9103	0.316311	0.484711	0.0646994	0.134278	1.149201	1.176389	5.877933	1.507847
15192	-10407.31	-10910.27	502.9551	0.300147	0.459941	0.112496	0.127416	1.103083	1.197016	5.877933	1.483553
15198	-10423.53	-10925.73	502.2031	0.300147	0.459941	0.112496	0.127416	1.105512	1.070082	6.30187	1.598983
15204	-10427.18	-10927.81	500.6349	0.294485	0.509305	0.126757	0.0694519	0.8745181	1.046273	7.286186	1.598983
15210	-10401.7	-10901.8	500.1054	0.307356	0.486506	0.133652	0.0724873	1.220918	1.014071	7.05284	2.474513
15216	-10397.8	-10899.05	501.2463	0.364417	0.338115	0.225397	0.0720709	1.155799	1.060549	6.653226	1.935858
15222	-10402.71	-10903.75	501.0395	0.3964	0.309205	0.245179	0.0492164	1.075686	1.10061	6.750456	2.02104
15228	-10389.68	-10891.91	502.2301	0.38809	0.288834	0.291317	0.0317586	1.169693	1.163492	6.354353	1.281571
15234	-10384.85	-10886.79	501.9378	0.43969	0.236818	0.253885	0.0696073	1.033575	1.166324	6.038483	2.579424
15240	-10408.35	-10909.86	501.5074	0.446565	0.20876	0.277739	0.0669371	1.184954	1.118791	6.568231	1.695108
15246	-10402.24	-10903.8	501.5635	0.386311	0.224897	0.313287	0.0755045	1.197944	1.123568	6.548277	1.650934
15252	-10393.31	-10894.74	501.4314	0.460435	0.227392	0.254161	0.0580117	1.376572	1.152451	6.031301	2.91273
15258	-10399.2	-10901.23	502.0331	0.506254	0.208082	0.232579	0.0530855	1.103957	1.179629	6.012821	2.384074
15264	-10396.89	-10898.21	501.313	0.460888	0.280586	0.126108	0.132417	1.556416	1.19554	6.327665	1.986382
15270	-10379.94	-10881.31	501.3655	0.498081	0.263622	0.0952707	0.143027	1.485568	1.208403	5.715548	3.788781
15276	-10378.71	-10880.97	502.2637	0.427423	0.226225	0.223615	0.122737	1.169095	1.135693	5.765421	2.692343
15282	-10380.49	-10882.17	501.6807	0.369299	0.320333	0.204321	0.106046	1.169095	1.124895	6.522479	1.598576
15288	-10388.54	-10889.96	501.4189	0.444861	0.333006	0.0971274	0.125005	1.115052	1.018144	6.547179	2.075924
15294	-10382.11	-10884.21	502.0973	0.496541	0.25552	0.108411	0.139528	1.472004	1.131277	6.003791	1.917659
15300	-10395.36	-10895.41	500.0524	0.414363	0.394579	0.0880227	0.103034	1.534753	1.074612	6.653769	3.203053
15306	-10393.36	-10894.06	500.7069	0.534834	0.218562	0.113614	0.13299	1.459712	1.057649	6.37324	3.108727
15312	-10395	-10894.01	499.0145	0.492583	0.291573	0.104639	0.111205	1.486114	1.053299	7.506344	2.426949
15318	-10414.66	-10915.14	500.4742	0.465941	0.272407	0.0977605	0.163891	1.516921	1.01546	6.957152	1.841248
15324	-10391.03	-10892.22	501.1883	0.558938	0.0788405	0.239666	0.122555	1.711253	1.079636	6.448994	1.841248
15330	-10408.6	-10908.79	500.1914	0.584198	0.0812448	0.181002	0.153555	1.711253	1.043592	6.495316	3.269298
15336	-10395.8	-10895.94	500.1392	0.566507	0.109067	0.175521	0.148905	1.465882	1.072587	6.619535	3.269298
15342	-10385.46	-10886.35	500.8979	0.53465	0.159167	0.165651	0.140532	1.313227	1.122976	6.461594	2.639103
15348	-10382.39	-10883.84	501.4505	0.507238	0.305167	0.0622433	0.125351	1.455148	1.185702	6.160088	2.358659
15354	-10384.84	-10886.71	501.8757	0.512134	0.274759	0.0242695	0.188838	1.455148	1.228297	5.672458	3.023422
15360	-10394.75	-10896.76	502.0158	0.49311	0.300497	0.0163686	0.190025	1.415961	1.12261	5.672458	3.023422
15366	-10399.46	-10899.59	500.1308	0.555134	0.252177	0.0110009	0.181689	1.798712	1.038526	6.709709	2.608933
15372	-10395.95	-10896.93	500.9847	0.560841	0.217658	0.0337605	0.18774	1.681866	1.100794	6.341801	2.394656
15378	-10407.57	-10906.17	498.6019	0.584091	0.167341	0.0188445	0.229723	1.716749	1.087356	6.772261	5.413118
15384	-10401.38	-10902.75	501.3684	0.55625	0.226742	0.0551019	0.161907	1.716749	1.176347	5.772211	3.29382
15390	-10408.97	-10910.28	501.3081	0.435173	0.341742	0.0889789	0.134106	1.573989	1.189559	6.095461	2.590363
15396	-10395.26	-10897.58	502.3235	0.446485	0.197521	0.278482	0.0775113	1.327535	1.138933	5.872548	2.097567
15402	-10421.23	-10924.19	502.958	0.406697	0.304277	0.253665	0.0353607	0.9763422	1.199405	5.622345	2.233635
15408	-10405.92	-10906.6	500.6708	0.47686	0.283725	0.179783	0.0596321	1.27015	1.124422	6.685261	2.41531
15414	-10423.39	-10924.69	501.2992	0.498199	0.277726	0.15817	0.0659039	1.419814	1.190162	6.235795	2.41531
15420	-10412.45	-10915.29	502.8494	0.426284	0.237637	0.250986	0.0850935	1.121122	1.167701	5.690322	2.058942
15426	-10421.81	-10922.95	501.1344	0.556793	0.229572	0.10249	0.111145	1.142876	1.150533	6.517974	2.326831
15432	-10410.59	-10910.4	499.8084	0.556793	0.229572	0.10249	0.111145	1.289428	1.091628	6.710351	3.826885
15438	-10401.84	-10903.22	501.3829	0.525196	0.223216	0.160595	0.0909934	1.24215	1.08291	6.485237	2.028617
15444	-10385.7	-10884.67	498.9628	0.548439	0.186184	0.133951	0.131427	1.590909	1.105096	6.77564	4.757248
15450	-10406.21	-10907.96	501.7505	0.544255	0.192391	0.132929	0.130424	1.399561	1.161046	6.199982	1.944467
15456	-10382.39	-10883.64	501.2462	0.437427	0.298003	0.159746	0.104824	1.150695	1.145219	6.606609	1.944467
15462	-10397.34	-10899.03	501.684	0.367481	0.318313	0.226143	0.0880624	1.008262	1.068566	6.472062	1.979557
15468	-10402.79	-10903.67	500.8841	0.404419	0.269195	0.274443	0.0519425	1.117987	0.9762869	6.846234	2.103584
15474	-10397.11	-10898.4	501.2958	0.341868	0.397619	0.201185	0.0593277	0.9306579	1.069818	6.357175	2.988266
15480	-10423.02	-10924.91	501.8867	0.410219	0.357796	0.179154	0.0528307	1.109024	1.077803	6.440138	1.659704
15486	-10400.97	-10902.49	501.5117	0.425157	0.24172	0.278369	0.0547545	1.136807	1.077803	6.440138	2.108806
15492	-10405.78	-10908.14	502.3613	0.399083	0.211383	0.333628	0.0559055	1.298021	1.086568	6.262089	1.277043
15498	-10406.1	-10907.81	501.7167	0.368661	0.195269	0.384426	0.0516438	1.353734	1.12681	6.491803	1.42157
15504	-10416.98	-10917.48	500.4998	0.426925	0.177877	0.350187	0.0450102	1.353734	1.055372	6.873278	2.151825
15510	-10416.63	-10918.6	501.9678	0.460084	0.164447	0.291164	0.0843053	1.311296	1.206419	5.84761	2.602923
15516	-10416.41	-10917.03	500.6282	0.517234	0.0920012	0.295758	0.0950074	1.42745	1.105787	6.597813	2.536376
15522	-10414.16	-10914.21	500.0562	0.531205	0.0944863	0.276734	0.0975738	1.466819	1.071754	6.597813	3.490436
15528	-10412.64	-10913.58	500.9391	0.498564	0.120987	0.298583	0.0818657	1.294444	1.096371	6.572608	2.335952
15534	-10416.1	-10916.44	500.344	0.432544	0.246012	0.259044	0.0623998	1.221949	1.153856	6.916986	2.288754
15540	-10406.33	-10907.51	501.1722	0.370192	0.320251	0.249465	0.0600922	1.169368	1.062888	6.874631	1.502726
15546	-10394.09	-10895	500.9134	0.411757	0.270898	0.253496	0.0638486	1.002731	1.060201	6.580447	2.83603
15552	-10401.93	-10903.17	501.2321	0.49217	0.125025	0.306487	0.0763178	1.254481	1.146127	6.648106	1.738413
15558	-10398.09	-10900.29	502.2075	0.435107	0.211543	0.272922	0.0804282	1.265451	1.067583	6.210914	1.615602
15564	-10400.24	-10902.08	501.8417	0.416604	0.357539	0.081198	0.14466	1.265451	1.172741	6.273119	1.795337
15570	-10405.11	-10906.59	501.4797	0.395925	0.339792	0.110855	0.153428	1.457434	1.137162	6.279507	2.074381
15576	-10389.67	-10890.97	501.3011	0.433566	0.324263	0.110362	0.131809	1.221967	1.114516	6.279507	2.678327
15582	-10405.73	-10906.94	501.2086	0.325369	0.349188	0.183502	0.141941	0.8812747	1.120163	6.837647	1.819269
15588	-10419.45	-10919.98	500.532	0.301456	0.4788	0.0829045	0.13684	0.9800383	1.049641	7.422789	1.299219
15594	-10398.85	-10898.3	499.4532	0.428702	0.391534	0.0296482	0.150116	1.155252	1.049643	7.426242	2.450112
15600	-10404.02	-10904.57	500.5511	0.435766	0.24873	0.188567	0.126937	1.10113	1.114715	6.745305	2.686329
15606	-10404.52	-10906.34	501.8221	0.429462	0.291214	0.154223	0.1251	0.9948203	1.110145	6.287143	2.217852
15612	-10388.97	-10890.69	501.7191	0.350418	0.388364	0.205673	0.0555459	0.9781098	1.057698	6.724436	1.415562
15618	-10418.1	-10920.07	501.9785	0.295255	0.425039	0.173296	0.10641	0.9781098	1.131986	6.496611	1.515989
15624	-10417.68	-10918.47	500.7965	0.527288	0.0807913	0.310695	0.0812256	1.385896	1.09344	6.451874	2.770102
15630	-10416.48	-10918.18	501.6966	0.519661	0.13163	0.268658	0.0800507	1.385896	1.101729	6.102615	2.365309
15636	-10399.3	-10901.32	502.0138	0.591604	0.0399808	0.291535	0.0768802	1.614761	1.136731	5.802611	2.365309
15642	-10404.74	-10905.86	501.1244	0.565591	0.0240372	0.278717	0.131655	1.445941	1.163389	5.849555	3.936788
15648	-10399.51	-10900.2	500.6896	0.531832	0.0822913	0.26208	0.123797	1.340577	1.179511	6.129141	3.936788
15654	-10405.08	-10904.86	499.7727	0.562367	0.0870161	0.280606	0.070011	1.370502	0.996218	6.943902	3.141166
15660	-10393.59	-10894.89	501.3004	0.541895	0.122017	0.270391	0.0656967	1.237568	1.186561	6.25917	2.603234
15666	-10407.23	-10907.94	500.7068	0.526536	0.146902	0.262727	0.0638346	1.513096	1.156314	6.551922	2.359912
15672	-10411.04	-10913.51	502.4654	0.419577	0.269647	0.20342	0.107356	1.104787	1.235765	5.893982	2.004748
15678	-10396.52	-10898.77	502.2486	0.438229	0.237179	0.212463	0.112128	1.104787	1.238484	5.924042	2.222719
15684	-10392.33	-10894.1	501.7726	0.449094	0.264882	0.187219	0.0988052	1.188083	1.12846	6.360012	1.827977
15690	-10378.84	-10881.25	502.4046	0.399683	0.312582	0.200707	0.0870279	1.17236	1.112127	6.360012	1.1369
15696	-10409.4	-10911.19	501.7934	0.440393	0.251103	0.218623	0.0898811	1.157121	1.174838	6.087841	2.466236
15702	-10405.48	-10907.7	502.2135	0.468263	0.226193	0.209975	0.095569	0.9651545	1.182515	5.969659	2.433043
15708	-10410.79	-10910.31	499.521	0.593573	0.105317	0.226633	0.0744779	1.267612	1.017803	7.264005	2.695514
15714	-10428.83	-10926.47	497.6347	0.433119	0.275073	0.222689	0.0691189	1.212391	0.9258637	8.348464	2.695514
15720	-10425.29	-10925.95	500.6585	0.387949	0.34721	0.238771	0.02607	0.7765839	1.045942	7.081218	2.194087
15726	-10400.64	-10902.38	501.7422	0.407088	0.32759	0.225278	0.0400433	1.055012	1.136576	6.539481	1.605651
15732	-10394.27	-10895.39	501.125	0.400007	0.297988	0.258901	0.0431045	0.9921598	1.071827	6.99494	1.489037
15738	-10400.69	-10901.5	500.8132	0.379407	0.314655	0.245568	0.0603699	1.036252	1.086243	6.837485	2.182555
15744	-10416.09	-10915.89	499.8013	0.470229	0.186323	0.304352	0.039096	1.036252	1.052642	7.399706	2.182555
15750	-10419.76	-10918.96	499.1995	0.667442	0.00275377	0.17	0.159805	1.787989	1.146167	6.527263	4.803471
15756	-10427.09	-10927.03	499.9417	0.673934	0.00305824	0.161648	0.161359	1.714145	1.037983	6.581589	3.436512
15762	-10411.24	-10912.34	501.1059	0.406552	0.33181	0.219352	0.0422859	1.151949	1.08328	6.948555	1.417223
15768	-10409.68	-10910.98	501.3054	0.425297	0.347109	0.116564	0.11103	1.095985	1.106244	6.584698	2.041476
15774	-10392.18	-10892.51	500.3246	0.400973	0.327257	0.164638	0.107132	1.227131	1.106244	7.073448	1.974537
15780	-10394.07	-10893.55	499.4843	0.413353	0.358244	0.138366	0.0900371	1.338109	1.076368	7.073448	3.135684
15786	-10396.56	-10896.66	500.1014	0.499743	0.213226	0.165962	0.121069	1.288127	1.076368	7.073448	2.243339
15792	-10406.91	-10906.94	500.033	0.486305	0.251476	0.144405	0.117814	1.284999	1.131837	7.201249	1.941081
15798	-10402.19	-10903.2	501.0107	0.559604	0.177896	0.184849	0.0776507	1.463633	1.145386	6.59371	1.909394
15804	-10384.63	-10884.5	499.8683	0.505167	0.251538	0.14164	0.101655	1.22496	1.079278	6.8558	3.347927
15810	-10388.8	-10890.1	501.299	0.505167	0.251538	0.14164	0.101655	1.22496	1.112887	6.084708	3.274515
15816	-10400.64	-10902.09	501.4498	0.535365	0.189973	0.159901	0.114761	1.562693	1.127087	6.084708	2.514491
15822	-10399.78	-10901.37	501.5832	0.450389	0.219651	0.182816	0.147144	1.332739	1.12879	6.084708	2.615746
15828	-10405.62	-10908.04	502.4159	0.39243	0.354106	0.15929	0.0941743	0.9750405	1.1128	5.987887	2.18024
15834	-10429.33	-10931.67	502.3424	0.415319	0.374759	0.110254	0.0996672	0.9750405	1.191811	5.928431	2.326865
15840	-10427.85	-10929.32	501.4613	0.507799	0.211827	0.147257	0.133116	1.345385	1.067486	6.392529	2.046453
15846	-10409.78	-10909.77	499.9874	0.497212	0.235713	0.193609	0.0734651	1.39072	1.065899	6.402339	4.489292
15852	-10414.08	-10913.43	499.3493	0.539095	0.147947	0.197087	0.115871	1.341945	1.077076	7.214172	2.915977
15858	-10387.36	-10887.48	500.1192	0.398597	0.353325	0.086229	0.161849	1.386198	1.06892	7.074853	2.101829
15864	-10414.2	-10913.71	499.5118	0.406235	0.407717	0.021097	0.164951	1.340583	1.034505	7.190786	2.793921
15870	-10406.25	-10905.23	498.9798	0.421781	0.449611	0.02187	0.106738	1.189378	0.9926504	7.190786	4.08262
15876	-10407.82	-10907.19	499.3661	0.45155	0.338051	0.0338992	0.1765	1.34627	0.991903	7.38428	2.518339
15882	-10399.24	-10898.06	498.814	0.451925	0.338331	0.0330964	0.176647	1.363798	1.037407	7.154234	4.139912
15888	-10403.15	-10902.46	499.3047	0.451925	0.338331	0.0330964	0.176647	1.307222	1.003389	7.154234	3.36428
15894	-10407.71	-10908.32	500.6057	0.624676	0.0730811	0.168374	0.133869	1.582699	1.211073	5.764225	5.028439
15900	-10413.12	-10913.98	500.8646	0.495743	0.246361	0.101104	0.156792	1.434087	1.112288	6.29984	3.016287
15906	-10425.87	-10925.73	499.8604	0.425561	0.331336	0.108508	0.134595	1.169429	0.9670091	7.052061	3.016287
15912	-10417.05	-10917.11	500.0513	0.493194	0.225068	0.125753	0.155985	1.303856	1.039698	7.052061	2.405094
15918	-10417.63	-10918.15	500.5231	0.524321	0.211245	0.118029	0.146405	1.458447	1.054927	6.552409	2.870402
15924	-10428.85	-10929.29	500.4397	0.503265	0.166082	0.190128	0.140525	1.513009	1.203403	6.489531	2.876527
15930	-10409.05	-10909.59	500.5399	0.39145	0.351362	0.147885	0.109303	1.291436	1.09837	6.961775	1.89644
15936	-10416.58	-10918.62	502.0357	0.462618	0.328301	0.0592844	0.149796	1.142731	1.128651	5.943976	2.5895
15942	-10400.26	-10900.28	500.0157	0.462618	0.328301	0.0592844	0.149796	1.501482	1.092897	6.46559	3.934634
15948	-10395.68	-10897.14	501.4607	0.405427	0.394165	0.071178	0.12923	1.085285	1.131158	6.54214	1.920719
15954	-10389.55	-10892.25	502.6986	0.281682	0.43852	0.238569	0.0412296	0.8464282	1.076025	6.29754	1.331844
15960	-10392.12	-10894.49	502.3707	0.282258	0.45907	0.21551	0.0431617	0.9247798	1.146483	6.29754	1.532702
15966	-10397.43	-10900.24	502.8006	0.269397	0.467296	0.219372	0.0439351	0.7388431	1.086647	6.374095	1.180069
15972	-10397.13	-10899.75	502.6216	0.269893	0.544091	0.118266	0.0677489	0.9610785	1.078674	6.374095	1.134661
15978	-10405.34	-10907.01	501.6675	0.182892	0.648113	0.092539	0.0764562	0.8566318	1.072222	6.962932	1.112089
15984	-10417.79	-10919.22	501.4327	0.172468	0.611173	0.144261	0.0720985	0.5948756	0.9275018	7.205717	1.329378
15990	-10407.18	-10909.46	502.2756	0.179024	0.623923	0.149745	0.0473081	0.5690108	1.056316	6.953341	0.8418299
15996	-10396.55	-10898.83	502.2801	0.181599	0.56473	0.247825	0.00584536	0.4689253	0.9963831	6.953341	0.994783
16002	-10389.92	-10890.99	501.0721	0.138132	0.593706	0.260541	0.00762161	0.4689011	0.9649472	7.508013	1.20778
16008	-10396.19	-10896.09	499.9001	0.19879	0.540304	0.237106	0.0237993	0.7102609	0.9541854	7.881094	1.467631
16014	-10395.16	-10897.16	501.9959	0.217817	0.496307	0.2598	0.0260772	0.7055343	1.032588	6.957352	0.9905942
16020	-10392.49	-10894.14	501.6512	0.272712	0.455211	0.238288	0.0337884	0.733583	1.059154	6.957352	1.290941
16026	-10408.03	-10908.33	500.3059	0.324648	0.361821	0.288494	0.0250369	1.257968	1.016491	7.263694	1.628413
16032	-10402.54	-10903.35	500.8097	0.377482	0.374727	0.230634	0.0171578	0.9849112	1.021829	6.878854	2.242094
16038	-10397.57	-10899.26	501.6834	0.3714	0.368689	0.226918	0.0329929	0.8054152	1.030103	6.878854	1.364608
16044	-10400.46	-10901.13	500.6756	0.343058	0.414625	0.209221	0.0330961	0.7180294	1.121887	6.822774	2.871536
16050	-10401.9	-10904.22	502.3217	0.322548	0.389836	0.188627	0.0989885	1.029479	1.152038	6.388835	1.273554
16056	-10408.99	-10910.07	501.0853	0.331984	0.449225	0.143575	0.0752169	1.045303	1.150419	7.049201	1.273554
16062	-10389.91	-10893.22	503.3086	0.304029	0.48591	0.141177	0.0688833	0.8468757	1.172291	5.938034	1.28099
16068	-10390.26	-10892.64	502.3724	0.282541	0.451566	0.131198	0.134695	0.9336152	1.185607	6.120953	1.870198
16074	-10389.04	-10891.62	502.579	0.261704	0.516527	0.068773	0.152995	1.199396	1.185957	6.020563	1.522655
16080	-10379.45	-10882.95	503.4993	0.268139	0.529228	0.0458751	0.156757	1.028197	1.219441	5.589371	1.522655
16086	-10402.01	-10905.19	503.1822	0.27206	0.536967	0.0319238	0.15905	1.027771	1.204109	5.886886	1.285732
16092	-10388.5	-10891.86	503.3639	0.28266	0.557888	0.0484595	0.110992	0.9774608	1.207946	5.812914	1.285732
16098	-10399.85	-10903.37	503.5241	0.275765	0.572758	0.0306858	0.120791	0.9813701	1.295397	5.721768	1.194446
16104	-10403.71	-10907.83	504.1174	0.263642	0.547579	0.0776248	0.111154	0.9807959	1.280572	5.320711	1.358876
16110	-10392.71	-10895.23	502.5143	0.365818	0.474777	0.0291151	0.130289	0.9807959	1.275401	5.567575	2.941336
16116	-10400.58	-10902.79	502.2084	0.436369	0.356899	0.0513146	0.155417	1.126629	1.12556	6.175939	1.783225
16122	-10384.51	-10885.06	500.5496	0.453534	0.325829	0.0381196	0.182517	1.304704	1.145261	6.555615	2.894215
16128	-10405.04	-10906.62	501.5882	0.476659	0.255474	0.114775	0.153091	1.304704	1.131697	5.998712	2.894215
16134	-10414.23	-10915.08	500.849	0.51259	0.190411	0.166866	0.130132	1.439906	1.145604	5.998712	3.986998
16140	-10411.84	-10910.95	499.1102	0.540311	0.146551	0.175968	0.13717	1.443178	1.04854	6.797049	4.749025
16146	-10413.85	-10913.48	499.6306	0.553725	0.11297	0.19273	0.140575	2.05649	1.049006	6.797049	2.814408
16152	-10417.99	-10918.08	500.0923	0.583463	0.0802202	0.219354	0.116963	1.332349	1.062717	6.797049	3.006551
16158	-10405.24	-10906.82	501.5843	0.452414	0.222589	0.257779	0.0672182	1.211441	1.152617	6.093486	2.726343
16164	-10406.35	-10908.6	502.2503	0.469755	0.19279	0.26766	0.0697948	1.445628	1.086266	5.984536	1.853532
16170	-10421.97	-10924.22	502.2521	0.472571	0.195377	0.271253	0.0607997	1.097647	1.112417	5.996165	2.218895
16176	-10422.63	-10925.47	502.8402	0.537928	0.144063	0.248801	0.0692083	1.376189	1.113691	5.64835	1.929398
16182	-10402.48	-10903.86	501.3745	0.522702	0.139985	0.241759	0.095553	1.376189	1.150593	6.054914	2.93872
16188	-10415.06	-10916.06	500.9968	0.573981	0.105527	0.174329	0.146163	1.710529	1.161399	6.099554	2.93872
16194	-10410.22	-10910.01	499.7916	0.504653	0.156484	0.249979	0.0888849	1.496001	1.08852	6.442231	4.504971
16200	-10406.62	-10906.7	500.0771	0.494803	0.174321	0.243726	0.0871501	1.377375	1.045939	6.930128	2.597245
16206	-10405.81	-10905.42	499.6132	0.494803	0.174321	0.243726	0.0871501	1.357913	1.097947	7.172946	2.563812
16212	-10393.11	-10893.12	500.0076	0.494262	0.147201	0.271483	0.0870547	1.33993	1.063088	6.954263	2.660952
16218	-10401.31	-10901.42	500.1074	0.510792	0.132694	0.266548	0.0899663	1.234504	0.9901916	7.072085	2.434993
16224	-10387.57	-10888.2	500.6284	0.578734	0.0759318	0.230879	0.114455	1.368251	1.105803	6.46518	3.010143
16230	-10387.91	-10888.22	500.305	0.546826	0.0717453	0.307912	0.0735168	1.368251	1.072761	6.542311	3.381351
16236	-10402.58	-10901.08	498.4979	0.612501	0.0513636	0.271349	0.0647869	1.525747	1.028919	7.282439	4.026625
16242	-10403.14	-10902.7	499.5612	0.625801	0.0307652	0.277241	0.0661937	1.327964	1.026313	7.064618	3.133494
16248	-10415.48	-10915.87	500.3905	0.608913	0.0530767	0.273603	0.0644074	1.468065	1.108484	6.225311	4.097336
16254	-10407.64	-10907.51	499.8759	0.557973	0.0486365	0.334371	0.0590193	1.609583	1.11656	6.748641	3.024891
16260	-10404.72	-10904.43	499.7132	0.602307	0.0525009	0.281483	0.0637087	1.286042	1.10303	6.763453	3.804755
16266	-10396.86	-10897.02	500.1686	0.445706	0.202805	0.252162	0.0993277	1.286042	1.102351	6.771672	2.962282
16272	-10399.31	-10900.44	501.1291	0.488432	0.171133	0.244231	0.0962039	1.117669	1.049755	6.771672	1.865086
16278	-10411.88	-10911.91	500.0335	0.465534	0.178041	0.271908	0.0845177	1.100345	1.021547	7.118887	2.560212
16284	-10405.38	-10906.9	501.5224	0.458878	0.232463	0.26802	0.0406392	1.122711	1.179168	6.217022	2.560212
16290	-10374.35	-10874.81	500.4593	0.531888	0.0978368	0.321524	0.0487518	1.22978	1.12082	6.856355	2.321589
16296	-10378.79	-10879.93	501.1466	0.503759	0.111554	0.30452	0.0801681	1.138115	1.14086	6.768096	1.711966
16302	-10378.36	-10878.3	499.9413	0.445595	0.179789	0.26936	0.105256	1.299446	1.010953	7.182628	2.26052
16308	-10391.38	-10892.64	501.261	0.480856	0.199789	0.229626	0.0897292	1.244435	1.073036	6.505819	2.153451
16314	-10386.98	-10888.68	501.6964	0.394299	0.322777	0.188292	0.0946316	0.9832799	1.063052	6.658234	1.571285
16320	-10383.88	-10885.85	501.9724	0.304297	0.387579	0.226094	0.0820301	0.8933965	1.133875	6.522693	1.565477
16326	-10403.35	-10905.04	501.6854	0.346951	0.436586	0.105704	0.11076	1.014127	1.133875	6.611854	1.565477
16332	-10399.31	-10900.81	501.5045	0.320993	0.430264	0.162526	0.0862164	1.130718	1.000349	6.793079	1.40932
16338	-10395.75	-10897.13	501.3793	0.33255	0.445755	0.132375	0.0893204	1.078511	1.127824	6.579476	1.950018
16344	-10393.77	-10895.51	501.7421	0.334768	0.448728	0.11397	0.102533	0.9864395	1.054147	6.579476	1.698666
16350	-10402.96	-10906.07	503.1098	0.352835	0.483562	0.0586461	0.104956	1.183707	1.189712	5.655843	1.698908
16356	-10399.13	-10900.91	501.7809	0.278763	0.521122	0.117192	0.0829225	0.9380115	1.171119	6.411383	1.957416
16362	-10407.43	-10908.81	501.3828	0.479184	0.320596	0.0952765	0.104944	1.158457	1.082923	6.514575	2.062076
16368	-10404.3	-10904.93	500.6329	0.392367	0.430634	0.105873	0.0711267	1.166008	1.10944	6.659325	2.718081
16374	-10394.71	-10895.43	500.7162	0.639639	0.0202254	0.231649	0.108487	1.45856	1.112803	5.780817	5.178136
16380	-10426.36	-10927.28	500.9253	0.653654	0.0206685	0.191446	0.134232	1.800471	1.227098	5.474409	5.062479
16386	-10415.05	-10916.43	501.3777	0.628511	0.0097452	0.251493	0.110251	1.678753	1.187171	6.108084	2.326338
16392	-10395.04	-10894.37	499.3304	0.613027	0.0110485	0.252246	0.123679	1.678753	1.041385	6.79768	3.883001
16398	-10417.39	-10918.08	500.6873	0.55517	0.117509	0.226043	0.101279	1.576866	1.087212	6.692099	2.045081
16404	-10414.9	-10914.36	499.4592	0.421252	0.282157	0.136777	0.159813	1.322441	1.173834	6.774063	4.06189
16410	-10414.48	-10915.37	500.8884	0.449331	0.291525	0.135444	0.123699	1.19265	1.100903	6.559645	2.581349
16416	-10407.04	-10908.51	501.4686	0.483649	0.313791	0.096184	0.106376	1.19265	1.079904	6.376286	2.255926
16422	-10423.72	-10924.76	501.0338	0.483649	0.313791	0.096184	0.106376	1.194044	1.103354	6.521508	2.462472
16428	-10417.34	-10919.02	501.6794	0.443679	0.287858	0.156414	0.112049	1.194044	1.191566	5.989651	2.84279
16434	-10395.56	-10897.49	501.9241	0.464892	0.301621	0.116081	0.117406	1.354286	1.192413	5.927305	2.411664
16440	-10388.59	-10890.71	502.1227	0.468982	0.304275	0.108304	0.118439	1.390726	1.20296	5.672446	2.754311
16446	-10410.3	-10911.84	501.5433	0.497402	0.229803	0.0788706	0.193924	1.389835	1.102263	5.928917	3.103494
16452	-10412.3	-10914.82	502.5231	0.441042	0.274038	0.112968	0.171951	1.389835	1.183996	5.588243	2.406985
16458	-10397	-10896.3	499.3008	0.481041	0.308529	0.0976916	0.112738	1.315534	1.049468	6.898939	4.179078
16464	-10389.89	-10888.79	498.8951	0.521619	0.278012	0.0778662	0.122503	1.266714	1.098005	7.11532	4.179078
16470	-10402.03	-10903.26	501.2223	0.485235	0.268227	0.0633058	0.183232	1.628274	1.098005	6.08442	2.829792
16476	-10396.73	-10897	500.2675	0.56024	0.168719	0.0503887	0.220652	1.873707	1.175163	6.105152	3.984197
16482	-10398.4	-10898.73	500.3395	0.55577	0.167373	0.0579656	0.218891	1.578845	1.123075	6.526363	2.96947
16488	-10402.89	-10902.45	499.5605	0.57793	0.134174	0.0602769	0.227619	1.881138	1.109787	6.526363	3.966136
16494	-10412.11	-10910.56	498.4521	0.708783	0.0376641	0.0543907	0.199162	2.105677	1.126469	6.568152	5.88648
16500	-10412.24	-10915.33	503.0877	0.291516	0.563766	0.044275	0.100443	0.8625931	1.081138	6.194848	1.095558
16506	-10407.97	-10910.06	502.0942	0.236032	0.581163	0.125634	0.05717	0.9510829	1.107057	6.397662	1.657526
16512	-10420.74	-10922.21	501.4679	0.51354	0.312732	0.0581916	0.115537	1.574294	1.068182	6.250115	2.121539
16518	-10405.87	-10906.06	500.1879	0.458428	0.282479	0.121296	0.137797	1.543359	1.121556	6.414213	3.660639
16524	-10412.95	-10912.52	499.568	0.621644	0.149009	0.0649962	0.16435	1.765991	1.063808	6.414213	4.670011
16530	-10425.37	-10924.88	499.504	0.570327	0.136708	0.0701773	0.222787	2.041084	1.162578	6.414213	4.146051
16536	-10407.76	-10907.76	499.9993	0.603243	0.126236	0.0648012	0.20572	1.78019	1.089016	6.414213	3.710114
16542	-10410.66	-10909.47	498.8097	0.559428	0.180247	0.0324022	0.227923	1.744805	1.095452	7.019958	3.884274
16548	-10396	-10895.12	499.123	0.533929	0.226912	0.058673	0.180486	1.532019	1.126059	6.451871	5.879263
16554	-10408.83	-10910.33	501.4985	0.545907	0.218503	0.0510551	0.184535	1.623007	1.021126	6.257254	2.070358
16560	-10399.16	-10898.53	499.376	0.504158	0.201793	0.123626	0.170422	1.228629	1.032505	7.297001	2.863349
16566	-10402.03	-10902.23	500.1975	0.412447	0.271751	0.176381	0.139421	1.248559	1.058296	6.70793	3.248416
16572	-10388.84	-10889.35	500.5175	0.516433	0.212498	0.162049	0.109021	1.248559	1.071004	6.503066	3.329544
16578	-10391.58	-10892.16	500.5767	0.48672	0.199586	0.205912	0.107783	1.704434	1.117468	6.503066	2.506809
16584	-10394.83	-10897.3	502.4674	0.430176	0.2598	0.18483	0.125193	1.083337	1.15695	5.914365	2.086083
16590	-10410.65	-10911.93	501.2824	0.425932	0.257236	0.192874	0.123958	1.208594	1.15695	6.447958	2.202234
16596	-10394.59	-10897.88	503.2944	0.42544	0.366626	0.0841182	0.123815	1.208594	1.252661	5.295673	2.202234
16602	-10384.84	-10886.76	501.9199	0.397204	0.408663	0.0785353	0.115598	1.190913	1.155814	6.269551	1.814361
16608	-10387.91	-10890.64	502.7218	0.356246	0.385879	0.177843	0.0800322	0.9831235	1.117228	6.269551	1.16761
16614	-10410.89	-10913.63	502.7414	0.251974	0.532315	0.124718	0.0909928	0.8616855	1.105476	6.269551	1.29178
16620	-10380.46	-10881.96	501.4948	0.244747	0.565868	0.101886	0.0874989	0.8616855	1.142741	6.941856	1.255636
16626	-10397.69	-10898.8	501.1092	0.278572	0.503747	0.115967	0.101714	0.8404311	1.123214	7.135865	1.328295
16632	-10398.06	-10899.12	501.0647	0.278572	0.503747	0.115967	0.101714	0.734368	1.10003	7.135865	1.531489
16638	-10400.28	-10904.29	504.0078	0.299307	0.541242	0.078187	0.0812635	0.9259099	1.222325	5.360456	1.531489
16644	-10392.94	-10894.35	501.4047	0.293277	0.567282	0.0542679	0.0851732	1.030333	1.023552	7.018367	1.145478
16650	-10400.47	-10901.91	501.445	0.254285	0.4968	0.165724	0.0831909	1.030333	1.159118	6.727587	1.547707
16656	-10418.54	-10920.02	501.4859	0.329789	0.48444	0.116491	0.0692795	1.030333	1.159118	6.167665	2.937107
16662	-10414.4	-10916.42	502.0202	0.356392	0.485818	0.0880591	0.0697303	1.00385	1.146582	6.121385	2.304794
16668	-10401.76	-10902.83	501.0672	0.383514	0.36197	0.0947605	0.159756	1.393338	1.171717	6.544293	2.002047
16674	-10412.45	-10914.61	502.1598	0.363509	0.456981	0.0668345	0.112676	1.329345	1.083315	6.232348	1.537408
16680	-10407.48	-10910.09	502.6085	0.298546	0.496922	0.0820076	0.122524	0.9332853	1.171155	6.283468	1.257241
16686	-10404.01	-10907.94	503.9326	0.21487	0.579408	0.117539	0.0881829	1.057043	1.171392	5.492	1.257241
16692	-10425.22	-10926.51	501.2919	0.39915	0.386454	0.0805608	0.133835	1.01415	1.030917	6.464297	2.605677
16698	-10423.8	-10925.71	501.9115	0.439672	0.320612	0.128684	0.111033	1.01415	1.176445	6.093424	2.48055
16704	-10414.77	-10914.87	500.1019	0.452864	0.337873	0.112336	0.0969272	1.41078	1.131249	6.220016	4.792803
16710	-10400.44	-10899.93	499.4878	0.452251	0.337416	0.0484531	0.161881	1.385316	1.098303	6.583228	4.792803
16716	-10377.08	-10877.72	500.6451	0.442315	0.330003	0.0693579	0.158324	1.626317	1.018188	6.583228	2.42785
16722	-10377.92	-10878.23	500.3088	0.399426	0.393148	0.0631873	0.144238	1.178429	1.060214	6.956972	2.42785
16728	-10405.64	-10906.63	500.9891	0.432127	0.357172	0.122458	0.0882426	1.178429	1.056825	6.668652	2.222174
16734	-10401.77	-10904.5	502.7232	0.466349	0.269857	0.145567	0.118227	1.421084	1.244455	5.563439	2.063807
16740	-10386.86	-10888.68	501.8245	0.497007	0.287921	0.0466343	0.168438	1.458109	1.194325	5.411292	4.050344
16746	-10387.9	-10890.28	502.3807	0.418045	0.401052	0.0392254	0.141677	1.577293	1.214384	5.498354	2.576471
16752	-10401.63	-10904.53	502.9052	0.40404	0.406267	0.0705195	0.119173	1.197325	1.177282	5.498354	2.355386
16758	-10409.43	-10911.38	501.9523	0.409267	0.411523	0.0714318	0.107778	1.261607	1.183507	5.983955	2.355386
16764	-10399.91	-10901.24	501.3332	0.440241	0.326571	0.0766122	0.156576	1.176741	1.105206	6.371948	2.449279
16770	-10404.52	-10904.94	500.4143	0.440241	0.326571	0.0766122	0.156576	1.267284	1.096688	6.451073	3.614473
16776	-10406.66	-10907.66	501.0045	0.485469	0.288895	0.0715805	0.154055	1.267284	1.18385	6.083051	3.614473
16782	-10400.09	-10899.6	499.5055	0.499001	0.244888	0.0735757	0.182535	1.359094	1.121596	6.531713	4.969246
16788	-10394.66	-10895.61	500.9555	0.497419	0.286155	0.0913954	0.125031	1.530126	1.208795	5.612271	4.969246
16794	-10408.85	-10910.92	502.0706	0.457951	0.353748	0.0278521	0.160449	1.289692	1.208795	5.768334	2.695321
16800	-10419.27	-10921.16	501.8879	0.463311	0.35025	0.0275766	0.158863	1.447962	1.236814	5.431876	3.785761
16806	-10405.04	-10906.12	501.0829	0.541332	0.197931	0.0751228	0.185615	1.736262	1.143313	6.380677	2.034423
16812	-10403.15	-10904.13	500.9737	0.413923	0.427854	0.0455868	0.112637	1.286591	1.115722	6.665108	2.032423
16818	-10396.92	-10898.91	501.9869	0.308442	0.446939	0.166934	0.0776844	1.018017	1.168622	6.403087	1.61954
16824	-10414.62	-10916.01	501.3818	0.303567	0.439875	0.164296	0.0922619	0.9515081	1.07677	6.909573	1.417771
16830	-10410.06	-10912.87	502.8015	0.314196	0.455276	0.135035	0.0954922	0.9012859	1.129436	6.252403	1.191639
16836	-10408.93	-10912.09	503.1605	0.333009	0.36176	0.229354	0.0758775	0.8937111	1.175345	5.854145	1.564334
16842	-10429.97	-10933.37	503.396	0.349816	0.364959	0.231382	0.0538433	0.8894216	1.207712	5.838545	1.297565
16848	-10414.09	-10916.94	502.857	0.299893	0.409283	0.216495	0.0743287	0.8432692	1.127113	6.242812	1.217487
16854	-10383.64	-10886.62	502.9807	0.410668	0.286503	0.221228	0.0816015	1.259243	1.292507	5.639914	1.679967
16860	-10393.58	-10895.2	501.6225	0.579925	0.073391	0.312407	0.034277	1.047811	1.141545	5.920476	3.488705
16866	-10416.73	-10916.97	500.2384	0.416928	0.212123	0.341442	0.029507	0.9803692	1.068391	6.863276	3.111293
16872	-10404.94	-10904.38	499.4353	0.442122	0.186085	0.255042	0.116751	1.293064	1.061515	7.146454	3.083034
16878	-10391.58	-10891.21	499.6288	0.526631	0.135392	0.231845	0.106132	1.293064	1.042934	7.003645	3.238959
16884	-10388.4	-10889.92	501.5188	0.505643	0.131787	0.235723	0.126847	1.293064	1.202885	6.075719	2.682365
16890	-10406.53	-10909.12	502.5887	0.520426	0.185932	0.195093	0.0985496	1.102066	1.322616	5.7337	2.120362
16896	-10404.03	-10906.12	502.087	0.430548	0.322917	0.111949	0.134587	1.123482	1.234571	5.959188	2.341268
16902	-10412.35	-10914.34	501.9943	0.383298	0.34233	0.178155	0.0962179	1.013354	1.189422	6.333582	1.747216
16908	-10413.11	-10914.44	501.3231	0.522704	0.198766	0.231829	0.0467003	1.139825	1.103397	6.086556	3.386108
16914	-10421.19	-10921.94	500.7467	0.464408	0.288127	0.205973	0.0414919	1.226351	1.094094	6.713138	2.332937
16920	-10422.38	-10923.95	501.5699	0.382734	0.256312	0.274642	0.0863116	0.9747913	1.112586	6.713138	1.552271
16926	-10397.71	-10899.12	501.4085	0.450778	0.30188	0.145685	0.101657	1.077446	1.102547	6.713138	1.635147
16932	-10388.71	-10889.09	500.3716	0.460647	0.305308	0.148874	0.0851706	1.399703	1.084081	6.840514	2.319987
16938	-10394.6	-10896.08	501.4747	0.487781	0.323292	0.08788	0.101047	1.203158	1.08885	6.265243	2.518697
16944	-10406.89	-10907.42	500.531	0.499486	0.286345	0.124671	0.0894984	1.40533	1.160299	6.074894	4.385697
16950	-10399.13	-10900.51	501.3783	0.526157	0.140562	0.166717	0.166563	1.313536	1.083951	6.417077	2.114772
16956	-10397.26	-10898.01	500.7486	0.493234	0.237419	0.168141	0.101207	1.250735	1.083951	6.433132	3.12532
16962	-10403.54	-10904.63	501.0849	0.509216	0.23464	0.151658	0.104486	1.250735	1.024662	6.490059	2.511299
16968	-10430.41	-10932.52	502.1064	0.53494	0.13982	0.159319	0.165922	1.188023	1.227884	5.873647	2.461993
16974	-10423.09	-10921.03	497.9398	0.623564	0.0565886	0.109191	0.210657	1.638313	1.173235	7.170242	5.177247
16980	-10406.45	-10905.91	499.4619	0.517268	0.262554	0.0304314	0.189747	1.797409	1.07369	6.882499	3.119788
16986	-10400.07	-10901.07	501.0049	0.48849	0.247946	0.0843739	0.17919	1.52535	0.9985477	6.595299	2.036809
16992	-10398.57	-10899.34	500.7743	0.441834	0.310517	0.158763	0.0888864	1.52535	1.159395	6.326279	2.876249
16998	-10397.59	-10898.32	500.7263	0.432492	0.300131	0.153452	0.113925	1.142987	1.10311	6.570754	2.876249
17004	-10408.16	-10908.96	500.807	0.428312	0.349679	0.0892762	0.132733	1.350026	1.138189	6.567363	2.408125
17010	-10395.35	-10897.3	501.9562	0.378419	0.430794	0.101897	0.0888902	1.006852	1.200482	6.106402	2.354813
17016	-10402.93	-10905.38	502.4593	0.338245	0.441845	0.110505	0.109406	0.9970718	1.15748	6.182342	1.579035
17022	-10413.11	-10914.37	501.2558	0.401685	0.339054	0.205899	0.0533618	0.9970718	1.161139	6.221853	3.210981
17028	-10407.08	-10908.16	501.0761	0.440349	0.30848	0.165463	0.0857077	1.109676	1.074436	6.590981	2.372675
17034	-10424.16	-10925.12	500.9618	0.42726	0.334514	0.155066	0.0831601	1.105949	1.154805	6.590981	2.427746
17040	-10425.74	-10926.88	501.1392	0.409909	0.342939	0.153525	0.0936277	1.096398	1.049001	6.592171	2.333393
17046	-10404.78	-10905.99	501.2084	0.462748	0.256577	0.146644	0.13403	1.10914	1.072632	6.535265	2.333393
17052	-10417.23	-10918.84	501.6035	0.624664	0.0367292	0.240703	0.0979036	1.226101	1.212673	6.015596	2.805878
17058	-10397.57	-10898.83	501.2597	0.559297	0.0864146	0.26663	0.0876587	1.359403	1.160707	6.164556	2.805878
17064	-10424.73	-10926.47	501.7389	0.360602	0.344209	0.233239	0.0619508	1.044015	1.072904	6.533961	1.712423
17070	-10397.57	-10896.27	498.6991	0.505172	0.237746	0.188051	0.0690307	1.234949	1.007831	7.656261	2.904549
17076	-10394.96	-10895.57	500.6064	0.428844	0.201824	0.310731	0.0586006	1.218332	1.047172	7.195365	1.433104
17082	-10421.21	-10921.97	500.7618	0.434654	0.310972	0.180162	0.0742126	1.120796	1.052058	6.521424	3.089258
17088	-10408.47	-10908.71	500.2436	0.424874	0.374379	0.162387	0.03836	1.410981	0.9951868	6.608589	3.342716
17094	-10393.8	-10895.86	502.0608	0.381265	0.335953	0.14572	0.137063	0.9808828	1.078169	6.136735	2.337423
17100	-10396.94	-10899.39	502.4491	0.43652	0.239715	0.166838	0.156927	1.179173	1.127155	5.792324	2.337423
17106	-10404.37	-10905.62	501.2416	0.39887	0.339526	0.128305	0.133299	1.440648	1.123216	6.363386	2.229762
17112	-10398.38	-10898.83	500.444	0.474571	0.280311	0.104043	0.141075	1.142275	1.091573	7.001198	2.122663
17118	-10414.31	-10913.27	498.9566	0.516029	0.171812	0.122514	0.189645	1.362083	1.016236	7.182468	3.797648
17124	-10419.83	-10919.83	500.0004	0.519165	0.184628	0.189657	0.10655	1.234042	1.008932	6.827828	3.315305
17130	-10429.15	-10930.58	501.4235	0.424395	0.312696	0.202503	0.0604066	1.277595	1.037144	6.732921	1.428807
17136	-10421.7	-10921.81	500.1101	0.423651	0.312148	0.200049	0.0641521	1.145344	1.03533	6.711544	3.612754
17142	-10398.4	-10898.71	500.3073	0.383574	0.315958	0.181125	0.119342	1.248318	1.073046	6.996824	2.210322
17148	-10400.74	-10900.45	499.708	0.436983	0.359952	0.109926	0.093139	1.355744	1.052031	6.650291	4.208717
17154	-10402.74	-10903.52	500.7823	0.551667	0.119113	0.166506	0.162713	1.599523	1.087691	6.40849	2.636963
17160	-10386.13	-10886.35	500.2286	0.542108	0.135233	0.200958	0.121701	1.329176	1.139159	6.501743	3.601525
17166	-10397.82	-10896.89	499.068	0.51715	0.197141	0.191707	0.0940018	1.357791	1.126909	6.814557	4.765307
17172	-10393.33	-10892.91	499.5763	0.445602	0.252064	0.194729	0.107605	1.22255	1.068733	6.973715	3.503761
17178	-10397.7	-10896.95	499.2552	0.539207	0.230318	0.128207	0.102268	1.69679	0.9631828	7.150254	2.952787
17184	-10406.66	-10906.78	500.1257	0.511704	0.203291	0.156624	0.128381	1.283706	1.081756	6.743916	3.160056
17190	-10402.98	-10902.6	499.6152	0.572306	0.227367	0.100715	0.0996119	1.283706	1.052891	7.084147	3.004076
17196	-10398.16	-10899.09	500.9282	0.436066	0.314019	0.119052	0.130862	1.264503	1.065428	6.954142	1.508156
17202	-10417.11	-10916.87	499.7654	0.456095	0.306585	0.100446	0.136873	1.371097	1.059642	7.370838	1.870618
17208	-10405.17	-10904.51	499.3425	0.456095	0.306585	0.100446	0.136873	1.186299	1.134284	7.111	3.407883
17214	-10397.84	-10896.82	498.9764	0.456398	0.306088	0.173406	0.064108	0.94671	1.078776	7.116169	4.70566
17220	-10412.75	-10912.92	500.1689	0.516306	0.262325	0.166427	0.0549423	1.069687	1.146548	6.605452	3.802147
17226	-10416.2	-10916.92	500.7166	0.50478	0.2409	0.202542	0.0517786	1.333903	1.069105	6.677751	2.364162
17232	-10421.08	-10922.89	501.8033	0.434434	0.248563	0.264313	0.0526905	1.188648	1.067995	6.465985	1.622506
17238	-10417.9	-10918.65	500.7478	0.551324	0.180765	0.223381	0.0445308	1.263495	1.066608	6.618623	2.580883
17244	-10416.06	-10916.7	500.6434	0.464539	0.154413	0.317729	0.0633192	1.263495	0.9846457	6.681742	2.688644
17250	-10405	-10904.9	499.9013	0.419107	0.349562	0.0735433	0.157788	1.334395	1.071336	6.515787	4.323578
17256	-10397.47	-10897.68	500.2057	0.390307	0.369369	0.0933785	0.146946	1.238326	1.078027	7.078186	2.147415
17262	-10429.7	-10928.23	498.5288	0.430159	0.368973	0.0389181	0.16195	1.317656	1.050812	7.078186	5.137449
17268	-10415.97	-10915.92	499.9458	0.441573	0.314071	0.106504	0.137852	1.148779	0.9502821	7.391425	1.996998
17274	-10417.54	-10918.13	500.5938	0.350867	0.387579	0.15202	0.109535	1.164779	1.006072	7.067288	1.846213
17280	-10415.73	-10915.55	499.8223	0.479042	0.27374	0.165134	0.0820844	1.056926	1.083104	7.139788	2.79965
17286	-10397.41	-10897.59	500.1785	0.429644	0.347275	0.148105	0.0749757	1.255486	1.016375	7.081618	2.240371
17292	-10394.39	-10896.26	501.8708	0.404427	0.326892	0.139413	0.129268	1.106388	1.158272	6.261597	1.999169
17298	-10401.57	-10903.82	502.252	0.43863	0.269967	0.151203	0.1402	1.181179	1.178644	5.703017	2.805274
17304	-10389.03	-10890.16	501.1291	0.530127	0.242749	0.0504765	0.176648	1.389172	1.127723	6.322287	2.566017
17310	-10373.48	-10873.81	500.3245	0.390156	0.411129	0.0348687	0.163846	1.214679	1.082021	6.868708	2.566017
17316	-10394.19	-10895.04	500.8455	0.396481	0.417793	0.0354339	0.150292	1.244273	1.052206	6.519242	2.765276
17322	-10398.05	-10898.08	500.0259	0.39848	0.385023	0.0395539	0.176943	1.38494	1.103755	6.685077	3.326412
17328	-10397.61	-10898.94	501.3243	0.377078	0.364344	0.11078	0.147798	1.190538	1.131342	6.514926	2.033674
17334	-10398.63	-10900.45	501.824	0.436888	0.310038	0.138669	0.114405	1.377706	1.131342	6.033036	2.333403
17340	-10404.26	-10906.3	502.0443	0.370336	0.44674	0.0205704	0.162354	1.294691	1.117964	5.85757	2.616625
17346	-10401.12	-10901.47	500.3548	0.37438	0.431583	0.0171391	0.176897	1.443778	1.113151	6.60015	2.927093
17352	-10397.69	-10900.03	502.349	0.421523	0.39462	0.0206585	0.163198	1.286232	1.180932	5.977499	1.805894
17358	-10389.83	-10891.06	501.2282	0.432825	0.388509	0.0179939	0.160671	1.267802	1.191012	5.977499	3.544226
17364	-10389.65	-10890.26	500.6088	0.443186	0.347363	0.00866622	0.200785	1.338264	1.127685	6.615938	2.60305
17370	-10397.56	-10897.46	499.9054	0.465052	0.364502	0.0057854	0.164661	1.530331	1.059739	6.680222	3.409709
17376	-10396.9	-10897.46	500.5572	0.459836	0.360413	0.00572051	0.17403	1.30387	1.081965	6.494658	3.178426
17382	-10386.33	-10887.53	501.1976	0.459836	0.360413	0.00572051	0.17403	1.30387	1.114971	6.348087	2.526148
17388	-10394.71	-10895.69	500.9819	0.426798	0.404935	0.00674034	0.161527	1.30387	1.07483	6.410181	2.744976
17394	-10400.02	-10900.76	500.7406	0.371861	0.486861	0.00649546	0.134783	1.077959	1.128657	6.171564	4.279727
17400	-10400.79	-10900.74	499.9553	0.386648	0.425451	0.0172219	0.170678	1.347873	1.074079	7.193352	2.064872
17406	-10410.29	-10911.94	501.6473	0.381886	0.476877	0.0116363	0.129601	1.175407	1.061032	6.558719	1.627659
17412	-10413.73	-10914.01	500.283	0.425177	0.397773	0.0327582	0.144292	1.423367	1.124605	6.764386	2.569544
17418	-10388.82	-10889.48	500.6624	0.517231	0.29712	0.0455147	0.140134	1.423367	1.106315	6.569177	2.569544
17424	-10388.8	-10888.82	500.0277	0.525594	0.279885	0.0521211	0.1424	1.398216	1.10753	6.729893	3.150823
17430	-10404.25	-10903.38	499.1296	0.514496	0.293158	0.0741915	0.118154	1.398216	1.095254	7.356275	2.732859
17436	-10417	-10917.05	500.045	0.577813	0.20617	0.083322	0.132695	1.27246	1.202224	6.326971	4.602597
17442	-10430.43	-10930.42	499.9878	0.572177	0.191665	0.0825092	0.153649	1.781077	1.039572	6.601116	3.192471
17448	-10421.22	-10921.05	499.8309	0.559226	0.204817	0.0881707	0.147787	1.532274	1.08133	7.260599	1.841293
17454	-10419.13	-10919.73	500.6029	0.576245	0.135745	0.135726	0.152284	1.72729	1.182622	6.148435	3.403541
17460	-10436.07	-10936.84	500.7747	0.572995	0.137288	0.138292	0.151425	1.426596	1.116847	6.368047	2.959976
17466	-10427.44	-10927.88	500.4446	0.53134	0.252099	0.076143	0.140417	1.636554	1.16347	6.368047	3.13541
17472	-10424.51	-10925.04	500.5271	0.481498	0.228451	0.162805	0.127246	1.521084	1.131547	6.368047	3.216314
17478	-10415.99	-10917.97	501.9705	0.513446	0.24361	0.125208	0.117736	1.210824	1.114377	5.976429	2.521507
17484	-10414.41	-10915.76	501.3574	0.502245	0.238295	0.144293	0.115167	1.307522	1.250686	5.976429	3.145864
17490	-10391.6	-10893.02	501.4157	0.479698	0.25674	0.125189	0.138373	1.300705	1.096206	6.286394	2.40268
17496	-10393.72	-10895.79	502.0697	0.450044	0.29938	0.145981	0.104596	1.227227	1.141989	5.752303	2.944743
17502	-10399.97	-10902.01	502.0348	0.458123	0.312515	0.143102	0.0862598	1.172525	1.11957	6.23056	1.827708
17508	-10407.87	-10909.63	501.7569	0.443021	0.302213	0.159176	0.0955902	1.299449	1.133683	6.054447	2.47501
17514	-10396.46	-10897.98	501.5186	0.411032	0.280391	0.219888	0.0886881	1.073035	1.133683	6.461718	2.053485
17520	-10397.33	-10899.05	501.7203	0.406789	0.277497	0.217618	0.0980958	1.219876	1.083345	6.462788	1.676002
17526	-10407.24	-10907.12	499.8753	0.488822	0.24321	0.19073	0.0772378	1.257618	1.017044	6.827822	3.486628
17532	-10411.74	-10913.97	502.2238	0.518112	0.202952	0.162996	0.11594	1.332514	1.201849	5.833452	2.241697
17538	-10395.45	-10897.6	502.1535	0.470009	0.18411	0.240705	0.105176	1.103152	1.160766	6.124053	1.960561
17544	-10379.2	-10880.24	501.0365	0.519698	0.183971	0.240523	0.0558083	1.076816	1.160766	6.711558	2.039375
17550	-10395.46	-10896.47	501.0123	0.415041	0.293397	0.245528	0.0460342	1.056306	1.074053	6.782334	2.039375
17556	-10396.34	-10897.77	501.4262	0.404674	0.257175	0.259102	0.0790491	1.015646	1.111896	6.489262	2.21896
17562	-10379.03	-10878.85	499.8195	0.411971	0.276332	0.22676	0.0849374	1.190599	1.038217	7.30359	2.21896
17568	-10385.7	-10886.13	500.4303	0.411971	0.276332	0.22676	0.0849374	1.087496	0.9949173	7.027785	2.282286
17574	-10371.69	-10872.43	500.7377	0.411971	0.276332	0.22676	0.0849374	1.087496	1.096699	6.914287	2.008319
17580	-10369.76	-10870.14	500.3828	0.473665	0.192324	0.260718	0.0732932	1.082215	0.987199	6.914287	2.688013
17586	-10380.1	-10880.49	500.3927	0.46159	0.187421	0.279564	0.0714248	1.174964	1.059914	7.046322	2.078869
17592	-10383.56	-10884.7	501.1374	0.466544	0.229394	0.229746	0.074316	1.161848	1.061308	6.4914	2.499382
17598	-10389.27	-10889.11	499.8332	0.45401	0.248465	0.204914	0.0926114	1.378725	1.054652	7.051493	2.610453
17604	-10406.29	-10905.35	499.0597	0.566018	0.138573	0.146525	0.148884	1.419523	1.02412	7.051493	3.956865
17610	-10405.65	-10905.65	500.0024	0.56734	0.20433	0.0850585	0.143272	1.372319	1.082842	6.533644	3.956865
17616	-10389.63	-10890.73	501.0991	0.504649	0.181752	0.186159	0.12744	1.23188	1.105433	6.360258	2.762115
17622	-10398.82	-10899.88	501.0677	0.452825	0.247732	0.18509	0.114353	1.352573	1.131291	6.360258	2.597594
17628	-10395.13	-10897.08	501.9478	0.468193	0.281276	0.136799	0.113732	1.233915	1.130213	5.85174	2.855754
17634	-10398.15	-10900.58	502.4282	0.374416	0.346311	0.189182	0.0900903	1.148418	1.153336	5.976918	1.906876
17640	-10407.37	-10909.39	502.013	0.400983	0.387609	0.0988547	0.112553	1.070011	1.109104	6.268465	1.906876
17646	-10390.9	-10892.96	502.0623	0.320516	0.49385	0.0784769	0.107157	1.127839	1.079204	6.34907	1.626714
17652	-10390.38	-10891.49	501.1075	0.335785	0.537063	0.0148898	0.112262	1.1079	1.081082	6.677546	2.095447
17658	-10396.54	-10897.32	500.7851	0.343308	0.549095	0.0152234	0.0923733	1.090132	1.003741	6.677546	2.706943
17664	-10405.41	-10906.07	500.6599	0.328659	0.539871	0.0430379	0.0884319	1.090132	1.076615	6.61518	2.978025
17670	-10396.16	-10898.03	501.8655	0.448212	0.325233	0.0835583	0.142997	1.228283	1.148527	5.972404	2.615832
17676	-10393.3	-10895.82	502.5233	0.423717	0.307458	0.133304	0.135521	1.076414	1.148527	5.784592	2.363028
17682	-10400.03	-10900.82	500.7866	0.429335	0.355569	0.0777779	0.137318	1.44732	1.130777	6.353002	2.933052
17688	-10402.87	-10903.66	500.7908	0.513362	0.160483	0.161963	0.164192	1.44732	1.126636	6.353002	2.933052
17694	-10402.05	-10900.73	498.6863	0.591883	0.0923913	0.186736	0.12899	1.745343	1.020734	7.126333	3.884314
17700	-10412.15	-10912.75	500.6004	0.584848	0.0908631	0.183647	0.140642	1.561479	1.089347	6.304685	3.306188
17706	-10405.23	-10905.76	500.5306	0.591611	0.119248	0.185771	0.10337	1.561479	1.212603	5.939559	4.5157
17712	-10396	-10897.47	501.468	0.609786	0.0625503	0.221118	0.106546	1.586209	1.136488	5.926953	2.894235
17718	-10401.86	-10903.25	501.3925	0.624924	0.0430238	0.222862	0.109191	1.619269	1.126772	5.926953	2.989287
17724	-10387.77	-10889.37	501.6026	0.652752	0.0244678	0.232786	0.0899939	1.389773	1.229489	5.936162	2.774137
17730	-10393	-10894.75	501.7476	0.625128	0.00600525	0.282682	0.0861854	1.567871	1.270281	5.337757	4.131234
17736	-10387.19	-10888.48	501.2893	0.614181	0.0120995	0.277731	0.0959882	1.705515	1.248431	5.337757	4.921527
17742	-10381.28	-10881.62	500.3412	0.635371	0.00890688	0.256422	0.0993	1.585386	1.184925	6.028244	4.59042
17748	-10390.39	-10890.33	499.9453	0.655096	0.00870545	0.250623	0.0855757	1.577229	1.079901	6.538275	3.711033
17754	-10391.19	-10891.28	500.0915	0.632396	0.00244387	0.266991	0.0981688	1.563171	1.159022	6.486144	3.492246
17760	-10396.16	-10895.57	499.4135	0.632709	0.00195076	0.267123	0.0982174	1.631564	1.141644	6.761457	3.73358
17766	-10401.64	-10900.88	499.2396	0.659818	0.00433156	0.220355	0.115496	1.867142	1.097136	6.633249	4.264715
17772	-10380.43	-10880.24	499.8131	0.598563	0.0116064	0.250181	0.139649	1.797883	1.052989	6.633249	3.348302
17778	-10411.41	-10911.11	499.6955	0.579403	0.0632074	0.242173	0.115217	1.563526	1.022219	6.814162	3.357878
17784	-10433.54	-10932.37	498.8264	0.628745	0.0236161	0.262796	0.0848427	2.148746	1.076476	6.382377	5.853736
17790	-10441.71	-10943.25	501.5365	0.573574	0.0551604	0.293867	0.077398	1.237159	1.017712	6.382377	2.173347
17796	-10438.33	-10936.74	498.4168	0.568572	0.0721515	0.284377	0.0748986	1.334184	1.00466	7.770235	2.873482
17802	-10407.45	-10908.35	500.8989	0.563865	0.0611935	0.282023	0.0929178	1.377737	1.097641	6.511303	2.44854
17808	-10390.19	-10890.99	500.8004	0.591388	0.0532999	0.295789	0.0595227	1.439994	1.101383	6.620601	2.21392
17814	-10402.67	-10903.66	500.9838	0.614298	0.0284384	0.307248	0.0500156	1.428618	1.186749	6.172815	3.09184
17820	-10412.74	-10911.49	498.7455	0.439617	0.39603	0.0169136	0.14744	1.428793	1.112744	6.985947	4.666463
17826	-10410.26	-10911.39	501.1283	0.407707	0.367284	0.0342309	0.190777	1.29607	1.114897	6.278628	2.845935
17832	-10401.85	-10903.18	501.3328	0.409231	0.368657	0.030622	0.19149	1.523923	1.082623	6.444912	1.862086
17838	-10404.13	-10905.36	501.2282	0.384692	0.412043	0.0280236	0.175242	1.243567	1.082623	6.461661	2.302195
17844	-10414.11	-10915.25	501.1346	0.351971	0.403476	0.0403117	0.204241	1.243567	1.176064	6.502346	2.195964
17850	-10409.45	-10911.05	501.6059	0.393559	0.451149	0.0228821	0.13241	1.228575	1.100319	6.295437	2.195964
17856	-10406.04	-10909.35	503.3111	0.400179	0.458738	0.00644664	0.134637	1.116779	1.135554	5.620708	1.67568
17862	-10412.8	-10914.42	501.6226	0.325596	0.500571	0.0532139	0.120619	1.244241	1.095923	6.435359	1.816491
17868	-10446.04	-10946.9	500.8563	0.38228	0.346249	0.100541	0.17093	1.250664	1.026923	6.5465	2.699215
17874	-10448.31	-10948.02	499.711	0.485665	0.167991	0.195776	0.150569	1.470769	1.01367	6.822591	3.460882
17880	-10436.53	-10937.52	500.9961	0.494449	0.248983	0.192588	0.0639797	1.192728	1.080527	6.370739	2.99918
17886	-10405.67	-10907.26	501.5964	0.466479	0.264396	0.13315	0.135975	1.192728	1.047905	6.397237	2.069267
17892	-10421.89	-10921.12	499.2327	0.543178	0.147932	0.162851	0.146039	1.192728	1.024169	7.243813	3.348006
17898	-10419.73	-10918.04	498.3103	0.510417	0.149974	0.204803	0.134805	1.651486	1.007057	7.16464	4.708167
17904	-10400.12	-10900.76	500.6407	0.458295	0.221644	0.229708	0.0903528	1.51616	1.067928	6.644844	2.331071
17910	-10385.57	-10885.85	500.2741	0.461876	0.289895	0.15717	0.0910586	1.379341	1.005747	6.764592	2.830727
17916	-10395.29	-10896.59	501.293	0.427801	0.391916	0.103722	0.0765614	0.922781	1.061918	6.419457	2.830727
17922	-10397.8	-10898.68	500.8763	0.287224	0.490989	0.1276	0.094187	0.7715405	1.062731	7.290738	1.414417
17928	-10404.69	-10907.75	503.0614	0.29037	0.496367	0.128998	0.0842655	0.8460741	1.128233	6.118518	1.238912
17934	-10409.44	-10911.63	502.1903	0.360381	0.446922	0.0876834	0.105014	1.151287	1.114712	6.508566	1.093344
17940	-10414.17	-10914.26	500.0902	0.388926	0.396433	0.102149	0.112492	1.416212	1.074601	7.222141	1.740527
17946	-10405.08	-10906.26	501.1791	0.382004	0.389378	0.100331	0.128287	1.145324	1.172081	6.717492	1.740527
17952	-10415.93	-10918.27	502.3385	0.331013	0.405638	0.212901	0.0504482	0.9844051	1.088472	6.174836	1.845379
17958	-10408.29	-10910.86	502.5706	0.33945	0.39014	0.178975	0.0914352	1.037203	1.069992	6.093056	1.699974
17964	-10414.93	-10917.31	502.3775	0.306159	0.422134	0.169564	0.102144	1.070858	1.14165	6.206855	1.55476
17970	-10399.67	-10901.95	502.2817	0.376089	0.398835	0.0996018	0.125475	1.331119	1.101839	6.20955	1.422011
17976	-10401.18	-10901.14	499.9566	0.350078	0.396561	0.159246	0.0941151	1.114062	1.058638	7.207356	2.354725
17982	-10408.62	-10909.53	500.9082	0.350078	0.396561	0.159246	0.0941151	0.9223819	1.01225	6.369893	3.758262
17988	-10411.91	-10912.32	500.4114	0.298532	0.449155	0.161274	0.0910396	1.173735	0.9789835	7.057881	2.136133
17994	-10409.44	-10911.68	502.2356	0.303086	0.456006	0.156396	0.0845118	0.9115441	1.064576	6.432134	1.512244
18000	-10421.51	-10923.93	502.4129	0.304463	0.465143	0.149571	0.0808233	0.9647014	1.122223	6.40728	1.240624
18006	-10404.38	-10906.11	501.7268	0.335789	0.397611	0.197511	0.0690888	0.897179	1.105178	6.364112	2.299504
18012	-10407.86	-10908.95	501.099	0.37508	0.380918	0.127104	0.116897	1.321356	1.105178	6.454247	2.37269
18018	-10391.87	-10892.8	500.9239	0.460494	0.342425	0.144952	0.0521287	1.134638	1.085192	6.629749	2.439749
18024	-10393.65	-10894.21	500.5615	0.478127	0.238177	0.148624	0.135072	1.474584	1.055139	6.673862	2.439749
18030	-10389.96	-10891.02	501.062	0.54697	0.168091	0.130417	0.154521	1.470453	1.158977	6.30615	2.55683
18036	-10396.61	-10897	500.3974	0.539383	0.122641	0.20001	0.137966	1.470453	1.054378	6.679362	2.680716
18042	-10410.95	-10910.03	499.0781	0.525625	0.146111	0.193818	0.134447	1.58008	1.037261	7.009686	3.776465
18048	-10404.82	-10905.64	500.8222	0.581634	0.16168	0.107913	0.148773	1.58008	1.140436	5.830889	4.43798
18054	-10402.65	-10902.57	499.923	0.57952	0.161092	0.10752	0.151867	1.470375	1.106509	6.374969	4.498292
18060	-10409.2	-10908.67	499.4729	0.601808	0.165457	0.090153	0.142582	1.990462	1.02587	6.7725	3.278768
18066	-10411.76	-10910.8	499.0464	0.65446	0.0195167	0.221907	0.104116	1.542893	1.095451	6.833368	4.450757
18072	-10411.39	-10908.98	497.5902	0.625994	0.0302582	0.212256	0.131492	1.602966	1.106008	7.751272	3.809984
18078	-10416.79	-10914.55	497.7612	0.602275	0.0291117	0.252095	0.116518	1.530566	0.9097933	7.639942	4.407732
18084	-10407.2	-10907.54	500.3427	0.596722	0.0199625	0.260229	0.123087	1.522929	1.079543	6.514576	3.154847
18090	-10403.99	-10904.53	500.5406	0.6172	0.0206475	0.234842	0.127311	1.442562	1.193685	6.126186	4.035209
18096	-10400.11	-10902.83	502.7188	0.551776	0.0488425	0.358798	0.0405831	1.391966	1.205196	5.612601	2.036791
18102	-10406.81	-10906.89	500.0814	0.572041	0.0693913	0.255919	0.102648	1.308424	1.171216	6.742159	3.049999
18108	-10413.02	-10912.4	499.3792	0.527446	0.0828339	0.300256	0.0894636	1.604724	1.118727	6.440118	5.167529
18114	-10395.63	-10896.08	500.4529	0.526379	0.0826662	0.299649	0.0913064	1.479039	1.084412	6.352511	3.550656
18120	-10386.39	-10886.13	499.744	0.584353	0.0989398	0.207427	0.109281	1.479039	1.05242	6.772376	3.486565
18126	-10407.96	-10907.01	499.0499	0.587854	0.0995326	0.20867	0.103944	1.648245	1.05242	6.696554	4.902352
18132	-10390.97	-10890.79	499.823	0.567711	0.11538	0.199205	0.117704	1.592985	1.032432	6.696554	3.457579
18138	-10389.91	-10890.38	500.4636	0.548005	0.24106	0.073723	0.137212	1.383586	1.102264	6.367085	3.603888
18144	-10399.5	-10900.58	501.0797	0.442531	0.311119	0.109666	0.136685	1.440955	1.157101	6.13041	3.093295
18150	-10397.14	-10898.92	501.7733	0.495701	0.30808	0.097359	0.0988593	1.145835	1.301439	5.820967	3.093295
18156	-10399.26	-10902.38	503.1254	0.415037	0.408811	0.0757394	0.100413	1.150473	1.354664	5.044451	3.093295
18162	-10397.45	-10899.22	501.766	0.33727	0.403325	0.160339	0.0990656	1.096028	1.200506	5.951773	2.953926
18168	-10401.58	-10902.78	501.1969	0.389269	0.428024	0.0683672	0.114339	1.236074	1.104262	6.202818	3.072925
18174	-10395.94	-10896.17	500.2225	0.512957	0.189422	0.146952	0.15067	1.365473	1.022781	6.428769	4.036136
18180	-10397.64	-10897.68	500.0393	0.534431	0.158374	0.181221	0.125974	1.560352	1.046391	6.952205	2.353936
18186	-10392.28	-10893.58	501.2989	0.444415	0.351607	0.085507	0.11847	1.234954	1.016817	6.556735	2.061963
18192	-10381.41	-10882.25	500.8382	0.391642	0.3641	0.121579	0.12268	1.164276	0.9992158	6.584692	2.788832
18198	-10381.32	-10882.56	501.2406	0.362868	0.351365	0.167378	0.118389	1.039695	1.052083	6.554705	2.362958
18204	-10407.17	-10908.61	501.4364	0.37008	0.352929	0.168123	0.108868	1.240248	1.052083	6.482968	2.006246
18210	-10422.66	-10925.09	502.429	0.368882	0.462715	0.0649405	0.103463	1.059417	1.108401	6.222677	1.512494
18216	-10398.72	-10900.73	502.0095	0.346424	0.467408	0.0816568	0.104512	1.059417	1.157669	6.405741	1.551168
18222	-10399.03	-10900.03	501.0039	0.380042	0.405174	0.094208	0.120576	0.9983031	1.086497	6.696168	2.336723
18228	-10404.85	-10906.54	501.6956	0.386606	0.412171	0.0785644	0.122659	1.122494	1.142066	6.291086	2.164322
18234	-10388.26	-10891.1	502.8387	0.400919	0.302799	0.198613	0.0976684	1.044864	1.159238	5.884195	1.722077
18240	-10398.42	-10899.25	500.8319	0.391891	0.297332	0.225898	0.0848791	1.088723	1.13283	6.982886	1.677895
18246	-10378.65	-10879.13	500.4875	0.415143	0.255639	0.239302	0.0899154	1.124634	1.129328	6.982886	2.081278
18252	-10391.9	-10892.73	500.8239	0.459124	0.221505	0.207349	0.112021	1.128701	1.00807	6.836841	2.15251
18258	-10401.41	-10902.12	500.7092	0.565705	0.164589	0.216063	0.0536432	1.5337	1.030826	6.249988	3.438832
18264	-10419.49	-10918.35	498.8595	0.474594	0.122151	0.323049	0.0802054	1.488205	0.9681755	7.181262	3.868052
18270	-10411.44	-10911	499.5599	0.51417	0.119051	0.31485	0.0519285	1.440522	1.015905	7.245264	2.454409
18276	-10402.65	-10903.61	500.9623	0.536544	0.124232	0.272139	0.0670851	1.360061	1.128462	6.466713	2.454409
18282	-10398.19	-10899.28	501.0929	0.511203	0.165593	0.259287	0.0639168	1.363039	1.102336	6.196021	3.076559
18288	-10390.43	-10890.65	500.2225	0.499419	0.108598	0.277991	0.113992	1.404745	1.086514	6.536019	3.467938
18294	-10382.04	-10883.03	500.9879	0.480604	0.147522	0.255498	0.116377	1.428218	1.155273	6.071729	3.467938
18300	-10378.75	-10879.37	500.6188	0.558054	0.174204	0.130317	0.137426	1.227897	1.084234	6.598591	2.86725
18306	-10387.78	-10889.17	501.3868	0.429652	0.250843	0.195686	0.12382	1.536126	1.081813	6.379418	1.936124
18312	-10377.48	-10878.51	501.0321	0.362332	0.368223	0.165025	0.104419	1.054307	1.161206	6.811156	1.832069
18318	-10373.48	-10875.48	502.0058	0.362595	0.333563	0.249501	0.0543409	1.054307	1.096426	6.358224	1.741748
18324	-10389.23	-10891.18	501.9427	0.361881	0.333415	0.250388	0.0543167	1.03997	1.096084	6.512878	1.492702
18330	-10382.58	-10883.52	500.9357	0.379376	0.315101	0.262493	0.0430306	1.005137	1.043963	6.685747	2.518759
18336	-10381.71	-10883.5	501.7836	0.352516	0.328738	0.273853	0.0448929	0.8524431	1.071359	6.637313	1.663508
18342	-10389.88	-10890.85	500.9689	0.379532	0.256063	0.322303	0.0421027	0.9235689	1.032597	7.005064	1.785536
18348	-10403.06	-10906.42	503.3554	0.415987	0.215243	0.326163	0.042607	0.9270822	1.151689	5.753574	1.539009
18354	-10390.54	-10890.57	500.0339	0.436937	0.22797	0.244472	0.0906216	1.093512	1.019515	7.262637	2.182227
18360	-10379.36	-10879.85	500.489	0.431535	0.204346	0.264427	0.0996921	1.173456	1.06355	7.067709	1.895428
18366	-10390.28	-10890.2	499.9265	0.464784	0.225323	0.208333	0.101561	1.188778	1.06355	7.067709	2.67626
18372	-10397.33	-10897.29	499.9553	0.455143	0.296482	0.17172	0.0766557	1.189618	1.062139	7.067709	2.632495
18378	-10394.37	-10894.47	500.0959	0.380751	0.273564	0.263059	0.0826257	1.033786	1.00015	7.419192	1.81549
18384	-10405.05	-10906.12	501.0787	0.457013	0.343471	0.137931	0.0615848	1.035131	1.056847	6.859578	1.81549
18390	-10395.13	-10896.96	501.8365	0.30067	0.489201	0.13763	0.0724997	0.8240628	1.062677	6.859578	1.181136
18396	-10411.18	-10912.78	501.6031	0.300128	0.488319	0.139184	0.072369	0.8855413	1.170785	6.859578	1.24658
18402	-10413.69	-10917.07	503.3832	0.307345	0.500061	0.128122	0.0644722	1.007132	1.170251	5.721315	1.459832
18408	-10409.92	-10911.58	501.6653	0.292519	0.524178	0.121942	0.0613621	0.8105991	1.042634	6.892631	1.336465
18414	-10394.79	-10895.43	500.6428	0.276647	0.466739	0.198582	0.0580326	0.8281435	0.9906964	7.398471	1.466233
18420	-10395.87	-10896.65	500.772	0.268327	0.482775	0.192611	0.0562875	0.8048973	0.998072	7.496928	1.142591
18426	-10400.29	-10901.98	501.6855	0.26085	0.469322	0.187243	0.0825838	0.8933777	0.9947637	7.061504	0.9490959
18432	-10398.84	-10901.19	502.3475	0.276267	0.493966	0.170711	0.0590562	0.9188563	1.048802	6.589327	1.082668
18438	-10399.16	-10901.24	502.0811	0.269934	0.555322	0.12983	0.0449139	0.7958869	1.013558	6.82113	1.082668
18444	-10399.66	-10901.53	501.8708	0.31966	0.377651	0.27573	0.0269591	0.7362259	1.1789	6.500239	1.889623
18450	-10386.51	-10888.11	501.5964	0.332716	0.318914	0.310053	0.0383174	0.9907893	1.159712	6.233468	2.629295
18456	-10390.67	-10891.7	501.0278	0.45861	0.240296	0.23362	0.067474	1.113707	1.191146	6.400491	2.800079
18462	-10406.22	-10907.6	501.3805	0.45861	0.240296	0.23362	0.067474	1.337037	1.079774	6.28797	2.425757
18468	-10403.26	-10904.63	501.373	0.486244	0.268163	0.175859	0.0697349	1.273347	1.103206	6.31095	2.425757
18474	-10397.72	-10896.31	498.591	0.513549	0.18887	0.185734	0.111848	1.426823	1.071211	7.033724	4.911058
18480	-10408.49	-10910.12	501.6341	0.520285	0.150817	0.205279	0.123618	1.420494	1.100223	6.301233	1.908411
18486	-10413.14	-10914.67	501.5341	0.466067	0.0916738	0.362008	0.0802504	1.201683	1.158186	6.495907	1.759102
18492	-10418.87	-10919.14	500.2736	0.583949	0.0801744	0.265693	0.0701839	1.790084	1.178254	6.774263	2.03976
18498	-10403.07	-10903.78	500.7043	0.432292	0.167567	0.320621	0.0795207	1.154015	1.088347	6.450899	3.296521
18504	-10411.38	-10912.02	500.6383	0.560924	0.189812	0.0826946	0.16657	1.514897	1.047387	6.539886	2.658074
18510	-10416.73	-10918.25	501.5232	0.481488	0.317822	0.0577097	0.142981	1.265643	1.102462	6.150295	2.658074
18516	-10401.4	-10903.72	502.3251	0.339118	0.42493	0.137813	0.098139	1.091217	1.164565	6.144293	1.704646
18522	-10406.91	-10909.16	502.2462	0.332114	0.416153	0.147417	0.104316	1.036941	1.217238	5.793735	2.712048
18528	-10393.58	-10894.5	500.925	0.416209	0.370152	0.0642239	0.149415	1.036941	1.101652	6.889449	1.88166
18534	-10402	-10903.39	501.3905	0.321614	0.513303	0.0496272	0.115456	1.002547	1.140865	6.635977	1.880273
18540	-10396.45	-10897.81	501.3553	0.446416	0.327221	0.0969128	0.12945	1.242201	1.120535	6.462182	2.072326
18546	-10397.4	-10898.63	501.226	0.419513	0.293895	0.148633	0.137959	1.123469	1.16067	6.571487	2.072326
18552	-10415.23	-10917.58	502.3506	0.482756	0.20407	0.228435	0.0847385	1.104952	1.176388	5.753587	2.623374
18558	-10415.73	-10917.27	501.5471	0.489061	0.237005	0.175624	0.0983094	1.156308	1.176388	5.926558	3.351308
18564	-10419.12	-10922.09	502.968	0.411687	0.357719	0.147838	0.0827559	1.124728	1.276589	5.495726	2.229453
18570	-10419.73	-10923.3	503.569	0.399719	0.34732	0.161459	0.0915015	1.061781	1.129803	5.615864	1.451674
18576	-10425.24	-10929.64	504.4003	0.285831	0.413215	0.192092	0.108862	0.9501974	1.282204	5.166555	1.387072
18582	-10429.9	-10933.51	503.6097	0.266348	0.42884	0.178999	0.125812	0.7913813	1.240855	5.597727	1.635584
18588	-10409.41	-10911.67	502.2584	0.362521	0.378805	0.14754	0.111133	0.881729	1.135735	6.302271	1.723316
18594	-10432.15	-10933.99	501.8352	0.399142	0.289595	0.162445	0.148819	1.544871	1.070567	6.228824	1.723316
18600	-10424.18	-10925.25	501.063	0.605963	0.0990116	0.177425	0.1176	1.605791	1.10333	6.46666	2.045682
18606	-10422.54	-10923.93	501.3926	0.478712	0.147288	0.263936	0.110064	1.126694	1.110122	6.169016	3.012864
18612	-10403.15	-10905.03	501.8799	0.493792	0.194913	0.175644	0.13565	1.51839	1.130375	5.886927	2.464853
18618	-10407.42	-10908.93	501.5071	0.472553	0.284245	0.18704	0.0561617	1.434488	1.02099	6.189501	2.464853
18624	-10421.02	-10924.95	503.9288	0.388841	0.290331	0.19933	0.121497	1.208683	1.214762	5.337539	1.361153
18630	-10412.43	-10915.53	503.0962	0.365718	0.3806	0.178122	0.0755604	0.9817113	1.128223	5.765247	1.789329
18636	-10394.41	-10897.4	502.9946	0.392196	0.388456	0.181799	0.0375494	0.9817113	1.086366	6.157754	1.131233
18642	-10398.88	-10901.92	503.0494	0.222422	0.490233	0.225704	0.0616405	1.098426	1.134393	6.038886	1.131233
18648	-10397.25	-10898.55	501.3057	0.274563	0.566136	0.0631605	0.0961407	1.121106	1.056835	6.914768	1.326816
18654	-10405.83	-10907.08	501.2474	0.354806	0.4512	0.0666205	0.127374	1.095729	1.014916	6.938916	1.416147
18660	-10399.58	-10901.94	502.3612	0.330281	0.420013	0.161374	0.0883316	1.104002	1.045826	6.315458	1.416147
18666	-10404.46	-10904.85	500.3949	0.330281	0.420013	0.161374	0.0883316	1.160086	1.045826	7.165226	1.822596
18672	-10404.28	-10906.86	502.5787	0.362241	0.460656	0.0802238	0.0968791	1.287292	1.148448	5.834411	1.887434
18678	-10401.58	-10905.2	503.618	0.390802	0.436699	0.0430561	0.129444	1.302377	1.178941	5.317149	1.708341
18684	-10377.62	-10881	503.382	0.467422	0.319718	0.0626887	0.150171	1.183733	1.185286	5.317149	2.152521
18690	-10378.2	-10880.22	502.0213	0.425633	0.319254	0.0923383	0.162775	1.207961	1.147868	6.087231	2.111713
18696	-10387.64	-10888.61	500.968	0.463459	0.265956	0.0933447	0.17724	1.207961	1.070565	6.700529	2.111713
18702	-10370.72	-10871.36	500.6389	0.507266	0.280278	0.0732916	0.139164	1.40102	1.141573	6.140632	3.963232
18708	-10398.41	-10899.35	500.9434	0.357258	0.422596	0.122135	0.0980107	1.138527	1.079578	6.140632	3.963232
18714	-10380.08	-10881.86	501.787	0.450781	0.353717	0.108884	0.0866172	1.102529	1.106175	6.451593	1.729018
18720	-10403.09	-10904.39	501.304	0.417	0.32721	0.156258	0.0995322	1.443491	1.071041	6.451593	1.98972
18726	-10395.38	-10897.45	502.0662	0.420599	0.330033	0.139518	0.109851	1.08777	1.063277	6.220709	1.98972
18732	-10396.3	-10897.58	501.2818	0.507129	0.224026	0.192905	0.0759406	1.090012	1.143536	6.220709	3.043025
18738	-10407.77	-10910.08	502.3063	0.507129	0.224026	0.192905	0.0759406	1.274138	1.343702	5.330198	3.440346
18744	-10402.42	-10905.94	503.5143	0.506662	0.22382	0.193648	0.0758706	1.418631	1.238149	5.231863	1.826408
18750	-10398.61	-10899.66	501.0504	0.51362	0.186209	0.273309	0.0268619	1.546546	1.110093	6.714615	1.539422
18756	-10392.05	-10895.48	503.4267	0.352187	0.267221	0.328996	0.0515963	0.9615117	1.141746	5.854948	1.223905
18762	-10410.76	-10913.53	502.7681	0.341392	0.292987	0.318911	0.046711	1.085622	1.141746	5.961573	1.608287
18768	-10416.97	-10919.69	502.7197	0.398367	0.309876	0.244645	0.0471114	1.205657	1.191763	5.961573	1.471422
18774	-10405.96	-10908.55	502.5897	0.398367	0.309876	0.244645	0.0471114	1.120066	1.184022	6.075773	1.482905
18780	-10392.55	-10895.53	502.975	0.398367	0.309876	0.244645	0.0471114	1.144644	1.195385	5.540215	2.193067
18786	-10403.65	-10906.69	503.0405	0.404323	0.306808	0.242224	0.046645	1.015582	1.208362	5.744206	1.76438
18792	-10414.68	-10917.37	502.6872	0.320644	0.411834	0.202052	0.0654699	0.8713667	1.10484	6.270799	1.338487
18798	-10411.52	-10913.62	502.0997	0.331524	0.425809	0.1888	0.053867	1.047396	1.252262	6.413095	1.338487
18804	-10402.65	-10905.21	502.5596	0.481786	0.271805	0.191712	0.0546977	1.021353	1.186862	5.84221	2.183933
18810	-10398.87	-10899.61	500.7343	0.412812	0.232893	0.307428	0.046867	1.186976	1.147264	6.808448	2.080302
18816	-10390.69	-10891.62	500.9303	0.410235	0.283732	0.263079	0.0429538	1.078761	1.055402	6.808448	2.080302
18822	-10398.46	-10900.25	501.7895	0.396101	0.313305	0.255036	0.0355589	1.260835	1.216505	5.837294	2.976338
18828	-10399.24	-10901.66	502.4149	0.400126	0.373705	0.190473	0.0356953	0.9477224	1.1146	6.138113	1.847909
18834	-10394.6	-10896.01	501.4154	0.361763	0.356452	0.229911	0.0518742	1.021235	1.105451	6.452667	2.331894
18840	-10398.74	-10900.68	501.9415	0.404051	0.31149	0.210349	0.07411	0.9431322	1.129687	6.485755	1.628073
18846	-10379.25	-10881.98	502.7306	0.336952	0.398218	0.203027	0.0618028	0.9067941	1.152456	6.097003	1.557667
18852	-10385.94	-10887.12	501.177	0.377673	0.367174	0.201886	0.0532668	1.001605	1.146059	6.571333	2.32936
18858	-10392.69	-10893.91	501.2193	0.40534	0.394072	0.106104	0.0944846	1.213774	1.173594	6.435505	2.293725
18864	-10400.88	-10899.99	499.1091	0.393088	0.412387	0.102896	0.0916287	1.217424	0.9729851	7.836903	1.88749
18870	-10398.09	-10899.45	501.3644	0.383588	0.428924	0.0921852	0.0953029	1.165306	1.01188	6.709256	1.704742
18876	-10416.24	-10918.12	501.8852	0.450392	0.3352	0.102507	0.1119	1.349057	1.145041	5.931767	2.535325
18882	-10412.37	-10913.54	501.1712	0.366332	0.442931	0.0667635	0.123974	1.293191	1.099051	6.445418	2.337684
18888	-10404.98	-10904.79	499.8098	0.530364	0.221391	0.0592928	0.188952	1.358391	1.12144	6.382431	4.905009
18894	-10410.83	-10912.51	501.6826	0.502849	0.209905	0.108097	0.179149	1.505347	1.212077	5.991304	2.369902
18900	-10395.95	-10895.73	499.7723	0.538322	0.241521	0.115723	0.104435	1.505347	1.135165	6.615899	3.779
18906	-10398.57	-10899.58	501.0162	0.461872	0.239895	0.194501	0.103732	1.222013	1.06542	6.52463	2.497629
18912	-10385.94	-10886.46	500.5153	0.462073	0.302988	0.153222	0.0817171	1.38088	1.120681	6.495473	3.062376
18918	-10395.69	-10896.7	501.0121	0.480114	0.205869	0.147925	0.166092	1.280927	1.143572	6.2627	3.062376
18924	-10402.63	-10904.4	501.7778	0.358198	0.423889	0.052695	0.165218	1.209076	1.130777	6.473858	1.538147
18930	-10405.86	-10907.16	501.2957	0.34959	0.444901	0.0591715	0.146338	1.240255	1.058361	6.783885	1.482417
18936	-10407.03	-10907.2	500.1717	0.360957	0.459367	0.0723714	0.107304	1.195475	0.9505557	7.365958	1.711263
18942	-10394.76	-10895.23	500.4655	0.402001	0.338864	0.195105	0.0640307	1.247644	1.067066	7.296223	1.327769
18948	-10397.17	-10899.81	502.6444	0.329844	0.410558	0.174032	0.0855654	0.8517238	1.058117	6.360461	1.277928
18954	-10395.75	-10897.52	501.7653	0.289412	0.433191	0.188365	0.0890315	1.053501	1.064153	6.73859	1.245827
18960	-10388.03	-10889.24	501.2081	0.298178	0.461723	0.148371	0.0917281	1.038122	1.101269	6.952742	1.397843
18966	-10396.37	-10898.4	502.023	0.348249	0.452796	0.109038	0.0899163	1.147868	1.175312	6.280717	1.687123
18972	-10399.13	-10900.83	501.7041	0.363444	0.479342	0.0861619	0.0710519	1.08591	1.156308	5.868413	3.418732
18978	-10387.76	-10889.93	502.168	0.426098	0.181552	0.317332	0.0750183	1.275196	1.114526	6.062727	1.936166
18984	-10386.22	-10888.52	502.3014	0.424986	0.21029	0.311358	0.0533657	0.9913709	1.087381	5.91731	2.548115
18990	-10390.53	-10892.89	502.3647	0.450799	0.223063	0.256044	0.0700935	1.186963	1.090168	6.081983	1.775711
18996	-10396.29	-10898.47	502.1826	0.516937	0.25579	0.146896	0.0803771	1.106404	1.241465	5.756707	2.773806
19002	-10392.24	-10891.66	499.4146	0.488117	0.230238	0.179996	0.101649	1.479742	1.026147	7.125413	2.963335
19008	-10406.17	-10905.91	499.7432	0.505893	0.192088	0.166475	0.135543	1.504552	1.049601	6.526504	4.344008
19014	-10377.04	-10878.26	501.218	0.517087	0.119809	0.230259	0.132846	1.34305	1.120052	6.384409	2.336815
19020	-10404.07	-10904.9	500.8354	0.440316	0.239832	0.21886	0.100992	1.377929	1.120052	6.574702	2.336815
19026	-10388.5	-10888.72	500.2281	0.4863	0.295677	0.110491	0.107533	1.244168	0.9972308	6.985219	2.471571
19032	-10386.1	-10886.05	499.9448	0.59069	0.161093	0.0727061	0.17551	1.578458	1.134289	6.75634	2.900943
19038	-10378.4	-10879.52	501.1258	0.385881	0.363019	0.118875	0.132225	1.170116	1.05617	6.75634	1.833066
19044	-10385.68	-10888.07	502.3867	0.415364	0.320709	0.105021	0.158906	1.170116	1.098903	6.049218	1.833066
19050	-10399.89	-10901.86	501.966	0.440292	0.364077	0.0730044	0.122627	1.07847	1.135056	6.049218	2.487405
19056	-10416.66	-10919.29	502.6371	0.418167	0.345782	0.119587	0.116465	0.9661322	1.157938	5.800039	2.302577
19062	-10426.87	-10928.02	501.1512	0.511372	0.176951	0.146242	0.165434	1.499141	1.162373	6.340423	2.290326
19068	-10434.71	-10934.97	500.2661	0.567007	0.148301	0.133581	0.151111	1.590403	1.040967	6.842935	2.290326
19074	-10408.45	-10910.23	501.7786	0.545618	0.155627	0.140179	0.158576	1.529718	1.102513	6.017346	2.290326
19080	-10406.29	-10909.12	502.8261	0.539026	0.157885	0.142213	0.160876	1.419193	1.148786	5.336769	2.653519
19086	-10417.58	-10919.85	502.2678	0.591378	0.124172	0.157925	0.126525	1.419193	1.092589	5.486604	3.217758
19092	-10416.17	-10917.61	501.4344	0.457739	0.302761	0.0978654	0.141635	1.296231	1.038283	6.197716	2.717009
19098	-10404.65	-10906	501.3466	0.450245	0.306945	0.0992178	0.143592	1.296231	1.130823	6.338331	2.319637
19104	-10394.31	-10895.06	500.7542	0.44461	0.315619	0.0979761	0.141795	1.424636	1.154878	6.338331	3.025047
19110	-10383.96	-10885.41	501.4444	0.478751	0.294229	0.0862794	0.14074	1.188874	1.111593	6.338331	2.350673
19116	-10380.6	-10882.13	501.5339	0.450596	0.276926	0.140015	0.132464	1.138496	1.133797	6.338331	2.259157
19122	-10373.18	-10874.58	501.3955	0.512635	0.15242	0.224996	0.109949	1.200797	1.138236	6.338331	2.366556
19128	-10401.56	-10901.76	500.2073	0.464239	0.148915	0.203754	0.183092	1.306839	1.09858	6.96316	2.328563
19134	-10385.39	-10887.41	502.0157	0.401639	0.357333	0.126951	0.114077	0.9772382	1.071228	6.339206	1.903023
19140	-10390.68	-10891.74	501.0592	0.402679	0.327634	0.142046	0.127641	1.16771	1.056907	6.722593	2.003275
19146	-10399.87	-10900.28	500.4064	0.432158	0.243018	0.197833	0.126991	1.164477	1.130945	7.12628	1.786783
19152	-10411.73	-10913.09	501.3572	0.464898	0.245555	0.168814	0.120734	1.111442	1.129341	6.376189	2.459241
19158	-10387.35	-10888.4	501.0493	0.466053	0.250798	0.172418	0.11073	1.143727	1.085292	6.550656	2.457544
19164	-10392.02	-10894.21	502.187	0.460936	0.313781	0.115768	0.109515	1.046243	1.157905	6.248633	1.70097
19170	-10400.5	-10902.76	502.2579	0.381286	0.418222	0.0569799	0.143512	1.199603	1.134997	6.258014	1.448346
19176	-10399.12	-10902.01	502.8883	0.381286	0.418222	0.0569799	0.143512	1.098453	1.070152	5.972006	1.513575
19182	-10393.99	-10894.78	500.7892	0.349214	0.383043	0.136302	0.13144	1.259644	1.034773	7.045376	1.513575
19188	-10393.76	-10894.23	500.4691	0.400424	0.314507	0.210929	0.07414	1.058617	1.055865	7.208541	1.739061
19194	-10394.6	-10896.86	502.2631	0.389278	0.314388	0.254228	0.0421061	0.886309	1.184455	6.263795	1.739061
19200	-10394.57	-10895.93	501.3528	0.460511	0.197724	0.291955	0.0498101	1.121396	1.184455	6.080347	3.241374
19206	-10413.78	-10913.51	499.7234	0.472669	0.202945	0.270759	0.0536274	1.09676	1.056123	7.199123	2.762089
19212	-10423.12	-10924.43	501.3084	0.448872	0.264102	0.212086	0.0749404	1.450915	1.068428	6.158992	2.762089
19218	-10413.35	-10915.49	502.1371	0.388128	0.363688	0.183385	0.064799	0.9985192	1.011356	6.324536	1.831311
19224	-10400.24	-10901.42	501.1815	0.368859	0.384431	0.185129	0.061582	1.158442	1.09404	6.646936	1.98921
19230	-10429.9	-10930.93	501.0305	0.355782	0.39399	0.165397	0.0848308	1.170893	1.132733	6.681831	2.037116
19236	-10417.66	-10920.23	502.5785	0.285716	0.495708	0.132825	0.0857519	1.018398	1.148501	6.156012	1.481817
19242	-10433.26	-10935.03	501.7683	0.442274	0.248725	0.27333	0.0356711	1.120369	1.035932	6.400864	1.939497
19248	-10418.39	-10919.72	501.3366	0.505457	0.188232	0.265407	0.0409039	1.274229	0.9909825	6.580327	1.939497
19254	-10409.29	-10909.47	500.1804	0.492952	0.183575	0.258841	0.0646315	1.294388	1.051566	6.653668	3.393919
19260	-10412.02	-10913.15	501.1302	0.507526	0.154757	0.266493	0.0712241	1.16712	1.073623	6.294242	3.063032
19266	-10413.71	-10914.4	500.6936	0.516295	0.157431	0.271098	0.0551752	1.273186	1.152686	6.418495	3.112529
19272	-10401.8	-10902.51	500.7118	0.46827	0.203622	0.272622	0.0554854	1.164015	1.087554	6.82103	2.191536
19278	-10422.3	-10923.19	500.8909	0.42401	0.202289	0.310505	0.0631956	1.164015	0.944992	6.82103	2.140723
19284	-10410.85	-10912.21	501.3556	0.42691	0.20127	0.308942	0.0628774	1.157388	1.080075	6.360901	2.511401
19290	-10413.26	-10913.72	500.4605	0.468748	0.122994	0.339218	0.0690394	1.342399	1.082326	6.684772	2.700287
19296	-10417.91	-10918.08	500.1655	0.540659	0.169172	0.210538	0.0796308	1.33557	1.130102	6.12007	5.228582
19302	-10406.59	-10907.52	500.9253	0.540659	0.169172	0.210538	0.0796308	1.33557	1.08681	6.409505	2.77211
19308	-10401.28	-10902.37	501.0963	0.597658	0.0739471	0.232734	0.09566	1.302695	1.219071	5.927995	3.852667
19314	-10407.38	-10908.58	501.1921	0.557439	0.113087	0.241242	0.0882316	1.807074	1.070528	6.180575	2.422265
19320	-10404.37	-10906.08	501.7129	0.563936	0.0376183	0.332897	0.0655488	1.316898	1.051208	6.133957	2.422265
19326	-10405.72	-10906.65	500.9297	0.516942	0.117737	0.305155	0.0601656	1.347665	1.045738	6.465947	2.648662
19332	-10405.63	-10905.68	500.0539	0.511828	0.126159	0.302137	0.0598761	1.174591	0.9978337	7.281257	2.030411
19338	-10412.2	-10913.99	501.7932	0.414803	0.279446	0.244862	0.0608886	1.030219	1.13954	6.185196	2.436928
19344	-10390.54	-10891.8	501.2621	0.404692	0.244695	0.238893	0.11172	1.071103	1.058968	6.596822	2.167971
19350	-10411.51	-10913.59	502.0807	0.464462	0.220127	0.214908	0.100503	1.174354	1.140043	6.108404	2.032213
19356	-10398.17	-10899.3	501.1235	0.483027	0.17656	0.231943	0.10847	1.391535	1.123141	6.265099	2.742194
19362	-10395.86	-10898.26	502.4015	0.515027	0.122009	0.247308	0.115655	1.036113	1.15214	5.918771	2.237405
19368	-10407.51	-10908.6	501.0885	0.490503	0.0921707	0.274178	0.143149	1.764429	1.071871	6.175536	2.642378
19374	-10399.03	-10899.24	500.2116	0.514324	0.140434	0.257789	0.0874537	1.411712	1.014215	6.69403	3.08903
19380	-10416.63	-10916.13	499.5011	0.477429	0.202799	0.238592	0.0811803	1.246279	0.9677612	7.182828	3.08903
19386	-10402.77	-10903.01	500.2344	0.472779	0.210622	0.187376	0.129223	1.432898	1.08213	6.595	3.21598
19392	-10410.57	-10911.89	501.317	0.541718	0.241334	0.0370221	0.179927	1.432898	1.17338	6.065993	2.879796
19398	-10405.43	-10906.32	500.8953	0.53153	0.226841	0.0349576	0.206671	1.561163	1.106222	6.504048	2.229617
19404	-10423.2	-10924.44	501.2396	0.479543	0.310006	0.0304469	0.180004	1.564337	1.044795	6.225628	2.56327
19410	-10413.33	-10914.39	501.0676	0.55276	0.217647	0.0221056	0.207487	1.645538	1.137253	6.045482	3.116517
19416	-10427.17	-10927.6	500.4292	0.605858	0.142495	0.024229	0.227418	1.796904	1.211899	5.871307	4.589846
19422	-10407.46	-10908.68	501.2222	0.424883	0.289054	0.220417	0.0656457	1.180658	1.119824	6.733251	1.674403
19428	-10413.53	-10914.93	501.3999	0.348961	0.306587	0.279912	0.0645408	0.8731851	1.118568	6.733251	1.834593
19434	-10406.45	-10909.06	502.6063	0.368178	0.303831	0.295327	0.0326634	1.036638	1.116703	6.025493	1.752164
19440	-10389.34	-10890.35	501.0061	0.431638	0.3562	0.096173	0.115988	1.181015	1.138376	6.597304	2.265882
19446	-10394.59	-10893.95	499.3671	0.418375	0.368671	0.11727	0.0956839	1.202062	0.940088	7.448268	2.616784
19452	-10398.21	-10898.91	500.7001	0.48313	0.29146	0.135421	0.0899886	1.207744	1.093263	6.584725	2.793275
19458	-10396.21	-10897.43	501.2257	0.444427	0.209686	0.235891	0.109995	1.151138	1.1571	6.373657	2.564908
19464	-10379.4	-10880.67	501.2704	0.475934	0.197417	0.222772	0.103877	1.278726	1.054393	6.59428	1.904098
19470	-10392.38	-10892.53	500.1414	0.49597	0.205728	0.215243	0.0830588	1.26751	1.02974	6.924859	2.692767
19476	-10396.62	-10897.22	500.6003	0.513741	0.177268	0.222956	0.086035	1.305084	1.126177	6.325268	3.580294
19482	-10394.47	-10894.76	500.2985	0.472952	0.241697	0.204882	0.0804693	1.144499	1.06565	6.996114	2.375873
19488	-10395.72	-10896.88	501.156	0.368887	0.24971	0.300762	0.0806412	1.144499	1.098222	6.519735	2.36434
19494	-10402.08	-10902.64	500.5589	0.365556	0.266066	0.298045	0.0703325	1.051116	1.034993	7.029249	2.092847
19500	-10381.5	-10882.03	500.5319	0.313942	0.448207	0.180792	0.0570578	0.8884752	1.004783	7.295695	1.735819
19506	-10386.57	-10887.76	501.1932	0.31183	0.451921	0.179576	0.0566738	0.7351778	0.9889901	6.988623	1.843754
19512	-10373.61	-10874.59	500.9778	0.265804	0.478306	0.207581	0.0483088	0.78091	0.9951645	7.504017	0.9491182
19518	-10375.89	-10877.2	501.3124	0.308147	0.441778	0.191729	0.0583462	0.78091	1.024054	6.958632	1.660917
19524	-10393	-10894.21	501.2082	0.316707	0.489248	0.117472	0.0765736	0.7703007	1.13943	6.958632	1.660917
19530	-10389.92	-10891.78	501.8613	0.374266	0.379556	0.142888	0.10329	1.053885	1.096307	6.472545	1.660917
19536	-10396.39	-10897.5	501.1137	0.338138	0.39942	0.169123	0.093319	0.9910774	1.091071	6.91307	1.660917
19542	-10380.04	-10882.38	502.3445	0.338138	0.39942	0.169123	0.093319	1.187961	1.160173	6.323411	1.20493
19548	-10390.02	-10891.84	501.8189	0.346665	0.409494	0.173388	0.0704529	1.288701	1.115138	6.487971	1.394144
19554	-10412.98	-10914.65	501.6708	0.405931	0.314262	0.20303	0.0767766	1.150958	1.115138	6.487971	1.720771
19560	-10417.24	-10917.79	500.5499	0.56472	0.0691029	0.276791	0.0893861	1.427515	1.122146	6.677773	2.408029
19566	-10417.02	-10916.81	499.7874	0.540245	0.0784859	0.303744	0.0775246	1.610036	1.14024	6.839693	2.852885
19572	-10399.19	-10899.67	500.485	0.537778	0.115586	0.261693	0.0849423	1.55039	1.028225	6.820512	2.107352
19578	-10382.38	-10881.95	499.5645	0.559163	0.103883	0.235196	0.101759	1.399916	1.044285	6.742364	4.088837
19584	-10395.46	-10895.48	500.0222	0.532558	0.0989403	0.271585	0.0969171	1.452401	1.071049	6.724137	3.159236
19590	-10406.33	-10907.18	500.8548	0.517434	0.203523	0.205653	0.0733891	1.406704	1.102202	6.601942	2.226158
19596	-10407.91	-10907.34	499.4305	0.51716	0.203416	0.205545	0.0738791	1.352202	1.07491	7.098501	3.128736
19602	-10398.01	-10897.99	499.9789	0.488017	0.191953	0.193962	0.126069	1.158704	1.122379	7.098501	2.462911
19608	-10405.81	-10907.36	501.5445	0.448351	0.271037	0.157799	0.122812	1.188769	1.146472	6.523894	1.711785
19614	-10397.5	-10898.89	501.3885	0.453923	0.274405	0.15976	0.111911	1.053218	1.146472	6.523894	2.083271
19620	-10399.3	-10900.08	500.7806	0.447622	0.281252	0.132366	0.13876	1.217974	1.071159	6.745544	2.24271
19626	-10411.41	-10912.9	501.4971	0.412429	0.337761	0.121959	0.12785	1.217974	1.177098	6.270097	2.321788
19632	-10412.71	-10914.17	501.4611	0.361738	0.447819	0.0929757	0.0974669	1.15222	1.164436	6.583952	1.698514
19638	-10415.4	-10918.7	503.2977	0.404684	0.381761	0.104516	0.109038	1.065275	1.151234	5.879448	1.193408
19644	-10401.6	-10902.94	501.3405	0.359633	0.31818	0.214114	0.108073	1.013634	1.212196	6.248613	2.87161
19650	-10397.41	-10899.82	502.4156	0.375338	0.332074	0.235968	0.05662	0.9613551	1.110371	6.295713	1.483225
19656	-10396.1	-10897.06	500.9535	0.379207	0.311949	0.228722	0.0801222	1.170487	1.044043	6.941728	1.635156
19662	-10411.93	-10912.21	500.2781	0.456623	0.237573	0.248049	0.0577551	1.170487	0.9948254	7.303338	1.698728
19668	-10389.23	-10890.56	501.3327	0.456623	0.237573	0.248049	0.0577551	1.056493	1.093675	6.70433	1.784856
19674	-10398.94	-10899.13	500.1925	0.408679	0.275853	0.272234	0.0432336	1.10022	0.9920742	7.130824	2.335125
19680	-10416.18	-10916.43	500.2428	0.473855	0.246145	0.191109	0.0888924	1.288515	1.13234	6.336066	4.262568
19686	-10412.76	-10913.34	500.574	0.551622	0.0554648	0.267224	0.125689	1.512131	1.081049	6.614264	2.498387
19692	-10398.2	-10897.11	498.9139	0.624145	0.0619209	0.220139	0.0937957	1.469819	1.057195	6.951911	4.480201
19698	-10388.67	-10887.45	498.7784	0.59084	0.0633584	0.286715	0.059087	1.521839	1.057195	6.998528	4.488838
19704	-10393.08	-10892.64	499.559	0.646889	0.025772	0.277657	0.0496823	1.521839	1.054534	6.953816	3.148575
19710	-10393.51	-10893.81	500.3007	0.576839	0.0892527	0.260548	0.0733606	1.331057	1.000704	6.670245	3.158584
19716	-10381.34	-10880.78	499.4375	0.561645	0.0924572	0.269903	0.0759946	1.331057	0.9728281	7.284027	2.747795
19722	-10395.05	-10894.67	499.621	0.547168	0.0632664	0.303977	0.0855886	1.320486	1.017263	7.284027	2.413839
19728	-10385.81	-10886.46	500.6489	0.544108	0.0713905	0.296473	0.0880286	1.425681	1.104133	6.506172	2.772388
19734	-10397.58	-10897.36	499.7829	0.543447	0.0713038	0.297327	0.0879218	1.358694	1.095683	6.799008	3.440773
19740	-10400.95	-10901.34	500.3902	0.507405	0.132897	0.277608	0.0820906	1.358694	1.058003	6.799008	2.498209
19746	-10416.88	-10915.37	498.4966	0.590087	0.193041	0.108871	0.108001	1.358694	1.044216	7.713697	2.815659
19752	-10408.95	-10909.83	500.8844	0.443096	0.385487	0.0875365	0.0838799	1.326143	1.03948	6.780248	1.921646
19758	-10392.91	-10893.4	500.4852	0.396908	0.39756	0.0813845	0.124148	1.326143	1.051169	6.780248	2.462231
19764	-10392.42	-10893.2	500.7855	0.407712	0.386387	0.0783736	0.127528	1.259382	1.04316	6.566523	2.714084
19770	-10404.21	-10904.86	500.6491	0.304324	0.549245	0.0325228	0.113908	0.9365727	1.060526	6.829072	2.631289
19776	-10386.97	-10889.72	502.751	0.330131	0.510986	0.0529092	0.105974	1.129832	1.155055	5.981881	1.51824
19782	-10388.59	-10891.39	502.797	0.337515	0.478748	0.0753927	0.108344	1.078856	1.160982	5.981881	1.515309
19788	-10378.47	-10881.23	502.7643	0.313606	0.444834	0.124906	0.116654	1.005244	1.172699	5.925974	1.751642
19794	-10398.64	-10902.51	503.8675	0.293291	0.480795	0.116815	0.109098	0.9154498	1.172699	5.680582	1.11215
19800	-10393.65	-10894.14	500.4897	0.450218	0.295774	0.179318	0.0746897	1.08037	1.000465	6.957642	2.386847
19806	-10406.05	-10907.06	501.0041	0.424143	0.320881	0.173946	0.0810297	1.077943	1.082188	6.664235	2.314135
19812	-10403.29	-10905.33	502.0381	0.468218	0.276935	0.136765	0.118082	1.276483	1.113062	5.918871	2.488518
19818	-10395.12	-10897.15	502.0316	0.468218	0.276935	0.136765	0.118082	1.194441	1.060022	6.244874	1.84773
19824	-10390.89	-10892.13	501.2354	0.474394	0.32649	0.0794765	0.119639	1.207797	1.080821	6.658311	1.84773
19830	-10393.03	-10893.82	500.7908	0.337289	0.431124	0.0503714	0.181215	1.197212	1.14114	6.78884	2.048148
19836	-10391.99	-10891.1	499.1117	0.44342	0.330561	0.092582	0.133437	1.122226	0.9983032	7.536432	2.787609
19842	-10397.48	-10898	500.5184	0.42964	0.33008	0.0789221	0.161358	1.394806	1.102099	6.587553	2.787609
19848	-10397.81	-10898.3	500.4851	0.420277	0.34394	0.0465485	0.189234	1.180699	1.107079	6.360041	3.937299
19854	-10416.53	-10916.67	500.144	0.502542	0.215524	0.0556599	0.226275	1.389458	1.133753	6.75514	2.847942
19860	-10406.19	-10906.34	500.155	0.48118	0.224779	0.05805	0.235991	1.389458	1.060545	6.410538	4.120649
19866	-10387	-10888.73	501.7294	0.305832	0.482061	0.0621128	0.149993	0.9989228	1.127091	6.410538	2.004563
19872	-10405.84	-10907.1	501.2627	0.490337	0.28044	0.0613454	0.167878	1.368025	1.140494	6.140451	2.892986
19878	-10395.46	-10896.13	500.6778	0.500395	0.286193	0.042091	0.171322	1.642514	1.171254	6.313141	2.892986
19884	-10394.95	-10895.04	500.0864	0.522128	0.273743	0.04026	0.163869	1.300008	1.142349	6.349971	4.495775
19890	-10390.35	-10890.6	500.2471	0.493021	0.278059	0.0319211	0.196999	1.300008	1.098985	6.349971	4.247853
19896	-10397.49	-10898.38	500.8841	0.521566	0.287765	0.0257169	0.164952	1.74213	1.131423	6.276066	2.608098
19902	-10396.76	-10898.18	501.4192	0.524757	0.289526	0.019756	0.165961	1.181188	1.054862	6.276066	2.657027
19908	-10423.7	-10924.1	500.4035	0.429073	0.448562	0.0161537	0.106211	1.443218	1.054135	6.593741	2.96463
19914	-10420.53	-10920.93	500.3957	0.318243	0.423493	0.0895459	0.168718	1.236548	1.134802	7.000048	2.011587
19920	-10414.04	-10914.36	500.3186	0.457848	0.297013	0.118938	0.126201	1.788903	1.037737	6.826563	2.039098
19926	-10411.92	-10913.47	501.5468	0.552694	0.190439	0.104522	0.152344	1.461498	1.149166	6.190015	2.187158
19932	-10404.54	-10905.26	500.7153	0.462574	0.27159	0.0874794	0.178357	1.38093	1.139668	6.481043	2.74713
19938	-10395.18	-10896.43	501.2481	0.506445	0.239923	0.0834632	0.170169	1.322106	1.112935	6.486199	2.068214
19944	-10403.36	-10903.49	500.1386	0.501994	0.305498	0.0557019	0.136807	1.467652	1.147856	6.328021	4.145753
19950	-10394.01	-10895.83	501.8175	0.364916	0.423809	0.0553446	0.15593	1.253748	1.103256	6.218909	2.062211
19956	-10398.99	-10902.22	503.2283	0.34932	0.464758	0.060692	0.12523	0.9413365	1.140013	5.828113	1.525026
19962	-10397.08	-10899.75	502.6702	0.333024	0.460385	0.0872042	0.119387	1.185444	1.213439	5.828113	1.82348
19968	-10406.76	-10909.74	502.9878	0.339915	0.47514	0.0630862	0.121858	1.28511	1.187148	5.918022	1.18752
19974	-10404.71	-10905.72	501.0088	0.354886	0.44135	0.119904	0.0838596	1.151613	1.135677	7.021668	1.316088
19980	-10411.17	-10913.81	502.6375	0.372594	0.428888	0.126503	0.0720146	1.151613	1.137646	6.139168	1.316088
19986	-10398.57	-10901.48	502.9166	0.333873	0.453745	0.133835	0.0785479	0.8113044	1.137646	6.139168	1.385508
19992	-10395.39	-10898.02	502.6281	0.333794	0.402548	0.222761	0.0408967	0.9788622	1.15503	6.05361	1.685402
19998	-10397.19	-10899.58	502.3935	0.258304	0.514749	0.193093	0.0338543	0.9504963	1.106942	6.352841	1.404845
20004	-10396.51	-10898.7	502.1891	0.384036	0.427953	0.160534	0.0274779	0.9238161	1.139459	6.352841	1.636959
20010	-10382.86	-10884.17	501.3059	0.392997	0.42912	0.0992433	0.0786394	1.211044	1.040232	6.786522	1.517607
20016	-10397.95	-10899.76	501.8093	0.453694	0.279818	0.144045	0.122443	1.30653	1.172728	6.26162	1.81538
20022	-10414.78	-10916.13	501.3502	0.295077	0.48429	0.0950392	0.125594	1.368679	1.107648	6.558035	1.716997
20028	-10406.6	-10907.46	500.8577	0.522524	0.188449	0.144597	0.14443	1.639659	1.061686	6.497118	2.270862
20034	-10416.5	-10915.55	499.0497	0.608078	0.0915264	0.132317	0.168078	1.499872	1.057415	6.944525	4.168974
20040	-10405.65	-10906.2	500.5466	0.600756	0.0904243	0.216153	0.0926665	1.374622	1.082355	6.307008	3.708797
20046	-10390.76	-10891.59	500.838	0.485071	0.250624	0.189483	0.0748221	1.293979	1.13286	6.307008	3.219002
20052	-10414.76	-10914.23	499.4705	0.506761	0.219045	0.205232	0.0689617	1.313544	1.050775	6.972295	3.581865
20058	-10419.16	-10919.24	500.0825	0.506761	0.219045	0.205232	0.0689617	1.200429	1.050775	6.936932	2.816794
20064	-10412.55	-10913.03	500.481	0.472924	0.204419	0.222354	0.100303	1.275283	1.154136	6.208908	4.234089
20070	-10383.96	-10885.93	501.9737	0.457875	0.294055	0.164873	0.0831967	1.159282	1.185738	6.208908	1.888515
20076	-10403.57	-10904.54	500.9718	0.508068	0.290814	0.135417	0.0657014	1.249911	1.152237	6.431946	2.654474
20082	-10381.37	-10883.01	501.6462	0.468245	0.26802	0.124803	0.138932	1.35441	1.101238	6.316323	1.93181
20088	-10383.37	-10884.4	501.0313	0.509655	0.232628	0.120547	0.137169	1.355435	1.07657	6.769448	1.681121
20094	-10403.35	-10904.28	500.9321	0.550882	0.213069	0.110412	0.125636	1.609521	1.138007	6.413922	2.310741
20100	-10407.17	-10908.11	500.9444	0.498083	0.187087	0.192124	0.122706	1.145541	1.094117	6.749278	2.069611
20106	-10408.33	-10908.3	499.97	0.498083	0.187087	0.192124	0.122706	1.467728	1.115377	6.749278	3.07024
20112	-10437.86	-10937.85	499.9865	0.55603	0.198375	0.10393	0.141665	1.265362	1.035554	6.759786	3.466842
20118	-10433.12	-10932.97	499.8582	0.513951	0.19764	0.147269	0.14114	1.359989	0.9706449	7.113225	2.550893
20124	-10419.95	-10920.14	500.1833	0.511989	0.228238	0.119172	0.140601	1.272549	1.100383	6.89802	2.588278
20130	-10395.37	-10895.5	500.1309	0.464642	0.293963	0.110741	0.130654	1.272549	1.100383	6.926299	2.588278
20136	-10386.95	-10887.43	500.4786	0.467542	0.295797	0.105191	0.131469	1.44461	1.044282	6.926299	1.953638
20142	-10391.33	-10891.89	500.5529	0.467542	0.295797	0.105191	0.131469	1.174035	1.082423	6.988903	1.978005
20148	-10403.4	-10906.12	502.7194	0.317927	0.378913	0.134749	0.168411	0.9581159	1.155387	5.889523	1.978005
20154	-10403.27	-10905.98	502.7163	0.340853	0.406237	0.144466	0.108444	0.8548314	1.128507	5.963695	1.978005
20160	-10399.15	-10899.42	500.2703	0.36313	0.416596	0.109065	0.111209	1.046775	1.014747	6.995233	2.640393
20166	-10397.12	-10899.65	502.5261	0.338635	0.433797	0.101708	0.12586	1.014877	1.056303	6.106937	1.768068
20172	-10396.04	-10897.59	501.5466	0.495023	0.162869	0.255383	0.0867242	1.222319	1.14624	6.106937	2.740852
20178	-10400	-10900.95	500.9549	0.45975	0.172102	0.257292	0.110856	1.592582	0.9789889	6.7415	1.705093
20184	-10398.24	-10897.21	498.9662	0.581598	0.144071	0.135489	0.138842	1.615508	1.072354	7.204601	3.1999
20190	-10404.01	-10903.21	499.1985	0.629684	0.13153	0.0608972	0.177889	1.907605	1.117556	7.088861	2.709955
20196	-10415.21	-10916.72	501.5095	0.655004	0.13199	0.0344947	0.178511	1.755395	1.242231	5.137371	5.172781
20202	-10412.69	-10913.38	500.6872	0.654714	0.151492	0.0153628	0.178432	1.717668	1.204097	5.917871	4.021257
20208	-10407.68	-10906.6	498.9227	0.6528	0.152332	0.0154479	0.179421	2.034329	1.05307	6.792628	4.138514
20214	-10424.15	-10924.44	500.2885	0.351372	0.478585	0.00325647	0.166787	1.081303	1.028106	7.225958	1.935002
20220	-10430.21	-10931.63	501.4145	0.327988	0.495278	0.0218285	0.154905	1.091103	1.158922	6.094665	3.183884
20226	-10411.07	-10913.25	502.1787	0.335581	0.488112	0.0236433	0.152664	1.018392	1.235549	5.626516	3.336891
20232	-10429.38	-10932.22	502.8387	0.39103	0.449695	0.018627	0.140648	0.9840855	1.199439	5.529208	2.65003
20238	-10411.02	-10913.52	502.4979	0.272638	0.599745	0.0295533	0.0980642	1.012244	1.161607	6.071726	1.755766
20244	-10405.58	-10908.35	502.765	0.379397	0.44533	0.0482943	0.12698	1.012244	1.229304	5.736911	2.119761
20250	-10400.22	-10902.04	501.8246	0.380072	0.444342	0.0483803	0.127206	0.9943956	1.141855	6.327813	2.067873
20256	-10409.62	-10911.67	502.0581	0.380531	0.380287	0.0991255	0.140057	1.050728	1.107189	6.394306	1.588413
20262	-10435.23	-10937.3	502.074	0.46915	0.373027	0.0339131	0.123909	1.510122	1.198289	5.216419	4.161018
20268	-10420.37	-10922.88	502.5084	0.451941	0.359344	0.0687531	0.119963	1.170503	1.198289	5.601832	2.676382
20274	-10419.43	-10920.41	500.9807	0.410993	0.402587	0.0679165	0.118503	1.170503	1.13211	6.530355	2.507922
20280	-10433.63	-10934	500.3688	0.370512	0.362934	0.0629548	0.203599	1.104326	1.06637	6.922797	2.530109
20286	-10414.88	-10915.71	500.832	0.502956	0.258037	0.0521708	0.186836	1.086661	1.017187	6.768049	2.366942
20292	-10407.36	-10908.18	500.8204	0.424793	0.246471	0.160476	0.168259	1.220464	1.086015	6.544606	2.712453
20298	-10412.36	-10913.75	501.3892	0.367861	0.412143	0.0679295	0.152067	1.104925	1.12004	6.544606	1.99844
20304	-10402.04	-10903.11	501.0716	0.402664	0.341619	0.117019	0.138698	1.064738	1.056709	6.752594	2.04592
20310	-10398.51	-10899	500.4849	0.490829	0.197463	0.142641	0.169066	1.440441	1.040408	6.551986	2.984405
20316	-10397.79	-10898.15	500.3609	0.47518	0.191167	0.169977	0.163676	1.355661	1.093636	6.715242	2.731646
20322	-10398.17	-10899.15	500.9801	0.431956	0.345983	0.101766	0.120295	1.201803	1.066948	6.548211	2.512628
20328	-10401.55	-10902.92	501.3744	0.495355	0.261656	0.125921	0.117068	1.201803	1.101674	6.315604	2.512628
20334	-10415.96	-10917.23	501.2676	0.41504	0.380173	0.0951968	0.10959	1.340325	1.016122	6.546256	2.000885
20340	-10416.4	-10916.54	500.1473	0.524312	0.125077	0.294989	0.0556223	1.285778	1.063222	6.829754	2.885083
20346	-10412.39	-10913.46	501.0744	0.417051	0.35721	0.199017	0.0267225	1.114947	1.061436	6.784625	1.892954
20352	-10404.92	-10906.04	501.1209	0.359169	0.406087	0.13906	0.0956843	1.107246	1.060709	7.04722	1.270486
20358	-10389.81	-10890.89	501.0876	0.411209	0.293541	0.185703	0.109548	1.007997	1.11612	6.573659	2.489173
20364	-10385.95	-10887.6	501.6522	0.409466	0.35328	0.105412	0.131842	1.302921	1.053923	6.360845	1.939768
20370	-10394.92	-10896.37	501.4529	0.340894	0.397801	0.192976	0.0683289	0.8894446	1.039227	6.6945	1.939768
20376	-10389.72	-10892.78	503.0608	0.442483	0.291198	0.196228	0.0700903	0.9637443	1.110338	5.793042	1.815321
20382	-10403.33	-10905.33	502.0043	0.406454	0.291699	0.24464	0.0572066	1.135747	1.101347	6.249068	1.891668
20388	-10407.1	-10909.52	502.4209	0.405656	0.239648	0.284725	0.0699709	1.155102	1.128346	6.249068	1.338686
20394	-10412.06	-10913.28	501.2173	0.544414	0.221188	0.127638	0.10676	1.551334	1.11933	6.334844	2.208809
20400	-10405.53	-10906.92	501.388	0.45124	0.141106	0.344294	0.0633605	1.276196	1.1043	6.382527	2.208809
20406	-10392	-10892.07	500.0645	0.452549	0.188232	0.265722	0.0934965	1.150093	1.062219	7.183716	2.208809
20412	-10412.16	-10912.64	500.4765	0.431972	0.337534	0.131664	0.0988303	1.130587	1.008987	7.239578	1.631016
20418	-10388.19	-10889.57	501.3792	0.322394	0.404539	0.157801	0.115266	0.8637058	1.008987	6.887789	1.652776
20424	-10401.94	-10903.61	501.6729	0.346189	0.421558	0.149855	0.0823979	0.9259535	1.068557	6.723741	1.518277
20430	-10388.52	-10889.72	501.1974	0.376849	0.3177	0.181015	0.124436	1.04763	1.102594	6.737751	1.878032
20436	-10386.87	-10888.44	501.5618	0.38943	0.428022	0.0539582	0.12859	1.04763	1.102594	6.258572	2.612342
20442	-10412	-10913.41	501.4084	0.365477	0.443357	0.0506394	0.140526	1.04763	1.114352	6.456118	2.282421
20448	-10406.88	-10908.18	501.2974	0.410574	0.38725	0.0249363	0.17724	1.384118	1.029003	6.52843	1.93602
20454	-10401.56	-10903.9	502.3329	0.407961	0.408955	0.0117126	0.171372	1.174565	1.103845	6.030101	1.93602
20460	-10404.9	-10906.4	501.4995	0.419636	0.420659	0.0183186	0.141387	1.41487	1.156485	6.030101	2.74495
20466	-10391.02	-10892.34	501.3215	0.467434	0.325068	0.0500074	0.157491	1.453104	1.132157	6.364408	2.088873
20472	-10416.87	-10915.95	499.0803	0.508301	0.259378	0.0762628	0.156058	1.615807	0.9064818	7.432797	2.589578
20478	-10398.69	-10899.02	500.3284	0.497583	0.220697	0.128495	0.153224	1.353188	1.123651	6.49372	3.433736
20484	-10411.04	-10911.2	500.164	0.504534	0.25171	0.121327	0.122428	1.353188	1.142234	6.448666	3.864508
20490	-10401.79	-10902.91	501.1206	0.468045	0.309271	0.112553	0.110132	1.248531	1.112379	6.453044	2.43202
20496	-10407.12	-10908.19	501.0677	0.422918	0.360137	0.105524	0.111422	1.296706	1.120839	6.453044	2.43202
20502	-10398.87	-10898.44	499.5705	0.437806	0.287136	0.159713	0.115344	1.189445	1.016882	7.20097	2.923562
20508	-10399.76	-10900.29	500.5319	0.416054	0.352971	0.121362	0.109613	1.112082	1.153449	6.394054	3.761756
20514	-10411.7	-10912.62	500.9234	0.385021	0.360672	0.161602	0.092705	1.241903	1.135795	6.094002	3.867946
20520	-10407.72	-10910.2	502.4735	0.52944	0.22238	0.149912	0.0982684	1.241903	1.170203	5.65893	2.510275
20526	-10410.87	-10912.68	501.8155	0.40177	0.432453	0.046595	0.119182	1.241903	1.075194	6.387108	1.715121
20532	-10418.69	-10919.58	500.8868	0.406844	0.437914	0.0345548	0.120687	1.161441	1.076277	6.85359	1.893357
20538	-10406.9	-10907.38	500.4746	0.48864	0.26815	0.0982577	0.144952	1.374571	1.079039	6.860186	2.161638
20544	-10404.82	-10905.56	500.742	0.565109	0.190699	0.10606	0.138133	1.156582	1.077149	6.537838	2.971706
20550	-10400.76	-10900.79	500.0281	0.581434	0.193227	0.0832161	0.142123	1.447105	1.08737	6.653186	3.358851
20556	-10389.79	-10891.08	501.2844	0.546706	0.190228	0.129432	0.133634	1.471478	1.103446	6.503422	1.817144
20562	-10390.64	-10890.83	500.1906	0.430061	0.30924	0.101816	0.158883	1.093727	1.035253	7.044006	2.521921
20568	-10399.53	-10900.97	501.4454	0.414865	0.359409	0.089662	0.136064	1.048564	1.084208	6.646413	1.79962
20574	-10390.84	-10891.94	501.1059	0.383975	0.411824	0.0482941	0.155907	1.362592	1.155744	6.703232	1.635491
20580	-10374.49	-10876.68	502.1949	0.423068	0.350236	0.0941054	0.132591	1.157658	1.155773	6.019557	2.098552
20586	-10377.57	-10878.5	500.9258	0.407404	0.346228	0.124776	0.121592	1.157658	1.176359	6.69713	2.098552
20592	-10363.68	-10864.93	501.2434	0.38182	0.370742	0.133482	0.113956	1.157658	1.128065	6.464104	2.324978
20598	-10383.66	-10884.86	501.1994	0.386889	0.347511	0.124581	0.14102	1.123035	1.128065	6.484598	2.382359
20604	-10385.84	-10886.6	500.7619	0.490753	0.199456	0.161839	0.147952	1.123035	1.100847	6.735979	2.382359
20610	-10390.47	-10891.02	500.5482	0.536467	0.153317	0.148482	0.161734	1.647639	1.047613	6.519363	2.682932
20616	-10385.17	-10883.75	498.5754	0.55529	0.134465	0.20251	0.107735	1.295656	1.051942	7.440639	3.654167
20622	-10404.35	-10905.7	501.3522	0.550485	0.133302	0.200758	0.115456	1.455789	1.147483	6.115163	2.688552
20628	-10406.67	-10908.09	501.4284	0.618082	0.0479182	0.22541	0.108591	1.455789	1.172322	5.813038	3.453579
20634	-10397.61	-10899.12	501.5035	0.540026	0.129035	0.257303	0.0736355	1.210472	1.216135	5.813038	3.645055
20640	-10401.54	-10903.04	501.4996	0.563672	0.0900832	0.268569	0.0776759	1.431934	1.106552	6.10198	2.593374
20646	-10397.81	-10897.48	499.6794	0.504995	0.196408	0.240612	0.0579841	1.20786	1.109274	7.144081	2.74132
20652	-10394.15	-10895.41	501.2645	0.495948	0.192889	0.236302	0.0748609	1.088494	1.117915	5.975889	3.946094
20658	-10407.85	-10909.3	501.4566	0.507911	0.197542	0.226099	0.0684486	1.118987	1.169681	6.131813	2.93352
20664	-10424.67	-10926.09	501.4224	0.463895	0.257835	0.206505	0.0717648	1.302937	1.113587	6.086761	2.93352
20670	-10403.06	-10903.21	500.1515	0.47691	0.187493	0.233609	0.101987	1.261045	1.098866	6.87905	2.711278
20676	-10400.99	-10900.94	499.9439	0.524494	0.100504	0.26104	0.113962	1.397138	1.091513	6.831209	3.003542
20682	-10406.75	-10907.97	501.2284	0.570157	0.0966216	0.178279	0.154942	1.311258	1.174349	6.201784	2.794366
20688	-10425.92	-10927.29	501.3721	0.589575	0.115518	0.134688	0.160218	1.548958	1.1151	6.095986	2.637685
20694	-10418.16	-10918.26	500.0916	0.5793	0.0415439	0.257959	0.121197	1.434093	1.040116	6.55822	3.672868
20700	-10411.4	-10912.81	501.4053	0.628803	0.0632232	0.17642	0.131553	1.384365	1.256391	5.749444	3.672868
20706	-10400.92	-10901.49	500.5619	0.634309	0.0162078	0.216779	0.132705	1.740549	1.136712	5.994887	4.087999
20712	-10403.94	-10904.41	500.4757	0.635136	0.0180272	0.217062	0.129775	1.380646	1.102525	6.516668	3.094244
20718	-10391.29	-10890.47	499.1779	0.642451	0.0182348	0.208044	0.131269	1.519741	1.08662	7.039115	3.490072
20724	-10375.78	-10876.32	500.541	0.635898	0.0180488	0.205922	0.140131	1.576836	1.098221	6.262026	3.515792
20730	-10386.04	-10885.07	499.0341	0.624185	0.00787359	0.202129	0.165812	1.990458	1.019007	7.213405	2.660214
20736	-10400.69	-10901.31	500.6117	0.600609	0.00836753	0.214809	0.176214	1.754026	1.084545	5.883029	4.497998
20742	-10408.23	-10906.71	498.4855	0.614137	0.00884729	0.189856	0.18716	1.468404	1.09636	6.802751	6.070147
20748	-10393.23	-10892.44	499.2116	0.554578	0.0217154	0.295201	0.128506	1.57382	1.113914	7.162971	2.905323
20754	-10394.36	-10894.73	500.3694	0.582303	0.040774	0.28174	0.095183	1.869442	1.026821	6.523756	2.704413
20760	-10389.49	-10890.63	501.133	0.558508	0.0391078	0.311091	0.0912935	1.554762	1.183355	5.969704	3.296348
20766	-10389.58	-10889.85	500.272	0.558508	0.0391078	0.311091	0.0912935	1.460912	1.174856	6.4502	3.415628
20772	-10393.49	-10895.3	501.8071	0.436688	0.254611	0.238662	0.0700384	1.38876	1.210845	5.880915	2.642228
20778	-10386.28	-10888.97	502.6876	0.47587	0.187731	0.260076	0.0763226	1.137727	1.153544	5.880915	1.812602
20784	-10381.52	-10882.67	501.1483	0.470958	0.194141	0.257391	0.077509	1.137727	1.162052	6.604779	2.073753
20790	-10393.81	-10895.69	501.8785	0.482104	0.200649	0.266019	0.0512282	1.086196	1.095082	6.006281	2.795224
20796	-10394.62	-10894.61	499.9962	0.464437	0.193296	0.25627	0.085997	1.044773	1.06974	6.975329	3.058272
20802	-10406.91	-10905.55	498.6365	0.4391	0.196433	0.26043	0.104037	1.361547	1.120974	7.377254	3.520535
20808	-10411.93	-10911.11	499.1729	0.498065	0.32147	0.0797215	0.100744	1.185483	1.06592	7.277125	3.282165
20814	-10397.56	-10897.3	499.7393	0.411145	0.345026	0.0855632	0.158266	1.271717	1.083933	7.222305	2.376751
20820	-10400.05	-10899.03	498.9778	0.421345	0.353585	0.114065	0.111005	1.166056	1.098607	7.134955	4.127502
20826	-10393.35	-10892.8	499.4496	0.418205	0.35095	0.13358	0.097265	1.333995	1.122811	7.134955	2.929939
20832	-10404.05	-10904.17	500.118	0.335276	0.455383	0.069541	0.139801	1.231125	1.085527	7.134955	2.121628
20838	-10395.32	-10896.46	501.1376	0.319669	0.422314	0.0815676	0.176449	1.131647	1.067861	6.732316	1.907448
20844	-10389.33	-10890.33	501.0015	0.367967	0.48612	0.0488827	0.09703	1.208877	1.094078	6.751956	1.907448
20850	-10387.32	-10888.57	501.2516	0.322467	0.426011	0.0883448	0.163177	1.039103	1.114635	6.751956	1.771192
20856	-10392.36	-10893.84	501.4794	0.351321	0.377463	0.120153	0.151062	1.181141	1.137696	6.373008	2.183163
20862	-10401.95	-10902.2	500.2497	0.325963	0.444431	0.07444	0.155166	1.152648	1.086762	6.995006	2.408024
20868	-10398.89	-10900.24	501.3427	0.443399	0.212766	0.308416	0.0354186	1.284666	1.022347	6.339212	2.498165
20874	-10400.16	-10901.53	501.3662	0.462738	0.182957	0.263101	0.091203	1.200564	1.010187	6.375565	2.498165
20880	-10410.5	-10911.8	501.3	0.556815	0.194198	0.135498	0.113488	1.195448	1.068224	6.356091	2.572311
20886	-10393.08	-10893.78	500.6956	0.51271	0.196264	0.186528	0.104499	1.244723	1.061683	6.551815	2.894073
20892	-10385.72	-10885.33	499.6135	0.488077	0.20986	0.199449	0.102613	1.286097	1.166518	6.487311	4.958746
20898	-10394.4	-10895.45	501.0485	0.400661	0.299767	0.164445	0.135126	1.286097	1.057006	6.487311	2.475983
20904	-10395.84	-10896.97	501.1324	0.527386	0.20946	0.124843	0.138311	1.445513	1.077683	6.185543	2.961244
20910	-10385.95	-10886.5	500.5487	0.447007	0.240565	0.185842	0.126586	1.187922	1.083326	6.649011	2.892299
20916	-10404.26	-10904.08	499.819	0.477936	0.233623	0.165507	0.122933	1.378921	1.114091	6.707067	3.620848
20922	-10392.5	-10896.4	503.8956	0.375997	0.327911	0.19877	0.0973215	1.003309	1.189186	5.339221	1.657422
20928	-10392.83	-10895.64	502.8151	0.404656	0.336228	0.174632	0.0844836	1.109023	1.167247	5.941648	1.538655
20934	-10406.22	-10907.86	501.6407	0.479081	0.214146	0.206751	0.100022	1.100947	1.112298	6.445496	1.923423
20940	-10409.45	-10908.57	499.1253	0.426143	0.199569	0.231864	0.142424	1.100947	1.036152	7.329894	3.389386
20946	-10400.06	-10899.6	499.5429	0.383474	0.387156	0.101207	0.128163	1.110793	1.052083	7.383482	2.495518
20952	-10390.23	-10890.82	500.5874	0.379114	0.382755	0.100056	0.138074	1.153577	1.102053	6.918894	2.106262
20958	-10380.75	-10881.88	501.1352	0.387398	0.437587	0.0637327	0.111283	1.128703	1.10667	6.670966	2.012737
20964	-10381.25	-10881.21	499.9546	0.37644	0.391502	0.14478	0.0872778	1.00986	1.107964	7.380559	1.983116
20970	-10387.9	-10888.79	500.8926	0.383995	0.413862	0.106139	0.0960044	1.114511	1.04815	6.854297	1.97993
20976	-10402.65	-10903.72	501.0693	0.370738	0.425463	0.109114	0.0946859	0.9263196	1.04815	6.786314	2.164828
20982	-10391.52	-10894.08	502.5627	0.33915	0.446465	0.127767	0.0866184	0.8797817	1.1004	6.042224	1.99381
20988	-10381.7	-10883.69	501.981	0.374978	0.326902	0.191934	0.106186	0.9806042	1.163547	6.268559	1.99381
20994	-10388.17	-10888.46	500.2887	0.383317	0.334172	0.173964	0.108548	1.066535	1.054426	7.029515	2.42666
21000	-10392.98	-10894.46	501.4855	0.393414	0.413575	0.0934783	0.099533	1.210851	1.0738	6.519405	1.86157
21006	-10398.03	-10900.74	502.7078	0.363903	0.366075	0.177955	0.0920669	1.067294	1.109148	6.071447	1.501517
21012	-10405.5	-10907.5	501.9937	0.380982	0.349723	0.172907	0.0963879	1.18661	1.055831	6.42599	1.501517
21018	-10406.07	-10906.97	500.8988	0.34654	0.346421	0.171274	0.135765	1.032233	1.032169	7.046793	1.642162
21024	-10390	-10890.07	500.0722	0.349915	0.468375	0.0855012	0.0962089	0.9990956	1.086497	7.351007	1.943164
21030	-10410.53	-10911.05	500.5159	0.270555	0.491982	0.136405	0.101058	0.9182561	0.9932322	7.238444	1.866605
21036	-10430.73	-10931.94	501.2158	0.413685	0.320547	0.152664	0.113104	0.9182561	1.052303	6.769369	2.013672
21042	-10412.57	-10911.41	498.841	0.525854	0.156363	0.202951	0.114832	1.40484	0.9658636	7.548418	2.81833
21048	-10411.97	-10912.25	500.273	0.54161	0.120735	0.20596	0.131695	1.380559	1.043781	6.836748	2.561407
21054	-10407.7	-10907.3	499.5964	0.544419	0.145701	0.207028	0.102852	1.271133	1.079501	6.952871	3.435535
21060	-10405.35	-10906.51	501.1667	0.436898	0.240376	0.178626	0.1441	1.058037	1.116588	6.303533	3.078369
21066	-10411.57	-10913.97	502.3991	0.390305	0.282085	0.175299	0.152312	1.231946	1.118975	6.060639	1.693439
21072	-10406.37	-10907.38	501.0131	0.390305	0.282085	0.175299	0.152312	1.22375	1.143121	6.494167	2.467697
21078	-10408.64	-10909.56	500.919	0.381284	0.380152	0.0897726	0.148791	1.186912	1.02831	6.802206	2.007431
21084	-10410.94	-10911.17	500.229	0.391196	0.231096	0.287257	0.0904511	1.391623	1.027803	7.069039	2.017141
21090	-10434.6	-10935	500.4073	0.4506	0.266189	0.192048	0.0911639	1.296344	1.059549	6.815763	2.508589
21096	-10413.43	-10914.96	501.5237	0.478369	0.24875	0.185043	0.0878387	1.09974	1.104506	6.048941	3.21982
21102	-10408.94	-10909.25	500.3145	0.47743	0.283917	0.121266	0.117387	1.250855	1.079176	6.641144	3.219559
21108	-10397.57	-10899.22	501.6492	0.458267	0.371505	0.0815496	0.0886788	1.250855	1.084412	5.941974	3.12841
21114	-10401.34	-10903.26	501.9107	0.463368	0.310825	0.136141	0.0896659	1.296056	1.146203	5.9333	2.563814
21120	-10399.66	-10901.69	502.0287	0.458702	0.317765	0.13477	0.088763	1.296056	1.13718	5.921568	2.432369
21126	-10409.56	-10910.94	501.3772	0.44306	0.217224	0.246668	0.0930469	1.264247	1.163803	6.328712	2.296086
21132	-10413.15	-10914.6	501.4544	0.438346	0.236673	0.232924	0.0920569	1.26888	1.105448	6.242485	2.495015
21138	-10399.26	-10900.07	500.8115	0.476698	0.125938	0.321062	0.0763022	1.288481	1.138671	6.474032	2.749622
21144	-10401.65	-10903.02	501.3673	0.486892	0.134643	0.210754	0.167711	1.380753	1.205116	6.036496	2.909672
21150	-10395.16	-10896.41	501.2527	0.559648	0.196208	0.0972294	0.146915	1.502408	1.173116	6.000622	3.085998
21156	-10408.04	-10910.03	501.9943	0.50345	0.176505	0.184893	0.135151	1.170156	1.075908	6.118415	2.219321
21162	-10411.08	-10912.53	501.444	0.560566	0.19653	0.118705	0.124199	1.384932	1.158863	5.953639	3.106669
21168	-10426.31	-10928.34	502.0255	0.534744	0.227959	0.137689	0.0996087	1.32542	1.158863	5.978346	2.217031
21174	-10410.87	-10914.22	503.353	0.543947	0.124422	0.249272	0.0823593	1.32542	1.223835	5.372373	1.832321
21180	-10412.21	-10915.95	503.7441	0.549258	0.144538	0.21723	0.0889747	1.115403	1.267058	5.200938	1.92658
21186	-10390.99	-10890.48	499.4939	0.549386	0.124001	0.217281	0.109332	1.457608	1.138753	6.493544	4.917864
21192	-10406	-10907.94	501.9473	0.545499	0.123124	0.222818	0.108559	1.468847	1.08529	5.876341	2.524651
21198	-10408.51	-10909.51	500.9993	0.385754	0.292477	0.191612	0.130156	1.222866	1.08529	6.650284	2.157101
21204	-10407.13	-10907.96	500.8313	0.43872	0.267258	0.175089	0.118933	1.281726	1.122129	6.642236	2.285634
21210	-10428.82	-10930.54	501.7269	0.401695	0.353841	0.135567	0.108896	1.281726	1.109161	6.61013	1.260578
21216	-10412.66	-10915.05	502.3853	0.401695	0.353841	0.135567	0.108896	0.9921063	1.145611	6.384525	1.260578
21222	-10431.43	-10934.23	502.7968	0.30962	0.491992	0.114453	0.0839353	0.8466437	1.197124	6.20514	1.27773
21228	-10412.97	-10914.8	501.8284	0.289276	0.459666	0.154958	0.0961002	0.9339097	1.06378	6.678884	1.431024
21234	-10401.07	-10901.53	500.4671	0.271221	0.474072	0.139488	0.115219	0.9376773	1.05495	6.977874	2.494813
21240	-10390.43	-10891.94	501.5117	0.31327	0.429214	0.130247	0.12727	1.105822	1.126495	6.372059	2.257614
21246	-10401.82	-10902.86	501.0404	0.479684	0.285537	0.118746	0.116033	1.551888	1.068288	6.404206	2.351149
21252	-10405.49	-10905.41	499.9166	0.499096	0.257402	0.072355	0.171147	1.616995	1.120768	6.427995	4.019526
21258	-10401.23	-10902.72	501.4834	0.428012	0.287022	0.138195	0.146771	1.151717	1.118547	6.427995	2.102823
21264	-10393.73	-10893.95	500.2147	0.546715	0.204164	0.11696	0.132161	1.308453	1.118547	6.668269	3.145614
21270	-10392.97	-10892.58	499.6167	0.580545	0.210217	0.0865111	0.122727	1.633569	1.087929	6.73122	3.554576
21276	-10384.1	-10884.06	499.9567	0.589474	0.214306	0.0346021	0.161618	1.633569	1.068492	6.787481	2.819957
21282	-10408.65	-10907.12	498.4755	0.635629	0.154937	0.108561	0.100873	1.443818	1.141349	7.255032	4.091017
21288	-10401.94	-10902.26	500.3195	0.585505	0.216845	0.098694	0.0989561	1.38633	1.215278	6.207131	4.240106
21294	-10400.21	-10900.38	500.1724	0.514107	0.213155	0.136188	0.13655	1.526696	1.170801	6.07286	4.927177
21300	-10404.46	-10906.55	502.0861	0.512853	0.204155	0.170212	0.112779	1.374666	1.146373	6.006875	2.018389
21306	-10403.75	-10904.27	500.5135	0.532844	0.212113	0.137868	0.117175	1.525217	1.173843	6.038467	4.314733
21312	-10404.61	-10902.44	497.8256	0.544095	0.204504	0.130191	0.12121	1.356415	1.127517	7.013147	7.004073
21318	-10397.39	-10899.51	502.1239	0.404034	0.281915	0.196771	0.11728	1.02429	1.142373	6.223687	1.885237
21324	-10389.45	-10890.54	501.0927	0.404034	0.281915	0.196771	0.11728	1.221421	1.064898	6.721331	1.885237
21330	-10400.83	-10901.98	501.1422	0.340564	0.479967	0.0806132	0.098856	1.005963	1.132515	6.842681	1.716854
21336	-10400.87	-10902.02	501.148	0.402469	0.334493	0.158202	0.104836	1.151096	1.123317	6.808976	1.62423
21342	-10387.04	-10888.63	501.583	0.373064	0.341884	0.20501	0.0800411	1.011895	1.138136	6.639501	1.62423
21348	-10379.98	-10882.57	502.5878	0.388975	0.356465	0.142819	0.111742	0.9118661	1.16426	6.217227	1.447271
21354	-10385.73	-10888.44	502.7121	0.336496	0.414287	0.140636	0.108581	0.8851085	1.237235	6.121074	1.455241
21360	-10381.92	-10884.49	502.5662	0.256683	0.445985	0.214505	0.0828271	0.9015793	1.078294	6.124361	1.793742
21366	-10407.08	-10909.56	502.4847	0.298576	0.459835	0.156191	0.0853992	1.178866	1.118739	6.124361	1.511488
21372	-10402.61	-10905.34	502.7274	0.381316	0.367439	0.150533	0.100713	1.005603	1.0868	6.101522	1.511488
21378	-10388.33	-10891.51	503.1815	0.339087	0.429215	0.114052	0.117646	1.007224	1.117512	6.096463	0.997798
21384	-10392.06	-10893.66	501.5983	0.457965	0.25319	0.17061	0.118235	1.262168	1.083889	6.479043	1.740049
21390	-10400.15	-10900.63	500.4779	0.44476	0.333863	0.106448	0.114929	1.231547	1.057973	6.479043	3.534064
21396	-10400.59	-10902.54	501.9497	0.450089	0.337864	0.107723	0.104324	1.125352	1.094228	6.246191	1.992668
21402	-10401.01	-10902.68	501.6686	0.485158	0.198614	0.203776	0.112452	1.26136	1.124872	6.367719	1.859598
21408	-10397.33	-10900.31	502.9845	0.430786	0.288427	0.180938	0.0998494	1.043768	1.170423	5.910589	1.478462
21414	-10408.21	-10909.46	501.2428	0.541786	0.215052	0.123837	0.119325	1.274562	1.126174	5.964742	3.670069
21420	-10400.39	-10900.86	500.4713	0.525959	0.20877	0.149432	0.115839	1.509496	1.093065	6.344073	3.481151
21426	-10413.37	-10916.33	502.9637	0.431857	0.350333	0.122696	0.0951138	1.137396	1.182625	5.768232	1.689454
21432	-10400.29	-10902.67	502.371	0.428175	0.386122	0.132438	0.0532657	1.140013	1.13982	5.768232	2.555326
21438	-10402.61	-10905.73	503.1196	0.479917	0.257387	0.160188	0.102508	1.175712	1.276848	5.499018	1.948082
21444	-10409.27	-10909.65	500.3739	0.470094	0.252119	0.177378	0.10041	1.194256	1.091707	6.758878	2.822665
21450	-10398.46	-10900.19	501.7303	0.459265	0.30715	0.135487	0.0980969	1.307316	1.187752	5.988167	2.606736
21456	-10384.31	-10883.58	499.2704	0.457193	0.330756	0.106648	0.105403	1.20214	1.006307	6.868254	4.680947
21462	-10394.24	-10894.21	499.9671	0.387404	0.383141	0.0649276	0.164527	1.20214	0.9760055	7.187501	2.391174
21468	-10384.49	-10885.21	500.7295	0.385632	0.374263	0.109298	0.130807	1.220322	1.094255	6.70379	2.391174
21474	-10402.82	-10903.8	500.9873	0.364637	0.425382	0.104675	0.105306	0.9786285	1.084707	6.609573	2.633584
21480	-10391.06	-10891.84	500.7757	0.340634	0.39738	0.163612	0.0983739	1.099791	1.041196	6.918329	2.005664
21486	-10378.95	-10881.35	502.4047	0.350059	0.408375	0.112183	0.129382	0.8670857	1.087343	6.414374	1.382851
21492	-10388.91	-10891.65	502.7441	0.294606	0.442842	0.172308	0.0902445	1.065112	1.120002	6.10364	1.382851
21498	-10415.07	-10917.9	502.8273	0.367983	0.357939	0.215225	0.0588531	1.175961	1.071721	6.026241	1.382851
21504	-10394.02	-10895.44	501.4178	0.425743	0.247747	0.267724	0.0587862	1.088627	1.071721	6.590336	1.933886
21510	-10399.04	-10900.1	501.0615	0.437449	0.254559	0.247589	0.0604026	1.216413	1.046869	6.902069	1.539312
21516	-10396.1	-10898.59	502.4912	0.320034	0.41611	0.220663	0.0431935	0.9637524	1.08118	6.064129	1.947359
21522	-10401.71	-10904.06	502.3548	0.359633	0.393233	0.208531	0.0386033	1.173868	1.147362	6.247501	1.374406
21528	-10387.63	-10890.86	503.2269	0.339664	0.371398	0.238827	0.0501112	0.9657076	1.120062	5.959507	1.251628
21534	-10385.41	-10886.45	501.0414	0.291521	0.458249	0.173025	0.0772043	0.8679135	1.147599	6.897739	1.873163
21540	-10405.25	-10906.37	501.1186	0.503178	0.134774	0.134481	0.227567	1.385375	1.138496	6.058068	3.375901
21546	-10395.69	-10896.87	501.1878	0.601639	0.120701	0.102486	0.175175	1.385375	1.215018	5.534648	5.036688
21552	-10392.07	-10894.23	502.1577	0.601155	0.0146961	0.218282	0.165867	1.385375	1.19989	5.628641	2.838779
21558	-10397.27	-10900.12	502.8472	0.592785	0.00538375	0.215243	0.186589	1.527745	1.353763	4.860074	3.572053
21564	-10395.92	-10896.15	500.2294	0.494242	0.0294898	0.320696	0.155571	1.322704	1.202358	6.118484	4.944686
21570	-10383.29	-10883.57	500.2868	0.57081	0.0145424	0.305291	0.109356	1.671809	1.200505	6.188988	3.909994
21576	-10403.73	-10902.92	499.1963	0.626635	0.0159647	0.0864036	0.270997	2.051951	1.108249	6.738599	3.663929
21582	-10422.93	-10922.26	499.3232	0.427149	0.314875	0.101223	0.156753	1.479863	1.079658	6.738018	4.386436
21588	-10410.68	-10910.55	499.8711	0.617532	0.0759913	0.146338	0.160138	1.57806	1.079658	6.396068	4.386436
21594	-10421.43	-10922.27	500.8406	0.545547	0.076871	0.236111	0.141471	1.57806	1.167225	6.209196	3.036166
21600	-10426.12	-10926.48	500.3615	0.583424	0.0697654	0.242506	0.104305	1.521761	1.024432	6.209196	4.295514
21606	-10413.93	-10912.9	498.9728	0.550549	0.134011	0.188197	0.127243	1.505811	1.062454	6.863955	4.62758
21612	-10412.41	-10913.24	500.8275	0.55302	0.134612	0.184554	0.127814	1.24764	1.092248	6.477463	2.848712
21618	-10392.14	-10892.99	500.8419	0.631288	0.042903	0.235485	0.0903235	1.463804	1.123408	6.264852	3.100678
21624	-10410	-10910.13	500.1318	0.597679	0.0756361	0.171204	0.155481	1.463804	1.121746	6.524188	3.514413
21630	-10412.07	-10912.26	500.1859	0.606427	0.0771758	0.187169	0.129228	1.656914	0.9996631	6.662658	2.903445
21636	-10410.49	-10911.49	501.0013	0.468979	0.170712	0.185401	0.174908	1.533477	1.132499	6.204722	2.903445
21642	-10402.04	-10904.17	502.1339	0.472677	0.148483	0.225878	0.152963	1.407602	1.191436	5.61366	2.903445
21648	-10386.01	-10888.2	502.1895	0.562399	0.156374	0.131097	0.150131	1.515713	1.174875	5.454306	3.166747
21654	-10387.98	-10890.54	502.5574	0.458471	0.27362	0.158179	0.10973	1.17254	1.224469	5.643703	2.442759
21660	-10386.53	-10888.57	502.0399	0.458471	0.27362	0.158179	0.10973	1.276345	1.192362	5.789103	2.729089
21666	-10396.81	-10898.28	501.4671	0.576231	0.116299	0.169555	0.137915	1.549143	1.063651	5.990318	2.876325
21672	-10392.73	-10893.96	501.2296	0.477288	0.22859	0.136972	0.157149	1.480173	1.067333	6.26517	2.543275
21678	-10397.58	-10898.5	500.9152	0.457592	0.271528	0.13132	0.13956	1.480173	1.112266	6.296614	2.875946
21684	-10395.88	-10897.7	501.821	0.471237	0.279625	0.105418	0.143721	1.339977	1.044154	6.268796	1.909481
21690	-10393.9	-10895.71	501.8122	0.478247	0.292672	0.140864	0.0882171	1.528757	1.149389	6.134855	1.888471
21696	-10392.92	-10895.35	502.4336	0.377581	0.255106	0.254769	0.112543	1.210862	1.139472	6.185033	1.384387
21702	-10389.5	-10890.4	500.9087	0.461852	0.300524	0.0999636	0.137661	1.416368	1.124981	6.461749	2.478243
21708	-10394.9	-10896.27	501.3722	0.52495	0.259415	0.0591672	0.156468	1.37262	1.124981	6.243002	2.446215
21714	-10397.19	-10897.79	500.6051	0.466177	0.276903	0.0631561	0.193763	1.392734	1.074335	6.714507	2.342913
21720	-10382.13	-10882.47	500.3399	0.466177	0.276903	0.0631561	0.193763	1.152289	1.146392	6.358157	4.212672
21726	-10390.09	-10889.55	499.4554	0.391033	0.40025	0.0437449	0.164972	1.152289	1.082291	7.311191	2.729692
21732	-10376.26	-10878.31	502.0424	0.317379	0.513217	0.0355052	0.133899	1.152289	1.050173	6.489479	1.356728
21738	-10369.79	-10872.81	503.0175	0.313632	0.507158	0.0350861	0.144124	0.9741745	1.215051	5.808252	1.691039
21744	-10374.7	-10877.61	502.9114	0.341898	0.467261	0.0580544	0.132786	1.102691	1.194071	5.808252	1.691039
21750	-10382.57	-10883.51	500.9441	0.33141	0.452929	0.116523	0.0991378	1.077064	1.094181	6.736181	2.194694
21756	-10394.78	-10895.64	500.8533	0.40127	0.344803	0.0997945	0.154132	1.522391	1.172117	6.853042	1.423325
21762	-10398.6	-10899.44	500.8388	0.414405	0.330293	0.114641	0.140661	1.351745	0.9945602	6.955695	1.599674
21768	-10394.29	-10894.32	500.0319	0.417292	0.211284	0.278116	0.0933072	1.287452	1.03374	7.328006	1.762946
21774	-10395.82	-10896.83	501.0101	0.448453	0.280496	0.196841	0.0742103	1.287452	1.03374	6.672626	2.074136
21780	-10392.85	-10894.58	501.7319	0.443522	0.284087	0.199361	0.0730299	1.130306	1.170286	6.230032	2.220638
21786	-10387.38	-10888.37	500.9958	0.453402	0.290415	0.203802	0.0523814	1.14418	1.090244	6.441423	2.845331
21792	-10400.49	-10900.87	500.3839	0.442557	0.254222	0.198927	0.104294	1.062088	1.038713	6.997582	2.403469
21798	-10408	-10909.91	501.9052	0.342729	0.420192	0.176552	0.0605275	0.915086	1.100469	6.411983	1.916319
21804	-10404.88	-10907.58	502.6935	0.405271	0.327734	0.214755	0.0522396	1.012034	1.118011	5.988441	1.7569
21810	-10417.32	-10920.7	503.3762	0.381124	0.4097	0.10251	0.106667	1.061122	1.200157	5.570679	1.694819
21816	-10419.02	-10921.14	502.1221	0.347448	0.474701	0.0542611	0.12359	1.061064	1.161906	6.27653	1.694819
21822	-10396.48	-10897.88	501.3979	0.385078	0.447327	0.0511321	0.116463	1.043813	1.077505	6.428032	2.432072
21828	-10403.4	-10904.21	500.8124	0.385078	0.447327	0.0511321	0.116463	1.144577	1.08435	7.017702	1.616587
21834	-10396.53	-10898.96	502.4294	0.442399	0.401707	0.0454056	0.110488	1.165838	1.162138	6.034231	1.739598
21840	-10396.86	-10898.84	501.9785	0.425229	0.407322	0.0612493	0.106199	1.361679	1.146702	6.034231	2.111493
21846	-10382.52	-10884.27	501.7498	0.376245	0.414813	0.114976	0.0939658	1.340797	1.117702	6.444815	1.506807
21852	-10388.6	-10888.76	500.1606	0.274165	0.475275	0.120383	0.130177	1.077857	1.06662	7.223419	2.064773
21858	-10398.14	-10900.24	502.1068	0.276986	0.481979	0.122082	0.118953	0.9907202	1.102172	6.481658	1.419936
21864	-10406.01	-10907.87	501.8533	0.328406	0.447701	0.113399	0.110494	1.33415	1.027989	6.481658	1.419936
21870	-10401.78	-10903.02	501.2454	0.309695	0.479169	0.106938	0.104198	1.00333	1.065601	6.959952	1.419936
21876	-10407.96	-10910.37	502.4129	0.309695	0.479169	0.106938	0.104198	1.048084	1.204466	6.203996	1.472595
21882	-10412.63	-10914.98	502.357	0.367072	0.447886	0.0615388	0.123503	1.34702	1.167098	6.101122	1.472595
21888	-10404.6	-10905.11	500.5124	0.365389	0.445831	0.0612565	0.127523	1.12709	1.066024	7.259496	1.481777
21894	-10408.59	-10908.42	499.8349	0.365389	0.445831	0.0612565	0.127523	1.209715	1.050101	7.528025	1.615796
21900	-10415.92	-10917.21	501.2861	0.318412	0.42516	0.0935718	0.162856	0.9590319	1.071778	6.868087	1.615796
21906	-10434.86	-10934.84	499.9784	0.309663	0.413478	0.118477	0.158382	1.083681	1.029429	7.396	1.921433
21912	-10438	-10937.71	499.7067	0.505472	0.278124	0.110687	0.105717	1.182622	1.032679	7.17211	2.774733
21918	-10418.88	-10918.57	499.687	0.341957	0.497011	0.064846	0.0961863	1.195027	0.9916672	7.569826	1.790442
21924	-10414.09	-10913.91	499.8153	0.325258	0.469109	0.130831	0.0748027	1.103018	1.084625	7.366082	2.115196
21930	-10394.16	-10894.55	500.3924	0.487139	0.272866	0.195946	0.0440486	1.033628	1.002763	7.118685	2.16137
21936	-10393.16	-10892.33	499.1746	0.546905	0.115191	0.219986	0.117918	1.579541	1.071755	7.118685	3.169024
21942	-10393.82	-10894.66	500.8381	0.527266	0.126885	0.213815	0.132034	1.431778	1.063291	6.519079	2.497491
21948	-10394.2	-10894.33	500.1271	0.510807	0.213603	0.147678	0.127912	1.431778	1.055301	6.956303	2.363708
21954	-10393.34	-10893.83	500.4917	0.560172	0.161427	0.175717	0.102684	1.340658	1.068729	6.655326	2.761022
21960	-10387.84	-10888.3	500.4653	0.547453	0.140014	0.19726	0.115273	1.380434	1.059342	6.655326	2.761022
21966	-10397.65	-10898.22	500.5663	0.508986	0.130175	0.293018	0.0678204	1.22647	1.059342	6.752728	2.54288
21972	-10391.88	-10891.2	499.3197	0.476621	0.185484	0.274387	0.063508	1.422523	1.013363	7.452701	2.268156
21978	-10380.91	-10880.29	499.3769	0.510524	0.107302	0.302194	0.0799786	1.422523	1.065343	6.859404	3.947976
21984	-10376.16	-10877.75	501.5922	0.540827	0.125304	0.260748	0.0731208	1.301894	1.132353	6.127816	2.518716
21990	-10390.94	-10892.76	501.8247	0.547736	0.129738	0.210626	0.111901	1.529182	1.252165	5.802126	2.584565
21996	-10387.73	-10889.22	501.4932	0.56401	0.133592	0.216885	0.085513	1.478686	1.187818	5.916234	2.951799
22002	-10396.74	-10897.9	501.1549	0.5355	0.14522	0.279901	0.0393783	1.561364	1.068081	6.424284	2.125853
22008	-10403.55	-10904.76	501.2087	0.504848	0.183222	0.263879	0.0480504	1.401004	1.152121	6.295109	2.468696
22014	-10405	-10906.54	501.5401	0.466353	0.203158	0.27676	0.0537289	1.225675	1.152593	6.240364	2.363682
22020	-10413.05	-10912.76	499.7081	0.473313	0.153003	0.319153	0.0545307	1.156758	1.011566	7.051536	3.222783
22026	-10425.83	-10925.07	499.2431	0.587754	0.177268	0.167262	0.0677156	1.324457	1.096863	6.56536	5.581972
22032	-10403.82	-10905.49	501.6703	0.536577	0.18531	0.210956	0.0671565	1.294101	1.114647	5.81652	3.370654
22038	-10404.51	-10906.44	501.938	0.535777	0.181105	0.227781	0.0553369	1.222922	1.189297	5.610903	3.550867
22044	-10416.61	-10919.78	503.1707	0.511052	0.252508	0.130824	0.105616	1.64086	1.204918	5.03758	2.577047
22050	-10413.11	-10914.74	501.6261	0.458806	0.298015	0.178172	0.065007	1.220784	1.14039	6.446436	1.758023
22056	-10417.5	-10918.74	501.2411	0.444147	0.183845	0.289122	0.0828859	1.240668	1.09829	6.433051	2.341
22062	-10422.9	-10924.96	502.0564	0.36318	0.37135	0.236416	0.0290537	0.9330388	1.123883	6.535649	1.40564
22068	-10416.75	-10918.42	501.6671	0.348771	0.356617	0.227036	0.0675765	1.114397	1.129628	6.645707	1.40564
22074	-10402.33	-10905.46	503.1381	0.468989	0.218913	0.199004	0.113094	1.213395	1.191226	5.534135	1.905773
22080	-10415.57	-10918.74	503.1712	0.369102	0.319946	0.225183	0.0857686	0.8581848	1.252899	5.82079	1.575525
22086	-10417.61	-10919.77	502.1669	0.398021	0.345013	0.164477	0.0924885	0.8581848	1.079545	6.313592	1.915123
22092	-10406.05	-10908.93	502.8731	0.457477	0.19955	0.275994	0.0669786	1.325632	1.217977	5.58275	1.966157
22098	-10430.96	-10932.2	501.24	0.517079	0.213693	0.163377	0.105851	1.508664	1.069479	5.697517	4.347916
22104	-10404.89	-10906.76	501.8702	0.401107	0.301736	0.222927	0.0742304	1.059582	1.157128	6.190966	2.242685
22110	-10401.2	-10903.61	502.4105	0.390079	0.222859	0.314873	0.0721895	1.103696	1.23538	5.957683	1.925188
22116	-10393.38	-10896.34	502.9608	0.478414	0.248644	0.1924	0.0805419	1.138268	1.22968	5.543749	2.164623
22122	-10399.96	-10903.57	503.603	0.445914	0.299685	0.17933	0.0750705	0.9068505	1.211694	5.511658	1.724293
22128	-10400.11	-10902.3	502.1991	0.372072	0.321698	0.225646	0.0805847	1.120253	1.043587	6.310559	1.599257
22134	-10405.89	-10906.56	500.6692	0.438298	0.33437	0.134962	0.0923692	1.138461	1.02538	6.883015	2.211542
22140	-10398.72	-10899.05	500.3235	0.443041	0.2388	0.235926	0.0822328	1.141975	1.026133	7.063522	2.220567
22146	-10405.27	-10904.23	498.959	0.483213	0.260453	0.157838	0.0984959	1.126612	1.035382	7.67715	2.551334
22152	-10403.25	-10902.85	499.604	0.518869	0.150497	0.203588	0.127046	1.21547	0.9993036	6.871268	3.958712
22158	-10395.03	-10897.28	502.2513	0.455925	0.36196	0.070633	0.111482	1.396478	1.134382	5.8123	2.271927
22164	-10395.23	-10897.88	502.6419	0.428186	0.351695	0.111799	0.10832	1.073206	1.114114	5.774803	2.271927
22170	-10402.19	-10902.79	500.6054	0.482281	0.166473	0.244802	0.106444	1.352779	1.114114	6.430193	3.168461
22176	-10399.85	-10902.01	502.1536	0.527238	0.091045	0.267621	0.114096	1.217456	1.071244	6.033439	2.158704
22182	-10383.93	-10885.74	501.819	0.478852	0.184129	0.233393	0.103625	1.250723	1.098469	6.193417	2.13459
22188	-10399.53	-10898.87	499.3428	0.469007	0.17434	0.299555	0.0570971	1.110163	1.027548	7.226813	3.343034
22194	-10400.94	-10902.32	501.3837	0.353944	0.369941	0.226064	0.0500513	1.243621	1.055019	6.755523	1.442016
22200	-10402.65	-10903.55	500.8969	0.401858	0.318701	0.222614	0.0568268	1.006215	1.106204	6.651293	2.578314
22206	-10400.88	-10901.83	500.9462	0.421094	0.277375	0.240212	0.0613191	1.13389	1.095709	6.749405	2.079808
22212	-10400.06	-10900.78	500.7167	0.428157	0.282028	0.227468	0.0623477	1.054883	1.06935	6.92894	2.079808
22218	-10406.63	-10907.38	500.7509	0.38986	0.296348	0.275759	0.0380332	1.036728	1.034014	7.003003	1.922046
22224	-10401.43	-10902.13	500.6969	0.402436	0.377978	0.171076	0.0485097	1.036728	1.088058	7.003003	1.922046
22230	-10409.65	-10911.49	501.8424	0.402027	0.377594	0.148533	0.0718461	0.9227285	1.102337	6.43837	1.922046
22236	-10394.83	-10896.8	501.9712	0.453322	0.237823	0.208165	0.10069	1.194907	1.139794	6.349995	1.584627
22242	-10404.94	-10903.89	498.9488	0.626542	0.083593	0.102881	0.186984	1.77903	1.144595	6.380329	6.09798
22248	-10379.87	-10880.42	500.5477	0.533439	0.199654	0.107709	0.159198	1.542819	1.111686	6.387333	3.121617
22254	-10420.94	-10922.45	501.5058	0.53752	0.0749209	0.156397	0.231162	1.752954	1.184619	5.809081	2.882448
22260	-10406.15	-10907.94	501.7945	0.507798	0.24591	0.0279109	0.21838	1.496314	1.09415	5.929229	2.56004
22266	-10420.19	-10919.99	499.807	0.446913	0.367997	0.00869448	0.176396	1.361221	1.025139	6.649383	4.055087
22272	-10425.21	-10924.76	499.5462	0.593854	0.133093	0.153999	0.119054	1.327037	1.088862	6.361822	5.778605
22278	-10417.8	-10916.95	499.1516	0.528763	0.118505	0.285594	0.0671381	1.344285	1.114528	6.553297	5.778605
22284	-10404.77	-10905.28	500.5093	0.450395	0.31261	0.115669	0.121326	1.411039	1.040664	6.744754	2.426606
22290	-10432.87	-10935.66	502.7895	0.439607	0.400226	0.010647	0.149521	1.347675	1.144249	5.710528	1.842071
22296	-10416.27	-10917.97	501.7034	0.438219	0.3882	0.0291345	0.144446	1.443127	1.125525	6.270888	1.832904
22302	-10413	-10913.85	500.858	0.473303	0.365847	0.0159297	0.144921	1.562309	1.125525	6.411239	2.503877
22308	-10418.99	-10920.55	501.5574	0.401063	0.434193	0.00513861	0.159605	1.261139	1.13118	6.291856	2.187468
22314	-10406.13	-10906.46	500.3325	0.493024	0.300539	0.00631685	0.20012	1.384837	1.077838	6.545009	3.28809
22320	-10410.92	-10910.15	499.2311	0.476046	0.304927	0.00498781	0.21404	1.503333	1.070486	6.561709	5.305542
22326	-10406.26	-10907.8	501.5405	0.480317	0.275125	0.0240328	0.220525	1.457037	1.134318	6.188391	2.226559
22332	-10405.49	-10905.92	500.427	0.484524	0.277535	0.0589425	0.178998	1.504229	1.127251	6.10954	4.358212
22338	-10411.52	-10912.18	500.6543	0.454737	0.337155	0.0515524	0.156555	1.316684	1.076482	6.442602	3.165973
22344	-10412.73	-10914.27	501.532	0.458115	0.356116	0.040738	0.145031	1.400605	1.062227	6.402741	1.870458
22350	-10412.91	-10914.73	501.8164	0.454132	0.35302	0.0490765	0.143771	1.29019	1.0932	6.102086	2.331026
22356	-10417.06	-10918.59	501.5346	0.486418	0.276025	0.0694785	0.168079	1.596086	1.084819	6.168189	2.189385
22362	-10405.1	-10907.16	502.0611	0.40806	0.365924	0.0850132	0.141003	1.006441	1.087925	6.168189	2.204327
22368	-10411.96	-10913.9	501.9441	0.468555	0.321097	0.0866191	0.123729	1.02343	1.001554	6.487419	1.67867
22374	-10419.71	-10920.04	500.3317	0.447023	0.316186	0.0852944	0.151497	1.02343	1.067424	6.794191	3.09879
22380	-10417.74	-10918.63	500.8935	0.427092	0.365159	0.0752417	0.132507	1.225932	1.025596	6.862693	1.84977
22386	-10411.37	-10912.35	500.9832	0.45327	0.323492	0.066656	0.156583	1.126734	1.030152	6.862693	1.84977
22392	-10398.69	-10899.12	500.4294	0.420909	0.300396	0.146416	0.13228	1.217567	1.030464	6.970423	2.207815
22398	-10424.34	-10924.19	499.8537	0.513492	0.231639	0.178621	0.0762482	1.249724	0.9733613	7.231769	2.375147
22404	-10426.65	-10928.37	501.7272	0.488475	0.219071	0.16893	0.123523	1.049737	1.086397	6.514392	1.747957
22410	-10413.05	-10914.29	501.2399	0.482528	0.206537	0.119109	0.191826	1.204043	1.030124	6.492275	2.332849
22416	-10418.78	-10920.35	501.5703	0.482528	0.206537	0.119109	0.191826	1.20783	1.06901	6.492275	1.826945
22422	-10400.34	-10902.49	502.1457	0.441957	0.262317	0.200812	0.0949137	1.20783	1.136976	6.058107	2.030483
22428	-10396.78	-10898.68	501.896	0.434124	0.294048	0.141117	0.130711	1.127552	1.179734	5.84597	3.043888
22434	-10393.44	-10895.68	502.2438	0.519323	0.190593	0.16082	0.129264	1.290422	1.136018	5.84597	2.329466
22440	-10399.03	-10901.61	502.5767	0.4962	0.233232	0.196798	0.0737697	1.094455	1.115151	5.776613	2.329466
22446	-10391.46	-10894.5	503.0438	0.469969	0.252776	0.206772	0.070483	1.142688	1.157531	5.651311	1.882189
22452	-10397.81	-10901.07	503.2599	0.423188	0.281458	0.216874	0.0784804	1.204509	1.130637	5.651311	1.575378
22458	-10417.13	-10919.69	502.5556	0.314354	0.319587	0.316094	0.0499652	1.042555	1.183288	5.859156	2.122344
22464	-10410.79	-10914.34	503.5535	0.392534	0.399068	0.146007	0.0623914	1.039085	1.187653	5.674102	1.310506
22470	-10402.89	-10904.3	501.4122	0.436281	0.322411	0.135557	0.105751	1.139237	1.113765	6.416681	2.254406
22476	-10407.94	-10908.61	500.675	0.436515	0.289111	0.198849	0.0755259	1.055189	0.9901411	7.310299	1.355836
22482	-10422.3	-10924.07	501.7703	0.444273	0.246489	0.264552	0.0446865	1.403346	1.104816	6.297909	1.75623
22488	-10420.95	-10921.32	500.3749	0.413934	0.281837	0.267865	0.0363645	1.244057	0.9848075	7.19456	1.75623
22494	-10400.05	-10900.85	500.7958	0.399484	0.273093	0.292327	0.0350951	0.9971655	1.020874	7.077075	1.75623
22500	-10400.09	-10901.99	501.9031	0.341723	0.34676	0.276916	0.0346018	0.9971655	1.084474	6.444859	1.75623
22506	-10411.3	-10912.84	501.5468	0.410913	0.278492	0.276095	0.0344993	1.013347	1.115494	6.612225	1.75623
22512	-10400.35	-10902.86	502.5047	0.34203	0.323945	0.264766	0.0692588	1.052311	1.147299	6.272696	1.287787
22518	-10403.89	-10906.61	502.7132	0.355448	0.336654	0.275153	0.0327452	1.040026	1.178051	6.272696	1.049359
22524	-10407.92	-10910.76	502.8403	0.395369	0.317401	0.259417	0.0278134	0.8961702	1.165922	6.081186	1.460863
22530	-10394.86	-10897.04	502.1864	0.412193	0.299349	0.259939	0.0285197	0.8487848	1.15373	6.370242	1.677698
22536	-10394.94	-10897.57	502.6275	0.375697	0.416412	0.183473	0.0244191	0.9417366	1.091479	6.341869	1.197888
22542	-10397.2	-10899.14	501.9378	0.347726	0.346312	0.275918	0.0300444	0.9417366	1.200482	6.452924	1.621919
22548	-10398.66	-10900.35	501.6932	0.386503	0.297955	0.248273	0.0672695	0.9624614	1.098376	6.629254	1.621919
22554	-10406.61	-10908.73	502.1243	0.376241	0.353362	0.190618	0.0797789	0.9527448	1.111097	6.445983	1.509111
22560	-10411.73	-10913.5	501.7674	0.445783	0.264108	0.195585	0.0945247	1.090723	1.088426	6.490269	1.701136
22566	-10415.2	-10916.5	501.2976	0.373078	0.31718	0.230634	0.0791082	1.090723	1.117699	6.622965	1.949405
22572	-10398.97	-10901.9	502.9272	0.360998	0.337959	0.224157	0.0768866	1.039716	1.155452	6.034218	1.309644
22578	-10391.55	-10894.16	502.6097	0.250974	0.552536	0.0691224	0.127367	0.9204705	1.133723	6.284016	1.309644
22584	-10391.57	-10894.27	502.7009	0.339575	0.456922	0.0836439	0.119858	0.925218	1.149743	6.284016	1.189143
22590	-10393.58	-10895.38	501.7983	0.38638	0.382068	0.0951728	0.136379	1.187673	1.263471	6.154629	2.115491
22596	-10402.25	-10904.39	502.1398	0.476152	0.212925	0.162191	0.148732	1.343272	1.208814	5.943531	2.056315
22602	-10390.11	-10890.51	500.3993	0.481023	0.210945	0.160683	0.147349	1.485746	1.135247	6.86844	2.033198
22608	-10390.63	-10891.16	500.5298	0.480099	0.215831	0.169226	0.134844	1.264457	1.084179	6.24795	4.150414
22614	-10401.18	-10902.13	500.9431	0.500413	0.224963	0.134073	0.14055	1.065167	1.048718	6.598377	2.656584
22620	-10409.29	-10909.57	500.2764	0.468519	0.229603	0.170287	0.131592	1.453303	1.113105	6.487557	3.4066
22626	-10421.56	-10922.11	500.5592	0.543853	0.197058	0.14615	0.112939	1.406624	1.189064	6.041711	4.391436
22632	-10395.56	-10897.72	502.1658	0.383945	0.353756	0.149233	0.113065	1.075934	1.147618	6.339197	1.504607
22638	-10396	-10898.61	502.606	0.436353	0.294015	0.208001	0.0616305	0.9746236	1.176803	5.888534	2.081589
22644	-10419.42	-10922.08	502.6617	0.403799	0.437491	0.0963572	0.062352	1.066887	1.223805	5.85405	1.907029
22650	-10405.5	-10908.02	502.5159	0.368637	0.47705	0.0380851	0.116228	0.9938999	1.185605	5.994055	1.907029
22656	-10418.26	-10919.5	501.2454	0.405455	0.440191	0.0150958	0.139258	1.118758	1.176077	6.030376	3.621843
22662	-10413.49	-10915.14	501.6489	0.451193	0.379623	0.0103833	0.158801	1.252948	1.120928	6.020986	2.824246
22668	-10424.38	-10925.77	501.3897	0.451193	0.379623	0.0103833	0.158801	1.407859	1.105214	6.105014	2.792426
22674	-10412.35	-10912.55	500.1934	0.582677	0.228569	0.0104263	0.178327	1.481141	1.031962	6.562615	3.409052
22680	-10408.68	-10909.48	500.8074	0.398582	0.368318	0.138451	0.0946483	1.205854	1.154175	6.947475	1.625332
22686	-10403.04	-10903.96	500.9186	0.454711	0.363132	0.0888421	0.0933154	1.189828	1.155011	6.476216	2.693604
22692	-10394.31	-10894.95	500.6445	0.399995	0.381404	0.0781516	0.140449	1.189828	1.133968	6.63121	2.707336
22698	-10390.77	-10892.19	501.4181	0.379373	0.376299	0.11112	0.133208	1.153065	1.177823	6.372543	2.251785
22704	-10386.46	-10888.57	502.1178	0.385471	0.366274	0.112906	0.135349	0.9722629	1.177823	6.372543	1.574196
22710	-10397.44	-10898.06	500.6232	0.444966	0.192075	0.288622	0.0743371	1.285468	1.087664	6.906571	1.942498
22716	-10413.97	-10913.97	499.9934	0.521309	0.204138	0.195547	0.079006	1.269653	1.156511	6.540183	3.989979
22722	-10398.82	-10900.76	501.9354	0.433343	0.25516	0.239644	0.0718527	0.9863708	1.164069	6.540183	1.426583
22728	-10411.55	-10913.13	501.5766	0.356523	0.29707	0.279005	0.0674016	0.9143725	1.12797	6.793088	1.426583
22734	-10399.01	-10900.74	501.7329	0.308564	0.424574	0.190601	0.0762607	0.945664	1.04941	6.793088	1.304401
22740	-10386.76	-10887.97	501.2074	0.354255	0.448774	0.152047	0.0449234	0.9811195	1.113415	6.998855	1.352944
22746	-10388.31	-10889.15	500.8379	0.391539	0.390761	0.168049	0.0496514	1.088752	1.104636	6.998855	1.668754
22752	-10390.53	-10891.36	500.8278	0.43922	0.257592	0.252826	0.0503622	1.127378	1.086691	6.996358	1.662996
22758	-10392.51	-10894.4	501.8885	0.416919	0.295286	0.239989	0.0478052	1.06552	1.136859	6.428676	1.662996
22764	-10385.02	-10887	501.9784	0.403116	0.28551	0.264387	0.0469873	0.9022984	1.117719	6.474499	1.673486
22770	-10383.81	-10883.42	499.6065	0.431894	0.304706	0.213253	0.0501465	0.9919743	0.9998256	7.463691	2.430164
22776	-10397.06	-10899.01	501.9473	0.425846	0.40292	0.0971605	0.0740737	0.9934435	1.212932	6.29226	1.899044
22782	-10397.59	-10899.28	501.6897	0.414599	0.344354	0.136183	0.104864	0.9934435	1.14683	6.514831	1.788353
22788	-10396.85	-10899.36	502.5115	0.357633	0.3984	0.133062	0.110905	0.9199845	1.18095	6.214504	1.51218
22794	-10385.04	-10886.71	501.6782	0.407388	0.367542	0.122756	0.102315	1.035004	1.115743	6.214504	2.557272
22800	-10389.66	-10891.2	501.5434	0.417525	0.293252	0.21089	0.0783333	0.9153137	1.044432	6.45702	2.378108
22806	-10399.57	-10900.85	501.2716	0.429536	0.285874	0.216957	0.0676331	1.552341	1.16612	6.45702	1.774711
22812	-10395.8	-10898.4	502.6022	0.429536	0.285874	0.216957	0.0676331	0.8973031	1.112909	6.221276	1.498418
22818	-10405.64	-10906.8	501.1678	0.46969	0.272527	0.21803	0.0397533	1.38783	1.118493	6.332234	2.495526
22824	-10393.82	-10895.95	502.1284	0.38901	0.349762	0.17964	0.0815879	1.068661	1.083477	5.920956	2.692561
22830	-10410.07	-10911.52	501.4579	0.436134	0.356275	0.092984	0.114607	1.317968	1.133944	6.357568	2.082048
22836	-10401.02	-10902.63	501.6128	0.485393	0.28357	0.103486	0.127551	1.317968	1.114846	6.283805	2.082048
22842	-10407.86	-10908.86	500.9959	0.485393	0.28357	0.103486	0.127551	1.166705	1.14985	6.51469	2.507296
22848	-10390.74	-10892.08	501.3333	0.375881	0.39274	0.100192	0.131188	1.176026	1.105352	6.511955	2.082602
22854	-10407.09	-10908.79	501.6988	0.423116	0.28411	0.153704	0.13907	1.203074	1.166254	6.238058	2.155133
22860	-10398.84	-10900.5	501.6601	0.422099	0.297892	0.134192	0.145817	1.248514	1.16244	6.238058	2.155133
22866	-10409.47	-10909.36	499.8917	0.426023	0.300662	0.118558	0.154758	0.9512857	0.9708367	7.451344	2.155133
22872	-10397.2	-10896.66	499.4567	0.343614	0.367885	0.0956246	0.192876	1.02781	1.092733	7.264727	3.050023
22878	-10378.26	-10878.69	500.4329	0.441862	0.320271	0.122966	0.114901	1.259861	1.102705	6.885111	2.268818
22884	-10396.23	-10897.06	500.8288	0.436154	0.293284	0.148835	0.121727	1.327978	1.082015	6.783648	1.928229
22890	-10408.9	-10911.04	502.1394	0.405111	0.389568	0.122736	0.0825845	0.9982931	1.084239	5.961801	2.666186
22896	-10383.48	-10885.19	501.7109	0.392201	0.355848	0.176515	0.0754362	1.113099	1.070007	6.772711	1.16849
22902	-10394.68	-10896.13	501.4451	0.392201	0.355848	0.176515	0.0754362	1.263706	1.113329	6.551854	1.725042
22908	-10387.65	-10887.7	500.0543	0.390816	0.321027	0.175892	0.112265	1.036088	1.036626	7.406264	1.849895
22914	-10388.7	-10890.54	501.8402	0.43823	0.337799	0.10584	0.118131	1.179303	1.105286	6.383009	1.729549
22920	-10391.13	-10892.51	501.383	0.421608	0.354474	0.0999559	0.123962	1.122614	1.207677	6.233887	2.683665
22926	-10389.58	-10891.11	501.5246	0.411815	0.359913	0.0976342	0.130638	1.158159	1.128665	6.171335	2.712402
22932	-10398.25	-10900.61	502.3614	0.372182	0.38441	0.125343	0.118065	1.158159	1.120916	6.205688	1.501501
22938	-10409.2	-10910.46	501.2576	0.402914	0.416152	0.0531183	0.127815	1.158763	1.094142	6.437325	2.424429
22944	-10391.47	-10893.8	502.33	0.261362	0.589892	0.0388596	0.109886	1.073331	1.137207	6.282252	1.451243
22950	-10382.03	-10883.74	501.7032	0.28817	0.555726	0.0525831	0.103521	0.9076568	1.045634	6.76119	1.451243
22956	-10382.63	-10883.47	500.8457	0.316065	0.459162	0.111231	0.113542	0.9940142	0.9757819	7.333324	1.205428
22962	-10399.59	-10900.33	500.7424	0.308105	0.489472	0.0618526	0.14057	1.11767	1.023294	6.94162	1.993215
22968	-10397.45	-10900.56	503.1049	0.3328	0.433264	0.0668101	0.167126	1.099738	1.156086	5.769234	1.592792
22974	-10395.27	-10895.84	500.5642	0.425433	0.36974	0.0530087	0.151818	1.016665	1.006333	6.902324	2.513302
22980	-10396.9	-10896.93	500.0296	0.393583	0.402502	0.11911	0.0848045	1.097752	1.045551	7.173468	2.382382
22986	-10397.7	-10897.93	500.235	0.458335	0.272681	0.216251	0.0527328	1.215643	1.147321	6.909812	2.486074
22992	-10416.23	-10916.85	500.6224	0.462949	0.156792	0.329842	0.0504165	1.379753	1.077832	6.685928	2.406626
22998	-10394.89	-10896.3	501.412	0.453714	0.19852	0.292065	0.0557005	1.095461	1.04105	6.411124	2.436277
23004	-10401.95	-10903.89	501.9377	0.484762	0.178775	0.289639	0.0468241	1.169817	1.081853	6.121424	2.283695
23010	-10415.77	-10916.18	500.4143	0.551942	0.184839	0.204714	0.0585057	1.400475	1.124274	6.425621	3.427917
23016	-10405.92	-10906.75	500.8283	0.568253	0.113336	0.189003	0.129408	1.400475	1.111152	6.451675	2.672073
23022	-10397.14	-10898.19	501.0515	0.437734	0.204353	0.21245	0.145462	1.197621	1.073736	6.451675	2.672073
23028	-10385.32	-10887.42	502.0995	0.408078	0.399453	0.068783	0.123686	1.197621	1.09418	6.059825	2.160704
23034	-10397.95	-10898.79	500.8395	0.396224	0.387849	0.095834	0.120093	1.122496	1.09418	6.326337	3.510726
23040	-10387.43	-10889.12	501.684	0.424756	0.379632	0.0776438	0.117968	1.122121	1.152717	6.296408	2.152561
23046	-10381.78	-10882.65	500.8755	0.493591	0.225802	0.143522	0.137086	1.185655	1.048059	6.692151	2.324865
23052	-10392.89	-10893.75	500.8575	0.461286	0.240444	0.152829	0.145441	1.07655	1.096964	6.732185	2.324865
23058	-10395.67	-10896.15	500.4817	0.380185	0.312468	0.133988	0.173358	1.03716	1.130916	6.861549	2.533212
23064	-10409.42	-10909.24	499.8198	0.408792	0.378442	0.065696	0.14707	1.118853	1.114061	7.198041	2.49357
23070	-10402.71	-10903.15	500.4447	0.408792	0.378442	0.065696	0.14707	1.140687	1.088563	7.107017	1.866397
23076	-10390.71	-10891.39	500.6787	0.402112	0.419177	0.0601907	0.11852	1.252251	1.103872	6.994293	1.684386
23082	-10397.53	-10897.38	499.8425	0.35194	0.510078	0.0270135	0.110968	1.277545	1.033331	7.442892	1.74395
23088	-10396.35	-10897.42	501.0784	0.377829	0.388303	0.0252989	0.208569	1.340632	1.063233	6.654051	1.92517
23094	-10408.96	-10909.85	500.899	0.377829	0.388303	0.0252989	0.208569	1.505935	1.138682	6.318686	2.758192
23100	-10405.79	-10904.75	498.9633	0.428468	0.348241	0.0362394	0.187051	1.249092	1.039136	7.292138	3.550912
23106	-10417.67	-10917.93	500.2587	0.430512	0.349903	0.0291836	0.190402	1.249092	0.9677481	6.903154	2.696012
23112	-10394.09	-10894.53	500.4407	0.400135	0.383445	0.0287628	0.187656	1.452223	1.114995	6.713285	2.450811
23118	-10388.58	-10889.11	500.5277	0.390976	0.3825	0.0575727	0.168951	1.452223	1.081688	6.868753	1.971541
23124	-10387.3	-10890.63	503.3304	0.263956	0.493404	0.212298	0.0303425	0.9775834	1.157936	6.010805	0.9953479
23130	-10399.59	-10903.02	503.4271	0.346367	0.303345	0.27858	0.0717089	0.9618523	1.180694	5.75131	1.387733
23136	-10378.72	-10881.44	502.7159	0.453881	0.253448	0.232757	0.0599137	1.070905	1.125795	5.75131	2.214729
23142	-10397.2	-10896.98	499.7875	0.553394	0.191033	0.150534	0.105039	1.133096	1.020589	7.156549	2.786894
23148	-10420.63	-10920.91	500.2781	0.621263	0.0911173	0.17069	0.11693	1.475896	1.016204	6.50175	3.49627
23154	-10402.93	-10903.26	500.3385	0.621674	0.0372481	0.282449	0.0586292	1.202702	1.103477	6.484359	3.743058
23160	-10405.24	-10905.08	499.8362	0.628501	0.0173504	0.284433	0.0697147	1.950445	1.013243	6.484359	3.66643
23166	-10412.27	-10911.89	499.6263	0.533236	0.0165529	0.331461	0.11875	1.663661	1.091565	6.725392	3.504171
23172	-10407.88	-10908.81	500.935	0.601031	0.00439287	0.2905	0.104076	1.473516	1.042655	5.927844	4.225345
23178	-10404.86	-10904.82	499.957	0.578819	0.0137155	0.307236	0.100229	2.038513	1.107948	6.345019	3.619707
23184	-10386.43	-10887.18	500.7525	0.556276	0.0522437	0.29527	0.0962101	1.608932	1.037316	6.281116	3.137811
23190	-10396.78	-10897.5	500.7243	0.638037	0.0559572	0.202957	0.103049	1.38941	1.103021	6.306213	3.322325
23196	-10403.05	-10902.53	499.4813	0.583235	0.046345	0.219865	0.150555	1.570575	1.17714	6.901496	3.167048
23202	-10404.55	-10903.66	499.1105	0.513098	0.0441884	0.299165	0.143549	1.570575	0.9891063	7.202247	3.167048
23208	-10416.73	-10916.81	500.0748	0.544765	0.0489509	0.295376	0.110908	1.571254	1.067488	6.948527	2.269059
23214	-10407.59	-10908.14	500.552	0.590723	0.0529978	0.246795	0.109484	1.611682	1.110164	6.535594	2.580166
23220	-10390.85	-10892.02	501.1676	0.510548	0.200774	0.194054	0.0946247	1.591531	1.097122	6.422526	2.038904
23226	-10410.26	-10912.01	501.7466	0.521425	0.0685036	0.318924	0.091147	1.573358	1.073011	6.051635	2.235733
23232	-10414.88	-10915.15	500.2709	0.523847	0.104232	0.304954	0.066967	1.25531	1.088943	6.047722	5.574006
23238	-10400.22	-10900.44	500.2225	0.592345	0.0570062	0.270887	0.0797622	1.493166	1.078807	6.716937	2.777448
23244	-10394.81	-10895.33	500.522	0.556159	0.105214	0.245286	0.0933409	1.497061	1.101153	6.197587	3.901153
23250	-10389.41	-10889	499.5939	0.527393	0.0997719	0.288452	0.0843834	1.596097	1.054224	6.680493	3.901153
23256	-10386.43	-10888.99	502.5641	0.39066	0.333166	0.213668	0.0625061	1.237728	1.127846	6.010488	1.588122
23262	-10388.2	-10890.09	501.8956	0.445235	0.379709	0.102696	0.0723604	0.9899602	1.046863	6.617057	1.439414
23268	-10369.94	-10870.82	500.8764	0.380805	0.230078	0.345527	0.0435897	1.008264	0.9737334	7.070573	1.715995
23274	-10402.57	-10903.66	501.0839	0.532194	0.101589	0.316801	0.0494157	1.060739	1.095362	6.523498	2.587464
23280	-10405.18	-10905.98	500.8046	0.508215	0.103758	0.323565	0.0644611	1.48272	1.095022	6.609619	2.193169
23286	-10405.06	-10906.34	501.277	0.515792	0.10216	0.31858	0.0634679	1.256434	1.110222	6.199736	2.907411
23292	-10410.36	-10910.41	500.0488	0.557011	0.120183	0.260604	0.0622021	1.294542	1.098031	6.426801	4.378941
23298	-10415.1	-10914.97	499.8768	0.565769	0.0415472	0.359005	0.0336791	1.279412	0.9953781	7.053421	2.770686
23304	-10410.14	-10909.71	499.5694	0.438166	0.183624	0.252449	0.12576	1.350431	0.9772275	6.852927	3.892623
23310	-10405.82	-10906.07	500.2503	0.366629	0.371985	0.156158	0.105228	1.121823	1.029092	6.929301	2.726041
23316	-10415.92	-10918.59	502.6659	0.413346	0.362306	0.107518	0.116831	1.105057	1.075013	5.64686	2.593756
23322	-10396.95	-10898.64	501.6965	0.403062	0.353291	0.0866146	0.157033	1.135462	1.244392	5.64686	3.941092
23328	-10400.45	-10903.98	503.5283	0.413595	0.360019	0.090618	0.135768	1.209466	1.223425	5.475106	1.522363
23334	-10374.56	-10877.3	502.7437	0.357093	0.385804	0.173884	0.0832188	0.8651368	1.153919	5.890744	2.071894
23340	-10389.31	-10891.29	501.975	0.405955	0.284462	0.214978	0.0946058	1.06814	1.140324	5.980882	2.672679
23346	-10389.83	-10890.44	500.61	0.419954	0.26997	0.234387	0.0756887	1.10171	1.055452	6.749936	2.672679
23352	-10386.91	-10887.41	500.5045	0.48469	0.233789	0.213983	0.0675376	1.228742	1.114358	6.474458	3.402835
23358	-10395.51	-10897.85	502.3363	0.55097	0.188064	0.11134	0.149626	1.449579	1.196353	5.645507	2.432594
23364	-10383.13	-10882.48	499.3506	0.579639	0.197849	0.0915053	0.131007	1.344837	1.115673	6.718818	4.583388
23370	-10397.96	-10897.97	500.0163	0.58414	0.121363	0.162473	0.132024	1.465362	1.246548	6.28063	4.38047
23376	-10395.45	-10893.93	498.4762	0.609144	0.126558	0.126623	0.137675	1.428874	1.081445	7.315026	4.011735
23382	-10401.61	-10899.69	498.0787	0.559244	0.120132	0.183923	0.136702	1.408529	1.018019	7.315026	5.045116
23388	-10399.94	-10900.04	500.1025	0.565743	0.109906	0.186061	0.13829	1.457645	1.16743	6.343466	4.139194
23394	-10392.98	-10892.92	499.9405	0.581565	0.10312	0.164548	0.150767	1.577347	1.168647	6.233681	4.692345
23304	-10400.59	-10901.88	501.2936	0.476751	0.0670287	0.337219	0.119001	1.233109	1.055238	6.468419	2.244077
23310	-10404	-10905.55	501.5501	0.476882	0.0817369	0.337312	0.104069	1.112903	1.050164	6.287241	2.532255
23316	-10405.27	-10908.47	503.2022	0.430169	0.255776	0.252882	0.0611738	1.03291	1.258963	5.38429	2.337361
23322	-10407	-10909.13	502.1335	0.461515	0.251709	0.24697	0.0398061	1.335312	1.246331	5.922411	2.076177
23328	-10403.97	-10906.53	502.5585	0.461338	0.251612	0.235299	0.0517503	1.166724	1.179831	5.922411	1.811419
23334	-10416.13	-10918.67	502.537	0.463521	0.24807	0.236413	0.0519953	1.131092	1.174358	5.922411	1.889608
23340	-10396.33	-10897.28	500.9573	0.432915	0.262223	0.249901	0.0549616	1.20914	1.086416	6.732004	2.024229
23346	-10400.56	-10900.25	499.6928	0.423074	0.32845	0.146905	0.101571	1.359907	1.015092	7.286538	2.254916
23352	-10405.28	-10907.82	502.538	0.373801	0.406662	0.129796	0.0897413	0.9904134	1.163407	5.929509	2.068686
23358	-10386.79	-10889.25	502.4659	0.371621	0.385121	0.169987	0.0732705	1.173678	1.194186	5.929509	1.886484
23364	-10403.36	-10905.35	501.9883	0.478371	0.208493	0.218817	0.0943179	1.098915	1.14883	6.131717	2.18723
23370	-10399.05	-10900.43	501.3786	0.437493	0.276129	0.200119	0.0862583	1.114116	1.095759	6.370647	2.488837
23376	-10400.26	-10902.49	502.2278	0.417253	0.263354	0.190861	0.128533	1.358766	1.184614	5.965267	1.900574
23382	-10406.35	-10908.56	502.2122	0.3289	0.473333	0.0571246	0.140642	1.358766	1.200294	5.965267	1.900574
23388	-10410.34	-10913.43	503.0918	0.41104	0.420673	0.0243109	0.143976	1.062071	1.216942	5.627542	1.900574
23394	-10422.9	-10926.11	503.2124	0.332248	0.478361	0.0502522	0.13914	1.162005	1.216942	5.508128	1.900574
23400	-10407.87	-10909.2	501.3315	0.333171	0.502384	0.018318	0.146127	1.0904	1.098448	6.635438	1.900574
23406	-10423.72	-10922.88	499.1607	0.350444	0.473076	0.0172494	0.15923	1.317361	1.081542	7.187941	3.353291
23412	-10411.36	-10910.6	499.2444	0.460122	0.324973	0.0117315	0.203173	1.514642	1.00977	7.304598	2.678218
23418	-10414.79	-10913.94	499.1563	0.475169	0.314685	0.0213918	0.188754	1.940092	1.039751	7.039988	3.011927
23424	-10394.21	-10895.22	501.0114	0.521666	0.20196	0.069151	0.207224	1.42716	1.219746	6.023765	3.469646
23430	-10390.26	-10890.35	500.0964	0.438856	0.326053	0.066145	0.168945	1.479716	1.084709	6.764736	2.847037
23436	-10392.19	-10893.86	501.6715	0.460389	0.28277	0.110324	0.146518	1.364361	1.104927	6.127634	2.358475
23442	-10379.06	-10880.2	501.1448	0.401127	0.421106	0.0501087	0.127658	1.359926	1.13981	6.39705	2.358475
23448	-10376.65	-10878.35	501.7082	0.447499	0.354184	0.0559015	0.142416	1.241549	1.132622	6.077888	2.565914
23454	-10379.13	-10881.3	502.166	0.445296	0.35244	0.0604028	0.141861	1.154389	1.198049	5.903312	2.385158
23460	-10396.93	-10898.44	501.5159	0.443095	0.350697	0.0650488	0.141159	1.390476	1.093126	6.168528	2.459772
23466	-10396.21	-10896.86	500.6487	0.435495	0.344683	0.081084	0.138738	1.183257	1.063752	6.554868	3.055222
23472	-10401.24	-10902.8	501.5635	0.460167	0.355286	0.107526	0.0770202	1.205467	1.164366	6.121743	2.667999
23478	-10405.42	-10909.2	503.7846	0.338296	0.426045	0.103796	0.131864	1.08583	1.20313	5.506208	1.325015
23484	-10417.61	-10919.09	501.4814	0.522582	0.220684	0.148325	0.108409	1.511312	1.135172	6.094835	2.492835
23490	-10413.46	-10913.86	500.3991	0.522582	0.220684	0.148325	0.108409	1.375311	1.135172	6.212693	4.240247
23496	-10411.9	-10914.05	502.1488	0.475779	0.29048	0.13504	0.0987	1.110436	1.153346	6.051471	2.147217
23502	-10398.89	-10900.23	501.3396	0.289778	0.472876	0.169147	0.0681997	0.7772568	1.119106	6.728212	2.056498
23508	-10411.02	-10912.84	501.8204	0.275294	0.557823	0.123415	0.0434681	0.8153015	1.132884	6.81871	1.213746
23514	-10414.23	-10917.2	502.9698	0.358503	0.440687	0.115939	0.0848703	1.015338	1.148978	6.02334	1.318425
23520	-10422.63	-10924.19	501.563	0.48178	0.301546	0.1586	0.0580736	1.083919	1.139777	6.02334	3.19857
23526	-10432.21	-10934.02	501.8117	0.474858	0.280776	0.156321	0.0880446	1.083919	1.02668	6.243393	2.340872
23532	-10414.36	-10916.2	501.8406	0.516841	0.208189	0.182177	0.0927928	1.129076	1.114806	5.878492	3.144858
23538	-10403.89	-10905.79	501.8938	0.414356	0.31741	0.192979	0.0752546	1.04658	1.101595	6.365603	1.869201
23544	-10409.06	-10911.49	502.4319	0.416635	0.360604	0.147093	0.0756684	1.209414	1.130424	6.059502	1.667828
23550	-10386.72	-10889.02	502.3054	0.511797	0.2542	0.170939	0.0630639	1.144636	1.151175	5.986721	2.053391
23556	-10399.35	-10900.99	501.6395	0.488726	0.182414	0.268638	0.0602211	1.144636	1.108982	6.245573	2.380389
23562	-10393.95	-10894.98	501.0316	0.428316	0.300802	0.237976	0.0329063	1.174414	1.108982	6.362094	2.948147
23568	-10401.11	-10901.78	500.6745	0.391888	0.299248	0.276976	0.0318877	0.9060274	1.076981	6.77553	2.770395
23574	-10406.27	-10907.27	500.9998	0.31941	0.397348	0.208068	0.0751743	1.154387	1.108905	6.804852	1.830993
23580	-10411.79	-10912	500.2139	0.352831	0.393189	0.159951	0.0940288	1.048949	1.030917	7.220173	2.087713
23586	-10425.6	-10927.52	501.9192	0.386204	0.353234	0.176088	0.0844738	0.9828046	1.150356	6.350639	1.891073
23592	-10410.72	-10912.4	501.6805	0.351708	0.366235	0.205129	0.0769284	0.9594739	1.172725	6.350639	2.214561
23598	-10421.1	-10923.66	502.5656	0.43991	0.290266	0.225394	0.0444304	1.090172	1.150704	6.156321	1.412684
23604	-10419.2	-10919.97	500.7666	0.447577	0.329985	0.168412	0.0540265	1.17988	1.072582	6.697993	2.440453
23610	-10411.32	-10912.1	500.7855	0.450338	0.33202	0.0921002	0.125541	1.550474	1.074448	6.697993	1.946608
23616	-10400.18	-10901.65	501.4723	0.423554	0.308852	0.164893	0.102701	1.072534	1.025509	6.666888	1.762345
23622	-10413.17	-10915.45	502.277	0.405651	0.423752	0.0451132	0.125484	1.239273	1.134567	6.194351	1.518987
23628	-10404.79	-10907.07	502.2838	0.367784	0.39368	0.138646	0.0998904	1.239273	1.159842	6.088397	1.713973
23634	-10416.53	-10916.43	499.8919	0.400834	0.31747	0.163732	0.117964	1.120608	1.029988	7.188706	2.53533
23640	-10392	-10891.57	499.5737	0.512032	0.219497	0.118256	0.150215	1.336211	1.014713	7.188706	2.739361
23646	-10413.21	-10914.07	500.8558	0.509424	0.200933	0.179908	0.109734	1.336211	1.116471	6.426906	2.783462
23652	-10401.49	-10901.46	499.9722	0.551925	0.170441	0.158744	0.118889	1.53827	1.193188	6.104135	5.184151
23658	-10385.91	-10886.04	500.1251	0.592521	0.182978	0.112532	0.111969	1.38643	1.199761	6.408233	3.915815
23664	-10389.98	-10889.39	499.4099	0.592923	0.113902	0.112609	0.180565	1.902249	1.206067	6.221878	5.274706
23670	-10413.67	-10914.58	500.9037	0.571504	0.163924	0.162062	0.10251	1.538603	1.176681	6.215456	2.951787
23676	-10392.03	-10892.71	500.6778	0.549471	0.282362	0.0622556	0.105911	1.590176	1.213855	6.232664	3.142924
23682	-10390.39	-10891.4	501.0042	0.516902	0.187636	0.0929378	0.202525	1.468786	1.172419	6.164055	3.04934
23688	-10404.99	-10906.44	501.4536	0.516902	0.187636	0.0929378	0.202525	1.428555	1.115715	6.063315	2.766545
23694	-10395.66	-10897.21	501.5486	0.545635	0.142479	0.0981039	0.213782	1.428555	1.207655	6.148137	2.251308
23700	-10385.95	-10887.46	501.5154	0.545635	0.142479	0.0981039	0.213782	1.769088	1.174106	5.640114	3.39044
23706	-10395.44	-10897.56	502.119	0.514147	0.163997	0.248747	0.0731092	1.550894	1.189066	5.767812	2.307234
23712	-10387.76	-10890.51	502.7468	0.436243	0.298967	0.179692	0.085098	1.320929	1.14587	5.757985	1.814894
23718	-10392.83	-10895	502.1717	0.475107	0.226208	0.211022	0.0876628	1.325683	1.224714	6.150469	1.538006
23724	-10397.21	-10899.63	502.4192	0.468761	0.282568	0.139166	0.109504	1.355662	1.259202	5.730704	2.122036
23730	-10392.54	-10894.59	502.0447	0.384248	0.376232	0.128354	0.111166	1.173558	1.187297	5.926041	2.492073
23736	-10380.97	-10881.14	500.1677	0.404387	0.395951	0.0512352	0.148427	1.169962	1.131395	6.866993	2.805298
23742	-10411.24	-10911.31	500.067	0.510723	0.237113	0.0647077	0.187457	1.813888	1.091659	6.866993	2.180041
23748	-10426.34	-10927.03	500.6871	0.555623	0.219112	0.0578051	0.16746	1.764388	1.115036	6.540576	2.180041
23754	-10410.14	-10913.65	503.5062	0.387055	0.279917	0.250236	0.082791	0.9989643	1.14095	5.570229	1.684559
23760	-10414.65	-10916.11	501.4618	0.471771	0.292104	0.149729	0.0863955	1.143921	1.112952	6.39141	2.244985
23766	-10407.88	-10911.11	503.224	0.449928	0.27858	0.154194	0.117297	1.213763	1.263373	5.306002	2.253065
23772	-10396.77	-10899.25	502.484	0.471185	0.302343	0.114982	0.11149	1.116626	1.223264	5.73107	2.396866
23778	-10403.44	-10905.29	501.8529	0.454663	0.301267	0.11095	0.13312	1.01953	1.239883	5.73107	3.572837
23784	-10404.02	-10905.07	501.0437	0.454663	0.301267	0.11095	0.13312	1.547853	1.185483	5.866156	3.81979
23790	-10404.67	-10905.89	501.228	0.467365	0.266522	0.129274	0.136839	1.364501	1.194668	5.906924	3.614366
23796	-10408.54	-10910.04	501.4916	0.447584	0.293938	0.122418	0.13606	1.27666	1.106444	6.335859	2.180708
23802	-10414.97	-10917.18	502.2161	0.344486	0.344305	0.191177	0.120033	1.027239	1.119029	6.404463	1.397216
23808	-10400.92	-10903.66	502.736	0.352925	0.374118	0.19586	0.0770963	0.9853206	1.149768	6.184957	1.281567
23814	-10401.93	-10903.43	501.4988	0.373066	0.395468	0.149971	0.0814959	1.460475	1.112856	6.152141	2.409088
23820	-10395.33	-10895.73	500.4002	0.361803	0.413719	0.145443	0.0790355	1.070624	1.103517	6.749645	2.983123
23826	-10391.55	-10892.6	501.0486	0.369316	0.42231	0.0974606	0.110914	1.251936	1.109562	6.34558	2.849976
23832	-10410.08	-10912.46	502.3814	0.435003	0.349298	0.100886	0.114813	1.146575	1.240897	5.605484	2.836107
23838	-10402.29	-10904.35	502.053	0.394591	0.33946	0.0980449	0.167904	1.3948	1.165902	5.847277	2.42325
23844	-10407.3	-10909.88	502.579	0.378069	0.325246	0.115228	0.181457	1.175614	1.116579	6.008277	1.658863
23850	-10424.95	-10926.81	501.8665	0.30284	0.523589	0.0799711	0.0936002	1.078331	1.116579	6.477725	1.589929
23856	-10421.41	-10923.47	502.0552	0.375668	0.406043	0.10218	0.116109	0.9388485	1.171792	6.100598	2.367664
23862	-10408.44	-10910.29	501.8486	0.322343	0.4204	0.165848	0.0914087	0.8723151	1.171792	6.119791	2.731467
23868	-10384.97	-10886.5	501.5391	0.350183	0.428901	0.133521	0.0873955	1.001074	1.090234	6.513039	2.052772
23874	-10415.22	-10916.11	500.8896	0.357243	0.437549	0.136213	0.0689945	0.9427061	1.034998	6.810196	2.352139
23880	-10404.3	-10902.95	498.6489	0.337881	0.413833	0.128831	0.119455	1.153372	1.034998	7.924211	2.289309
23886	-10386.88	-10887.54	500.6612	0.338509	0.414603	0.127211	0.119677	1.085726	1.055383	7.053481	1.827279
23892	-10396.61	-10899.05	502.446	0.327486	0.482832	0.137896	0.0517857	0.9923584	1.140015	6.161106	1.668594
23898	-10411.92	-10913.54	501.6215	0.317611	0.424877	0.221671	0.0358411	0.8868067	1.066977	6.343765	2.583593
23904	-10396.82	-10898.66	501.8421	0.356653	0.349557	0.24892	0.0448703	0.8821529	1.110558	6.658416	1.465658
23910	-10398.48	-10900.78	502.3035	0.379798	0.372242	0.182087	0.0658732	1.111473	1.110558	6.284107	1.465658
23916	-10388.49	-10891.02	502.5373	0.364489	0.357237	0.196058	0.0822165	1.069776	1.087489	6.442795	0.9727628
23922	-10379.39	-10881.62	502.2379	0.34646	0.48668	0.108564	0.0582953	1.148738	1.169396	6.442795	1.115509
23928	-10388.68	-10890.8	502.1208	0.309884	0.443959	0.18194	0.064218	0.8686643	1.145693	6.487183	1.484732
23934	-10387.61	-10889.11	501.4984	0.434216	0.363974	0.149161	0.0526484	1.059618	1.031798	6.706385	1.648277
23940	-10383.07	-10883.12	500.0505	0.3994	0.33479	0.1829	0.0829105	0.9476866	1.031798	7.483054	1.791418
23946	-10377.88	-10880.56	502.6836	0.384574	0.322362	0.213231	0.0798329	0.9695232	1.072069	6.01005	1.831074
23952	-10393.65	-10895.97	502.3155	0.410974	0.344492	0.159222	0.0853131	1.235927	1.191545	5.937811	1.990206
23958	-10380.05	-10882.75	502.7015	0.391998	0.392475	0.141354	0.0741727	1.05688	1.271352	5.937811	1.618702
23964	-10404.52	-10907.11	502.591	0.304418	0.468555	0.168756	0.0582713	0.7705627	1.089924	6.359682	1.397172
23970	-10403.19	-10904.97	501.7837	0.324146	0.436664	0.169463	0.0697275	0.8913096	1.123812	6.423141	2.051404
23976	-10405.68	-10908.83	503.1514	0.324146	0.436664	0.169463	0.0697275	0.9583794	1.163718	5.77886	1.675231
23982	-10403.22	-10906.31	503.0946	0.323471	0.375113	0.194632	0.106784	0.9023052	1.163718	6.012265	1.312953
23988	-10411.07	-10914.35	503.2799	0.283597	0.428755	0.165594	0.122054	0.957905	1.113994	6.012265	1.108533
23994	-10407.54	-10910.84	503.3053	0.289007	0.436934	0.149676	0.124383	0.8527692	1.172922	5.781694	1.602858
24000	-10403.03	-10907.53	504.4919	0.311357	0.470725	0.0839166	0.134002	1.260145	1.240527	5.122377	1.096316
24006	-10392.57	-10895.95	503.3793	0.311357	0.470725	0.0839166	0.134002	0.9840137	1.238888	5.757366	1.338987
24012	-10406.76	-10908.43	501.6636	0.335071	0.419197	0.0903079	0.155424	1.104345	1.172758	6.594099	1.480279
24018	-10406.49	-10907.92	501.4307	0.278213	0.52679	0.0749836	0.120014	1.039061	1.153929	6.413222	2.319307
24024	-10396	-10897.35	501.3503	0.301967	0.504919	0.0813858	0.111728	0.8827464	1.083999	6.758362	1.870266
24030	-10399.33	-10900.35	501.0268	0.310999	0.490111	0.08382	0.11507	1.089387	1.05734	7.254709	0.989005
24036	-10400.98	-10902.17	501.1849	0.314348	0.487729	0.0834125	0.114511	1.009568	0.9880053	7.207754	1.067028
24042	-10393.6	-10895.36	501.7566	0.317442	0.522373	0.0759875	0.0841977	1.203694	1.140076	6.615466	1.262956
24048	-10400.47	-10902.58	502.1072	0.305151	0.571703	0.0452109	0.0779355	1.203694	1.150151	6.475444	1.154529
24054	-10389.1	-10891.02	501.9281	0.315033	0.477218	0.142694	0.0650551	0.9698504	1.147205	6.486989	1.588063
24060	-10391.65	-10894.14	502.4958	0.320064	0.465446	0.139174	0.0753159	0.9630428	1.153127	6.248075	1.440814
24066	-10405.76	-10906.37	500.6087	0.395103	0.316644	0.218129	0.0701237	1.118131	1.106417	6.980399	1.964317
24072	-10397.89	-10897.75	499.8635	0.581531	0.094161	0.240852	0.0834559	1.492505	1.017678	6.980399	2.670457
24078	-10397.95	-10898.17	500.2187	0.498883	0.181309	0.251911	0.0678971	1.152417	1.110617	6.905646	2.670457
24084	-10395.42	-10894.17	498.7506	0.433614	0.254831	0.218953	0.0926022	1.255299	1.005911	7.710093	2.634988
24090	-10395.79	-10897.15	501.3667	0.482939	0.202383	0.24639	0.068288	1.122437	1.108272	6.68922	1.679602
24096	-10380.86	-10882.29	501.4338	0.452075	0.253248	0.230644	0.0640329	1.200615	1.194543	6.565925	1.679602
24102	-10389.73	-10890.51	500.7795	0.400417	0.319577	0.204289	0.0757176	1.074152	1.112525	6.999114	1.747889
24108	-10390.11	-10891.62	501.5098	0.369267	0.4182	0.149001	0.063531	0.9753113	1.110023	6.800547	1.436853
24114	-10377.25	-10879.2	501.9495	0.350415	0.39685	0.192447	0.0602876	1.04629	1.110023	6.524597	1.436853
24120	-10378.86	-10880.41	501.55	0.346093	0.391955	0.190073	0.0718791	1.115688	1.109206	6.524597	1.837608
24126	-10399.17	-10900.21	501.0379	0.329403	0.403185	0.180908	0.0865043	0.8978579	1.137004	6.623222	2.562845
24132	-10406.15	-10907.82	501.6769	0.348068	0.426031	0.134495	0.0914059	1.030916	1.092845	6.623222	1.579465
24138	-10395.67	-10897.43	501.7541	0.373399	0.425219	0.11015	0.0912318	1.030916	1.092845	6.623222	1.489164
24144	-10406.75	-10908.31	501.5602	0.278026	0.53304	0.103342	0.0855926	0.9598092	1.216778	6.623222	1.656217
24150	-10404.91	-10906.61	501.6937	0.332093	0.462818	0.123438	0.0816507	0.9598092	1.080056	6.624974	1.656217
24156	-10429.85	-10931.55	501.698	0.320256	0.446321	0.119039	0.114384	0.9694823	0.9884492	6.697345	1.588513
24162	-10412.07	-10912.79	500.7181	0.297151	0.461797	0.147678	0.0933739	0.9694823	0.9676202	7.111561	1.876206
24168	-10395.56	-10896.53	500.9685	0.290344	0.510914	0.144295	0.0544465	0.8928654	1.046394	7.195822	1.385846
24174	-10405.41	-10905.36	499.9467	0.259583	0.478372	0.179854	0.0821905	0.9763747	1.046394	7.174982	2.684022
24180	-10401.85	-10902.95	501.1011	0.385662	0.380678	0.112017	0.121644	1.074178	1.025516	6.722155	2.11215
24186	-10408.52	-10909.5	500.9767	0.399761	0.358036	0.116112	0.126091	1.403534	1.025516	6.677718	1.976769
24192	-10403.82	-10905.33	501.5102	0.496113	0.162279	0.163152	0.178456	1.500146	1.087476	6.309369	1.976769
24198	-10418.34	-10919.47	501.1212	0.389023	0.380307	0.0907358	0.139935	1.209269	1.121159	6.413288	2.583522
24204	-10409.58	-10909.67	500.0831	0.390496	0.341405	0.168583	0.0995162	1.209269	1.046297	6.9201	2.860169
24210	-10397.69	-10898.99	501.3013	0.397521	0.343757	0.157416	0.101306	1.209269	1.119396	6.470396	2.169549
24216	-10401.27	-10902.78	501.5057	0.490495	0.25732	0.153438	0.0987467	1.444334	1.210165	6.307904	1.889096
24222	-10398.46	-10900.52	502.0612	0.467507	0.246742	0.146247	0.139504	1.651089	1.177037	5.927697	1.889096
24228	-10396.88	-10898.35	501.4679	0.448619	0.300786	0.0805356	0.170059	1.467629	1.185934	6.115921	2.435945
24234	-10403.97	-10905.07	501.094	0.479968	0.260999	0.0770898	0.181943	1.221367	1.108049	6.447073	2.532728
24240	-10414.63	-10914.36	499.7266	0.52257	0.223239	0.0560997	0.198092	1.52547	1.104902	6.792313	3.285155
24246	-10416.62	-10917.28	500.6597	0.568801	0.242988	0.0503884	0.137822	1.596906	1.130556	6.483398	2.550593
24252	-10401.52	-10901.44	499.9205	0.504378	0.215468	0.107467	0.172687	1.463284	1.069864	6.807768	3.054273
24258	-10397.57	-10897.19	499.6246	0.468994	0.283538	0.0868952	0.160572	1.185415	1.12926	6.975952	3.362283
24264	-10390.45	-10891.18	500.7353	0.387645	0.375443	0.067976	0.168936	1.01341	1.094547	6.718448	2.642744
24270	-10407.96	-10908.8	500.8392	0.410466	0.397546	0.0603498	0.131638	1.054751	1.087459	6.643978	2.642744
24276	-10406.87	-10909.06	502.1948	0.389287	0.387344	0.10729	0.116079	1.031377	1.057343	6.426667	1.440119
24282	-10420.21	-10921.42	501.2135	0.349941	0.406413	0.133218	0.110428	1.081294	1.107406	6.747627	1.786016
24288	-10417.57	-10919.91	502.3433	0.365528	0.424516	0.0946095	0.115346	1.121264	1.102858	6.198629	1.601037
24294	-10404.29	-10906.47	502.1838	0.294229	0.543628	0.0375443	0.124598	1.075205	1.108734	6.219162	1.798273
24300	-10397.05	-10899.57	502.5242	0.31428	0.528184	0.0364777	0.121058	0.7796916	1.082718	6.399334	1.387415
24306	-10406.64	-10909.13	502.491	0.254142	0.427115	0.249548	0.0691942	0.9418413	1.183667	6.328207	1.272252
24312	-10411.42	-10914.14	502.7181	0.209271	0.52233	0.197302	0.0710972	0.5429614	1.151669	6.53353	1.106523
24318	-10404.07	-10906.58	502.508	0.244937	0.519506	0.189151	0.0464066	0.8262852	1.078608	6.392835	1.36892
24324	-10402.09	-10905.32	503.2353	0.248091	0.575429	0.126184	0.0502968	0.811388	1.113973	5.864584	1.627403
24330	-10398.46	-10901.19	502.7305	0.220663	0.530517	0.177543	0.0712768	0.9309856	1.165929	6.219464	1.260788
24336	-10400.66	-10903.13	502.4679	0.309919	0.382331	0.267802	0.0399482	0.8326064	1.065742	6.656237	0.9107583
24342	-10397.79	-10900.38	502.5873	0.362565	0.422275	0.152594	0.0625664	1.00954	1.178265	5.878578	2.08219
24348	-10400.99	-10903.91	502.9245	0.359863	0.465279	0.112758	0.0621001	1.005422	1.177822	6.071766	1.250453
24354	-10407.97	-10911.06	503.0914	0.319602	0.480681	0.168763	0.030954	0.8602809	1.167926	6.071766	1.240418
24360	-10399.48	-10902.44	502.9599	0.248863	0.467423	0.194487	0.0892274	0.780767	1.169906	6.187457	1.240418
24366	-10399.51	-10902.16	502.653	0.310092	0.440738	0.183384	0.0657871	0.9658374	1.137326	6.202237	1.373231
24372	-10399.55	-10900.4	500.8431	0.494329	0.260562	0.137371	0.107738	1.316511	1.111949	6.32226	3.162016
24378	-10393.54	-10895.59	502.0511	0.575103	0.125359	0.174194	0.125343	1.483445	1.155755	5.861826	2.288825
24384	-10391.19	-10891.75	500.5571	0.588965	0.104277	0.178393	0.128364	2.053042	1.142277	5.882092	4.016625
24390	-10396.55	-10897.09	500.5357	0.607779	0.0976672	0.184092	0.110462	1.391329	1.128032	6.230992	3.882957
24396	-10428.28	-10927.95	499.6769	0.472135	0.236181	0.188837	0.102847	1.391329	1.085702	6.365214	5.304798
24402	-10400.61	-10901.39	500.7766	0.487808	0.258402	0.148608	0.105182	1.391329	1.122332	6.025677	4.167197
24408	-10412.16	-10913.6	501.4381	0.544227	0.177959	0.200287	0.0775266	1.31294	1.10835	6.025677	3.088337
24414	-10410.87	-10912.13	501.2578	0.545784	0.17423	0.150985	0.129001	1.539271	1.103399	5.812237	3.769399
24420	-10392.28	-10894.17	501.896	0.442571	0.364968	0.0644668	0.127994	1.348204	1.096266	6.121652	2.090459
24426	-10395.69	-10897.2	501.5036	0.432416	0.34489	0.0432309	0.179463	1.395059	1.044007	6.382324	1.987025
24432	-10410.23	-10911.44	501.2109	0.35516	0.42485	0.0326622	0.187328	1.251499	1.097042	6.500783	2.193537
24438	-10408.58	-10909.8	501.2226	0.483004	0.289964	0.0361162	0.190915	1.80661	1.097042	6.115497	2.516217
24444	-10402.34	-10904.1	501.7627	0.517604	0.269467	0.014852	0.198077	1.467105	1.162654	5.938841	2.516217
24450	-10410.42	-10911.34	500.9228	0.522598	0.272067	0.0181178	0.187217	1.338862	1.065934	6.345423	2.998121
24456	-10432.68	-10932.44	499.7568	0.533855	0.277927	0.00749367	0.180724	1.581393	1.10827	6.345423	4.76991
24462	-10420.34	-10921.43	501.0872	0.529257	0.261908	0.00706175	0.201773	1.495208	1.153217	6.350366	2.374405
24468	-10425.68	-10927.31	501.6281	0.471628	0.380619	0.0111108	0.136641	1.458534	1.113937	6.024764	2.566626
24474	-10395.35	-10896.01	500.6662	0.383189	0.295786	0.189615	0.13141	1.340369	1.154813	7.019736	1.4866
24480	-10393.63	-10894.31	500.6844	0.448162	0.197556	0.207863	0.146419	1.340369	1.137901	6.407125	3.084483
24486	-10405.48	-10905.47	499.9905	0.490511	0.259299	0.0580092	0.19218	1.52488	1.126392	6.701091	3.084483
24492	-10415.72	-10915.56	499.844	0.61202	0.160522	0.0498014	0.177657	1.723729	1.062363	6.72544	3.084483
24498	-10416.7	-10916.42	499.7207	0.558552	0.190279	0.0766912	0.174478	1.397076	1.107485	6.971151	2.916743
24504	-10404.32	-10904.07	499.7542	0.543998	0.210825	0.0518592	0.193318	2.103035	1.058963	6.470512	3.568948
24510	-10380.77	-10880.6	499.8262	0.602134	0.118919	0.0649695	0.213977	1.63098	1.120223	6.617395	3.501007
24516	-10395.22	-10895.64	500.4235	0.586572	0.142747	0.0622339	0.208447	1.654345	1.120223	6.255874	3.593928
24522	-10385.45	-10886.61	501.1639	0.432107	0.368492	0.0458455	0.153556	1.18083	1.254316	6.200451	2.971031
24528	-10400.94	-10903.42	502.4795	0.578755	0.216447	0.03717	0.167628	1.378392	1.338218	4.931275	4.335541
24534	-10406.11	-10907.93	501.8283	0.579912	0.218832	0.0317811	0.169475	1.44058	1.227274	5.86832	2.549561
24540	-10404.48	-10906.13	501.6502	0.425294	0.257864	0.136623	0.18022	1.513396	1.165891	5.86832	2.825526
24546	-10394.59	-10893.68	499.0919	0.525239	0.162571	0.0896185	0.222572	1.513396	1.075672	6.869816	4.306788
24552	-10413.27	-10911.61	498.3421	0.599844	0.109326	0.137236	0.153593	1.942422	1.042604	6.899231	5.154017
24558	-10405.87	-10905.62	499.7498	0.605103	0.143565	0.0963926	0.15494	1.593699	1.099044	6.632835	3.687764
24564	-10405.42	-10905.62	500.1971	0.453672	0.282352	0.0731237	0.190853	1.412401	1.093173	6.538925	3.479928
24570	-10404.32	-10905.88	501.5653	0.494408	0.233109	0.0496971	0.222786	1.395753	1.160886	5.957779	2.872334
24576	-10394.64	-10895.23	500.5857	0.563751	0.149675	0.190003	0.0965712	1.521504	1.095247	6.282423	3.456789
24582	-10401.52	-10902.91	501.3962	0.48814	0.151158	0.295459	0.065243	1.574324	1.119343	6.347627	1.909023
24588	-10400.31	-10901.39	501.0721	0.589627	0.0387775	0.303473	0.0681219	1.574324	1.126253	6.287223	2.509123
24594	-10387.45	-10888.01	500.5613	0.596615	0.0392371	0.30707	0.0570781	1.392713	1.009213	6.771377	2.348134
24600	-10384.77	-10884.75	499.9723	0.557203	0.0366451	0.302324	0.103827	1.376679	0.9809374	7.151077	2.243254
24606	-10391.65	-10891.14	499.4902	0.565566	0.0221872	0.306862	0.105385	1.593543	1.113239	6.931216	3.133579
24612	-10386.31	-10886.42	500.1079	0.570076	0.0223642	0.299877	0.107682	1.409188	1.113239	6.683684	3.133579
24618	-10378.65	-10879.15	500.5014	0.591631	0.0496062	0.219744	0.139019	1.604599	1.143058	6.363345	3.133579
24624	-10406.15	-10907.06	500.9071	0.587235	0.0882985	0.218111	0.106355	1.470917	1.115948	6.215316	3.147243
24630	-10406.85	-10907.85	501.0004	0.604102	0.123871	0.145266	0.126762	1.525294	1.156613	6.116882	3.147243
24636	-10417.02	-10916.64	499.6184	0.530052	0.227838	0.111895	0.130215	1.666338	1.082579	6.506956	4.326713
24642	-10434.86	-10934.49	499.6327	0.557148	0.188365	0.117615	0.136872	1.528341	1.112174	6.673029	3.8511
24648	-10412.76	-10912.72	499.9577	0.557148	0.188365	0.117615	0.136872	1.406493	1.129948	6.748822	3.15976
24654	-10434.17	-10935.18	501.0172	0.543965	0.183908	0.138493	0.133633	1.179729	1.183989	6.012597	3.997924
24660	-10421	-10920.89	499.8964	0.589725	0.0900769	0.150143	0.170055	1.653805	1.124971	6.79448	2.778489
24666	-10420.15	-10919.63	499.4802	0.567307	0.144857	0.162796	0.12504	1.310521	1.121199	6.888008	3.730925
24672	-10423.38	-10923.52	500.1404	0.446579	0.185274	0.208219	0.159928	1.161694	1.031765	7.08879	2.380736
24678	-10419.1	-10919.14	500.0348	0.412535	0.18938	0.334301	0.0637843	0.9462901	1.03937	7.480465	1.809547
24684	-10411.35	-10913.26	501.9024	0.488031	0.244072	0.143166	0.124732	1.362526	1.107397	6.206694	1.844018
24690	-10409.62	-10911.66	502.0406	0.362317	0.407369	0.123081	0.107233	1.262015	1.146549	6.206694	1.736249
24696	-10411.09	-10913.18	502.0864	0.379309	0.426475	0.0819535	0.112262	1.347394	1.140688	5.976497	2.134657
24702	-10411.18	-10911.99	500.8122	0.375882	0.422621	0.0902483	0.111248	1.235433	1.163404	6.603678	2.41928
24708	-10396.21	-10897.89	501.6846	0.386858	0.434963	0.0636823	0.114497	1.256685	1.04461	6.594992	1.435577
24714	-10389.92	-10891.36	501.4397	0.349139	0.392554	0.0901588	0.168148	1.256685	1.140553	6.697051	1.390595
24720	-10408.42	-10909.58	501.1558	0.378442	0.4255	0.0977257	0.0983328	1.01928	1.215925	6.405616	2.689954
24726	-10417.78	-10920.84	503.0596	0.370436	0.469243	0.0829476	0.0773733	0.8797451	1.274304	5.729576	1.864963
24732	-10394.57	-10897.47	502.9011	0.350507	0.438088	0.106506	0.104899	1.04894	1.262081	5.729576	1.864963
24738	-10409.31	-10911.64	502.3279	0.382115	0.349229	0.170861	0.0977952	1.128668	1.118404	5.974904	2.11772
24744	-10396.17	-10896.22	500.0506	0.518296	0.181643	0.217027	0.083034	1.118815	1.089946	6.86299	3.16314
24750	-10408.21	-10909.38	501.168	0.461605	0.202589	0.210838	0.124969	1.480838	1.266604	5.981431	3.16314
24756	-10403.32	-10903.75	500.4323	0.577227	0.0962551	0.184766	0.141752	1.480838	1.167876	6.209971	3.929212
24762	-10415.98	-10916.82	500.8409	0.551241	0.18069	0.112498	0.155571	1.408902	1.056035	6.409255	2.852386
24768	-10384.14	-10885.36	501.2199	0.440953	0.240031	0.149445	0.169571	1.408902	1.115288	6.654059	1.606881
24774	-10378.05	-10879.56	501.5063	0.461257	0.251083	0.156326	0.131335	1.414772	1.0755	6.172782	2.456528
24780	-10393.88	-10894.41	500.5236	0.451329	0.269269	0.138556	0.140847	1.286618	1.14258	6.731728	2.456528
24786	-10393.44	-10894.62	501.1824	0.380632	0.341163	0.137962	0.140243	1.286618	1.079472	6.560662	2.060155
24792	-10418.06	-10919.99	501.9218	0.389981	0.355344	0.143697	0.110978	1.087562	1.161027	6.024726	2.569435
24798	-10413.46	-10914.97	501.5091	0.430133	0.394372	0.0530905	0.122404	1.121087	1.03179	6.540216	1.946632
24804	-10404.9	-10905.96	501.0672	0.432774	0.396793	0.0472778	0.123155	1.189742	1.094427	6.771255	1.80021
24810	-10407.58	-10908.16	500.5782	0.436523	0.400231	0.039023	0.124222	1.265099	1.115917	6.771255	2.337296
24816	-10398.93	-10899.3	500.3751	0.454863	0.341275	0.0536542	0.150208	1.5632	1.115917	6.771255	2.250294
24822	-10391.7	-10890.98	499.2729	0.450655	0.298918	0.110413	0.140015	1.320401	1.046059	7.18285	3.229734
24828	-10394.56	-10893.54	498.9772	0.472989	0.30372	0.106379	0.116913	1.204982	1.127459	7.469103	2.871771
24834	-10393.02	-10893.44	500.4239	0.556742	0.180428	0.125215	0.137614	1.606164	1.096834	6.335926	3.438569
24840	-10384.78	-10885.21	500.4276	0.556742	0.180428	0.125215	0.137614	1.777643	1.147938	6.335926	3.096113
24846	-10399.56	-10898.44	498.8864	0.596044	0.12807	0.131436	0.144451	1.630417	1.0586	6.862982	4.598325
24852	-10396.11	-10896.41	500.2958	0.530672	0.23885	0.104594	0.125883	1.284578	1.108142	6.312872	4.29924
24858	-10396.3	-10895.74	499.4445	0.464437	0.237645	0.183264	0.114654	1.327067	0.968275	7.252291	2.844404
24864	-10396.11	-10897.59	501.4851	0.548399	0.187712	0.162332	0.101558	1.292332	1.098593	6.189997	2.572348
24870	-10398.12	-10899.15	501.0299	0.491834	0.184485	0.176767	0.146914	1.292332	1.129231	6.624944	2.031468
24876	-10390.73	-10892.94	502.2149	0.506859	0.19012	0.182167	0.120854	1.381891	1.129231	5.699401	2.660404
24882	-10395.54	-10897.17	501.6384	0.553704	0.11527	0.199003	0.132023	1.432557	1.238309	6.071377	2.275489
24888	-10395.19	-10895.81	500.6288	0.571922	0.193714	0.145941	0.0884229	1.752481	1.155278	6.353698	2.733114
24894	-10392.03	-10892.59	500.5648	0.372548	0.413291	0.119718	0.0944431	1.168392	1.148718	6.777772	2.42398
24900	-10387.57	-10889.99	502.4209	0.334505	0.473203	0.107493	0.0847989	0.983371	1.166971	6.361994	1.253431
24906	-10393.68	-10896.02	502.3419	0.339299	0.395263	0.191972	0.073467	0.8915441	1.112006	6.361994	1.507767
24912	-10398.51	-10900.25	501.7461	0.396875	0.32977	0.169476	0.103879	1.06729	1.158242	6.233912	2.294461
24918	-10396.89	-10898.08	501.188	0.464827	0.274619	0.161539	0.0990144	1.26328	1.068018	6.484376	2.294461
24924	-10401.99	-10903.25	501.2626	0.352706	0.347526	0.174467	0.125301	1.036217	1.059808	6.45852	2.589103
24930	-10415.35	-10914.68	499.3315	0.541185	0.150872	0.21341	0.0945331	1.420096	1.009605	7.09588	3.318208
24936	-10415.04	-10917.36	502.311	0.433703	0.316754	0.172697	0.0768458	1.168196	1.146207	5.898121	2.24576
24942	-10411.87	-10914.19	502.3191	0.456639	0.280621	0.18183	0.0809098	1.205973	1.070202	5.855535	2.404511
24948	-10408.92	-10909.93	501.01	0.577203	0.222974	0.113266	0.0865567	1.700607	1.147713	6.162436	2.765374
24954	-10403.43	-10904.86	501.426	0.478471	0.250432	0.0932764	0.17782	1.578907	1.147713	5.848419	3.19871
24960	-10404.2	-10905.3	501.0943	0.484301	0.253483	0.0858509	0.176365	1.576095	1.12676	6.0986	3.022138
24966	-10404.72	-10906.17	501.4436	0.405483	0.271942	0.210498	0.112077	1.357565	1.057947	6.284278	2.348182
24972	-10395.48	-10896.89	501.4082	0.500145	0.178507	0.25964	0.0617071	1.226783	1.10501	6.521245	1.897347
24978	-10398.52	-10900.05	501.5315	0.514984	0.195199	0.22059	0.0692275	1.473033	1.186133	5.48555	4.366267
24984	-10406.73	-10909.82	503.0813	0.476891	0.321302	0.0814975	0.120309	1.37224	1.269842	5.48555	1.804376
24990	-10410.77	-10913.7	502.9262	0.411434	0.343359	0.118318	0.126889	1.138738	1.255121	5.48555	2.32689
24996	-10412.13	-10914.33	502.2066	0.43361	0.379658	0.0775644	0.109168	1.192037	1.187184	6.108323	1.785637
25002	-10419.01	-10920.89	501.8833	0.377288	0.417411	0.0852775	0.120024	1.278458	1.177804	6.108323	2.116814
25008	-10406.34	-10908.32	501.9797	0.370914	0.41036	0.10073	0.117996	1.187426	1.156942	6.11347	2.116814
25014	-10402.1	-10901.91	499.8035	0.454958	0.305744	0.123554	0.115745	1.205288	1.053973	7.140077	2.648978
25020	-10386.89	-10887.5	500.6091	0.431792	0.281833	0.176524	0.109851	1.086241	1.109966	6.828334	2.394535
25026	-10403.74	-10905.62	501.8744	0.401088	0.372228	0.143138	0.0835457	1.167914	1.179969	6.334014	1.719926
25032	-10401.6	-10904.02	502.4262	0.372788	0.345963	0.149642	0.131607	1.279957	1.281022	6.03509	1.471664
25038	-10388.97	-10891.69	502.7222	0.390598	0.425718	0.0645291	0.119154	1.031283	1.242642	6.024244	1.471664
25044	-10390.7	-10893	502.3024	0.354973	0.38689	0.154876	0.103261	1.073473	1.230573	5.96268	2.103225
25050	-10406.78	-10906.22	499.4453	0.475632	0.18197	0.300548	0.0418497	1.231024	1.030277	7.368595	2.544839
25056	-10409.6	-10911.27	501.6754	0.397665	0.259557	0.279911	0.0628676	1.231024	1.11516	6.431613	1.750077
25062	-10404.5	-10905.56	501.0618	0.47037	0.351405	0.0306484	0.147577	1.355236	1.182318	6.399288	2.417854
25068	-10414.86	-10916.04	501.1874	0.500092	0.347464	0.00952589	0.142918	1.355236	1.081497	6.385832	2.417854
25074	-10422.37	-10924.55	502.1766	0.411736	0.362061	0.0104161	0.215787	1.202383	1.230534	5.730358	2.731264
25080	-10403.74	-10903.82	500.0805	0.367167	0.331563	0.103659	0.19761	1.083572	1.03284	7.012973	2.802311
25086	-10404.03	-10905.49	501.4619	0.4681	0.282843	0.0804835	0.168573	1.282479	1.161874	6.004411	3.070627
25092	-10400.83	-10900.96	500.1265	0.498127	0.300987	0.0907046	0.110182	1.542318	1.147239	6.672259	2.887309
25098	-10401.69	-10903.36	501.6711	0.451171	0.272614	0.187159	0.0890563	1.461055	1.074326	6.111281	2.322881
25104	-10425.3	-10926.99	501.6841	0.405436	0.36077	0.170155	0.0636393	1.264261	1.115601	6.295375	2.022697
25110	-10422.26	-10923.74	501.4812	0.465841	0.234071	0.218404	0.0816845	1.438697	1.148864	5.836691	3.349594
25116	-10427.93	-10927.16	499.2295	0.465841	0.234071	0.218404	0.0816845	1.169443	1.057462	6.61636	5.84183
25122	-10413.41	-10913.94	500.5354	0.418501	0.311907	0.196209	0.0733834	1.075866	1.095991	6.686035	2.958103
25128	-10391.78	-10892.67	500.888	0.406473	0.374686	0.121663	0.0971782	1.235613	1.102699	6.780027	1.943733
25134	-10399.11	-10900.69	501.5768	0.419989	0.387146	0.0924547	0.10041	1.228898	1.190906	6.362909	1.943733
25140	-10432.19	-10933.57	501.3851	0.411523	0.297169	0.176075	0.115234	1.22552	1.044419	6.59125	1.840169
25146	-10413.87	-10914.61	500.7398	0.38877	0.283364	0.214561	0.113305	1.200146	1.134382	6.820701	2.042649
25152	-10403.7	-10904.6	500.9026	0.411995	0.376746	0.0911851	0.120074	1.359985	1.132397	6.65437	2.042649
25158	-10411.26	-10912.37	501.1134	0.509488	0.213256	0.18029	0.0969663	1.146459	1.070369	6.65437	2.109847
25164	-10393.66	-10895.1	501.4406	0.499565	0.199661	0.184364	0.116411	1.351999	1.106163	6.432497	1.917121
25170	-10397.57	-10898.51	500.9399	0.474876	0.252552	0.190554	0.0820186	1.152374	1.063032	6.504619	2.778795
25176	-10398.96	-10899.78	500.8204	0.569695	0.0689406	0.255418	0.105946	1.464145	1.058583	6.504619	2.528819
25182	-10411.48	-10912	500.522	0.488599	0.119686	0.243995	0.147719	1.179492	1.065659	6.822734	2.471513
25188	-10423.95	-10925.25	501.2948	0.485358	0.170451	0.230803	0.113387	1.127071	1.127115	6.160138	3.177581
25194	-10408.77	-10910.39	501.6206	0.471908	0.170319	0.247527	0.110245	1.356919	1.118801	6.104535	2.48559
25200	-10411.97	-10913.83	501.8581	0.404107	0.308972	0.188175	0.0987456	1.174888	1.098151	6.104535	2.4135
25206	-10418.37	-10920.11	501.7364	0.382245	0.292257	0.177995	0.147503	1.194103	1.066024	6.524406	1.569913
25212	-10425.61	-10927.42	501.81	0.306203	0.413925	0.154636	0.125237	0.9168029	1.115753	6.567762	1.653186
25218	-10424.19	-10925.8	501.6104	0.313797	0.424191	0.158471	0.10354	1.074811	1.067742	6.56874	1.760962
25224	-10428.7	-10929.73	501.0279	0.31205	0.42183	0.207491	0.0586296	0.8742519	1.056224	7.034159	1.678928
25230	-10407.32	-10908.8	501.4763	0.36812	0.397565	0.147842	0.0864731	1.090891	1.137198	6.631149	1.678928
25236	-10410.87	-10912.18	501.3105	0.341614	0.354114	0.188589	0.115683	1.090891	1.180308	6.473863	2.22107
25242	-10409.07	-10908.73	499.6634	0.468096	0.180369	0.286323	0.0652116	1.231001	1.000555	6.918959	3.642668
25248	-10406.21	-10906.76	500.5515	0.520487	0.223979	0.190084	0.0654499	1.275829	1.035791	6.876995	2.196285
25254	-10429.06	-10931.26	502.2075	0.376233	0.372864	0.180809	0.070094	1.101744	1.08645	6.250068	1.693609
25260	-10418.11	-10919.52	501.4132	0.399217	0.356972	0.114203	0.129608	1.068935	1.071163	6.591448	1.963254
25266	-10434.8	-10935.04	500.2471	0.435762	0.298108	0.124657	0.141473	1.068935	1.017358	7.21936	2.036567
25272	-10416.31	-10918.55	502.2447	0.301399	0.467794	0.119332	0.111475	0.850593	1.050917	6.51721	1.409498
25278	-10416.98	-10920.24	503.2613	0.366613	0.433799	0.0962145	0.103374	0.8982544	1.107088	5.846207	1.537645
25284	-10410.57	-10912.13	501.5629	0.314077	0.371635	0.186337	0.127952	0.9044216	1.002327	6.66923	1.885399
25290	-10414.53	-10917.53	503.0002	0.320569	0.462656	0.184536	0.0322394	0.9044216	1.116699	6.003301	1.488245
25296	-10426.92	-10930.33	503.4073	0.368089	0.425598	0.0886132	0.117699	0.8841875	1.168424	5.765381	1.485138
25302	-10416.24	-10916.62	500.3759	0.413341	0.390496	0.0813045	0.114859	1.21037	1.060424	6.845536	2.592404
25308	-10424.18	-10925.37	501.1825	0.549563	0.189625	0.1081	0.152713	1.55142	1.070631	5.958117	3.452851
25314	-10434.94	-10934.58	499.6416	0.551287	0.187082	0.108439	0.153192	1.402969	1.050121	6.703185	4.062388
25320	-10416.04	-10916.07	500.0226	0.56998	0.193426	0.0782086	0.158386	1.455946	1.090947	6.77644	2.956154
25326	-10406.59	-10906.51	499.9149	0.524655	0.257564	0.0719895	0.145791	1.556899	1.098708	6.77644	2.977784
25332	-10410.36	-10910.47	500.1097	0.401179	0.196947	0.290394	0.11148	1.188993	1.005689	6.98873	2.709552
25338	-10394.93	-10896.52	501.591	0.451846	0.256627	0.165969	0.125559	1.188993	1.101262	6.325109	2.191108
25344	-10379.35	-10880.19	500.8412	0.414395	0.285968	0.203992	0.0956451	1.360413	1.13028	6.629973	2.191108
25350	-10396.26	-10897.1	500.8318	0.419008	0.289151	0.206263	0.0855776	1.190611	1.131278	6.629973	2.428286
25356	-10393.46	-10896.05	502.5949	0.4695	0.233516	0.205147	0.0918369	1.190611	1.217439	5.622973	2.428286
25362	-10402.49	-10903.65	501.1634	0.470577	0.23621	0.168903	0.124309	1.300469	1.084452	6.343983	2.641592
25368	-10405.33	-10905.12	499.7922	0.470577	0.23621	0.168903	0.124309	1.626432	1.182883	6.932524	2.489148
25374	-10400.96	-10901.09	500.1302	0.525289	0.256428	0.074121	0.144162	1.578925	1.124032	6.399036	3.761561
25380	-10401.69	-10903.4	501.7146	0.46371	0.226367	0.226222	0.083701	1.242542	1.126092	6.399036	1.749154
25386	-10391.07	-10892.59	501.5264	0.392573	0.416756	0.0924905	0.09818	1.245181	1.160231	6.323092	2.130948
25392	-10400.72	-10902.23	501.5114	0.422905	0.25946	0.211869	0.105766	1.046485	1.124255	6.34661	2.413124
25398	-10410.11	-10911.07	500.9663	0.422905	0.25946	0.211869	0.105766	1.291922	1.09639	6.592704	2.247252
25404	-10407.14	-10908.54	501.3948	0.444874	0.205458	0.24435	0.105319	1.284797	1.09639	6.164159	2.802348
25410	-10385.42	-10886.61	501.1972	0.546142	0.252228	0.0723372	0.129293	1.575581	1.168137	6.093229	2.802348
25416	-10399.44	-10901.03	501.5986	0.561953	0.236933	0.0774928	0.123621	1.461969	1.132323	6.093229	2.390922
25422	-10395.63	-10896.9	501.2726	0.413176	0.361034	0.0870012	0.138789	1.215444	1.203906	6.3529	2.390922
25428	-10409.84	-10912.78	502.9448	0.406764	0.36468	0.091921	0.136635	1.326964	1.247595	5.513743	1.996698
25434	-10390.23	-10891.88	501.6514	0.422075	0.379258	0.0387545	0.159912	1.374116	1.163611	6.236989	2.012202
25440	-10423.65	-10925.02	501.3696	0.419494	0.376939	0.109654	0.0939131	1.41527	1.195795	6.160737	2.513717
25446	-10404.38	-10905.67	501.2878	0.544997	0.198152	0.148552	0.108299	1.660985	1.143266	6.160737	2.401536
25452	-10408.26	-10909.06	500.7921	0.508947	0.154016	0.194928	0.142108	1.292579	1.055621	6.54622	2.694912
25458	-10420.49	-10921.82	501.3343	0.451435	0.198174	0.185444	0.164947	1.292579	1.079045	6.368107	2.337718
25464	-10401.89	-10902.24	500.355	0.460012	0.252746	0.141113	0.146129	1.251106	1.047541	6.710161	2.986462
25470	-10412.75	-10914.45	501.7035	0.437444	0.240346	0.193037	0.129172	1.282644	1.047541	6.321973	1.999608
25476	-10419.45	-10921.45	501.9987	0.568872	0.165749	0.183638	0.081741	1.177309	1.170693	5.730747	3.161922
25482	-10398.74	-10899.69	500.9559	0.565144	0.04749	0.268682	0.118685	1.285522	1.081653	6.429014	2.746922
25488	-10399.1	-10900.03	500.9346	0.463827	0.130075	0.378659	0.0274395	1.349749	1.073713	6.708069	1.958084
25494	-10411.28	-10912.79	501.5011	0.447088	0.23578	0.291153	0.0259791	0.992589	1.084703	6.757888	1.547565
25500	-10393.28	-10894.56	501.2853	0.365654	0.309349	0.291769	0.0332277	0.992589	1.136656	6.742207	1.782006
25506	-10393.66	-10894.86	501.2021	0.367092	0.310565	0.292916	0.0294276	0.992589	1.124678	6.793609	1.782006
25512	-10412.13	-10912.48	500.3464	0.356646	0.287042	0.270729	0.0855832	1.13237	0.9630503	7.383508	1.519863
25518	-10422.99	-10924.7	501.711	0.287744	0.423197	0.218426	0.0706337	0.7030657	1.032974	6.868463	1.474078
25524	-10417.88	-10918.7	500.8236	0.333506	0.4905	0.0941268	0.0818671	0.8896535	1.04186	7.236126	1.474078
25530	-10415.36	-10917.86	502.5036	0.210764	0.535169	0.164744	0.0893226	0.661257	1.074009	6.735502	0.9009807
25536	-10410.77	-10913.53	502.7598	0.262055	0.466143	0.176245	0.0955582	0.7312416	1.081286	6.254938	1.481601
25542	-10410.56	-10913.38	502.8133	0.337862	0.411259	0.155493	0.0953853	0.9802924	1.144733	6.279162	1.029952
25548	-10399.12	-10899.86	500.7472	0.397865	0.304153	0.185656	0.112325	1.371775	1.137509	6.387062	2.994075
25554	-10400.16	-10900.24	500.0758	0.38028	0.412872	0.0994877	0.107361	1.111085	1.077863	7.165582	2.271523
25560	-10398.34	-10898.14	499.8006	0.618206	0.103144	0.180509	0.0981412	1.644542	1.198919	6.479507	3.861291
25566	-10407.24	-10909.68	502.4429	0.504988	0.188443	0.209433	0.097135	1.236855	1.198919	5.670461	2.488527
25572	-10418.68	-10917.96	499.2802	0.527737	0.252175	0.157714	0.0623748	1.1851	1.068941	6.836521	4.686405
25578	-10394.91	-10895.56	500.6541	0.454112	0.281909	0.211951	0.0520278	1.148612	0.9920967	6.836521	2.390663
25584	-10394.14	-10894.54	500.4029	0.373105	0.260719	0.318059	0.0481172	0.9849485	1.055906	7.216869	1.89619
25590	-10419.15	-10919.74	500.5984	0.427043	0.29841	0.246164	0.0283827	0.9341167	1.05454	7.216869	1.715736
25596	-10414.5	-10915.14	500.6407	0.368302	0.38161	0.213792	0.0362962	0.9929256	1.078281	7.353535	1.27624
25602	-10410.03	-10910.43	500.4004	0.430057	0.277922	0.249639	0.0423821	0.998902	1.151944	6.919222	2.520089
25608	-10392.92	-10893.6	500.6727	0.495428	0.219794	0.18262	0.102158	1.434203	1.151944	6.273639	3.363341
25614	-10395.54	-10894.77	499.2361	0.585106	0.143306	0.174162	0.0974266	1.434203	1.046713	6.940154	3.946799
25620	-10401.21	-10901.85	500.64	0.518499	0.181288	0.194892	0.105322	1.262313	1.031853	6.649181	2.716123
25626	-10404.85	-10905.23	500.3746	0.554316	0.0491802	0.284165	0.112339	1.27497	1.04927	6.492636	3.620741
25632	-10415.46	-10913.9	498.4374	0.395078	0.359742	0.154447	0.0907338	1.08346	0.966189	7.713721	3.495275
25638	-10394.6	-10894.09	499.4911	0.454135	0.343983	0.125386	0.0764962	1.235119	0.9766968	7.470362	2.27146
25644	-10413.27	-10911.9	498.6251	0.423097	0.402253	0.085195	0.0894547	1.149375	1.060405	7.372107	4.057025
25650	-10388.04	-10888.36	500.3208	0.366744	0.348676	0.207041	0.0775399	1.035572	0.9973613	7.372107	1.64695
25656	-10400.83	-10903.17	502.3394	0.384334	0.32365	0.192062	0.0999547	1.113507	1.176662	6.061936	1.83385
25662	-10406	-10908.49	502.4879	0.403988	0.378145	0.1128	0.105066	1.042054	1.153599	6.031652	1.83385
25668	-10398.89	-10900.35	501.4641	0.429862	0.363579	0.0828965	0.123663	1.142493	1.136799	6.450892	2.058941
25674	-10415.69	-10918.18	502.4933	0.446065	0.353246	0.0805407	0.120148	1.078792	1.201476	5.699463	2.556701
25680	-10390.93	-10893.47	502.5403	0.425052	0.339473	0.0849617	0.150513	1.38907	1.201476	5.514536	2.556701
25686	-10392.05	-10894.28	502.2367	0.415102	0.391623	0.0628304	0.130445	1.172099	1.193982	6.039326	1.924864
25692	-10398.6	-10900.62	502.0266	0.342641	0.465704	0.0637074	0.127948	1.145204	1.038211	6.439189	1.501316
25698	-10391.18	-10891.22	500.0448	0.402178	0.372864	0.0747772	0.150181	1.293023	1.064542	7.167435	2.089519
25704	-10397.63	-10899.37	501.7374	0.391954	0.363386	0.0982975	0.146363	1.139698	1.055328	6.474993	1.755571
25710	-10378.05	-10880.63	502.5807	0.306871	0.55402	0.0245174	0.114591	0.9787532	1.225081	5.888749	2.04424
25716	-10388.93	-10891.04	502.1088	0.375075	0.427435	0.0574297	0.14006	1.139912	1.216707	6.183368	1.760721
25722	-10392.6	-10893.6	501.0036	0.375075	0.427435	0.0574297	0.14006	1.260195	1.216707	6.364515	2.68321
25728	-10384.55	-10885.25	500.6996	0.370277	0.435097	0.056597	0.138029	1.228245	1.113516	6.798925	2.144985
25734	-10394.58	-10896.37	501.7926	0.366368	0.411756	0.0645212	0.157355	1.168215	1.107222	6.343268	1.893428
25740	-10402.68	-10904.05	501.3785	0.348284	0.423337	0.0665988	0.16178	1.217219	1.171805	6.302616	2.416137
25746	-10402.87	-10904.16	501.2932	0.445001	0.351988	0.0967198	0.106292	1.177569	1.018487	6.452351	2.416137
25752	-10423.51	-10925.76	502.2531	0.475629	0.376214	0.0345497	0.113607	1.403178	1.163242	5.712345	2.485058
25758	-10418.02	-10920.48	502.457	0.474804	0.362248	0.00922566	0.153722	1.554424	1.174816	5.712345	1.995428
25764	-10412.79	-10913.03	500.2437	0.466443	0.373478	0.00906321	0.151016	1.509477	1.159337	6.415682	3.53508
25770	-10415.29	-10917.24	501.9573	0.490875	0.342957	0.00961909	0.156549	1.509477	1.232039	5.440036	3.53508
25776	-10408.51	-10910.62	502.1169	0.325799	0.427145	0.136643	0.110414	1.16225	1.171555	6.134805	1.894143
25782	-10406.08	-10909.86	503.7803	0.401834	0.36149	0.130901	0.105775	1.16225	1.171555	5.333615	1.64269
25788	-10405.57	-10907.98	502.409	0.51197	0.263701	0.0895634	0.134766	1.321245	1.136467	5.535068	2.904338
25794	-10408.08	-10908.69	500.6051	0.441615	0.31642	0.0719897	0.169975	1.321245	1.149872	6.02287	4.616803
25800	-10418.35	-10920.89	502.5383	0.423506	0.303445	0.110045	0.163005	1.382484	1.150379	5.735252	2.063892
25806	-10394.91	-10897.07	502.1547	0.446908	0.320213	0.139048	0.0938313	1.424049	1.081458	5.965908	2.055451
25812	-10384.04	-10886.66	502.6182	0.443872	0.288811	0.167261	0.100056	1.207663	1.2773	5.713147	2.055451
25818	-10406.86	-10909.72	502.854	0.449301	0.292343	0.173335	0.0850214	1.227097	1.126675	5.786749	1.747159
25824	-10394.73	-10896.56	501.8286	0.420195	0.322731	0.17756	0.0795136	1.241339	1.113484	6.245899	1.982606
25830	-10394.89	-10898.1	503.2079	0.239485	0.547945	0.154721	0.0578498	0.8572532	1.113484	5.903201	1.520125
25836	-10392.57	-10894.47	501.907	0.359975	0.332616	0.220453	0.0869555	1.028179	1.146868	6.180859	2.27539
25842	-10402.12	-10904.15	502.0311	0.341107	0.487294	0.0757142	0.0958846	1.081801	1.124666	6.363461	1.631413
25848	-10412.77	-10916.24	503.4731	0.341195	0.487229	0.0757042	0.0958719	1.037676	1.170697	5.502725	1.793436
25854	-10401.84	-10905.11	503.2626	0.334405	0.402191	0.192538	0.0708661	0.9300015	1.170808	5.755797	1.617958
25860	-10404.26	-10905.02	500.7611	0.58167	0.0887035	0.22854	0.101087	1.623086	1.079201	6.276351	3.046736
25866	-10414.65	-10915.26	500.6077	0.575171	0.130455	0.208728	0.0856463	1.6375	1.079201	6.587785	2.367101
25872	-10406	-10905.2	499.2043	0.65799	0.00524836	0.238783	0.0979786	1.708104	1.064746	6.515899	5.176341
25878	-10410.25	-10911.22	500.9682	0.577869	0.103448	0.225908	0.0927752	1.526795	1.022411	6.38313	2.618047
25884	-10402.94	-10904.19	501.25	0.362151	0.37314	0.189308	0.0754007	1.19164	1.12316	6.659832	1.791315
25890	-10406.97	-10907.28	500.3082	0.438226	0.334201	0.112364	0.115209	1.196611	1.075156	7.116525	1.969268
25896	-10391.26	-10891.37	500.1126	0.410944	0.313395	0.167624	0.108037	1.466841	1.045179	7.333781	1.448241
25902	-10421.55	-10923.25	501.6995	0.284044	0.603362	0.0629006	0.0496934	0.936025	1.098262	6.72057	1.448241
25908	-10400.26	-10901.51	501.2562	0.327968	0.451397	0.132938	0.087697	1.028422	1.094147	6.696038	1.937598
25914	-10407.05	-10906.81	499.7574	0.460496	0.31734	0.133509	0.0886557	1.442111	1.067847	6.791175	3.42944
25920	-10387.69	-10888.02	500.3323	0.466936	0.321778	0.135376	0.0759096	1.449062	1.080258	6.791175	2.453295
25926	-10387.75	-10888.52	500.7717	0.448628	0.309161	0.130068	0.112143	1.098667	1.014432	6.764078	2.453295
25932	-10396.72	-10897.09	500.3616	0.451523	0.307538	0.129385	0.111554	1.282789	1.033745	6.848024	2.544974
25938	-10394.41	-10894.83	500.42	0.426402	0.290427	0.177823	0.105348	1.261023	1.041657	6.866875	2.423572
25944	-10408.36	-10908.75	500.3918	0.50102	0.215475	0.159188	0.124318	1.265936	1.111662	6.866875	2.355684
25950	-10418.73	-10919.78	501.0501	0.502235	0.26441	0.0818263	0.151529	1.315717	1.088118	6.499103	2.355684
25956	-10411.59	-10912.49	500.8961	0.407051	0.337298	0.121901	0.13375	1.153461	1.075567	6.879304	1.830914
25962	-10408.68	-10909.34	500.6684	0.492617	0.270992	0.115293	0.121098	1.235248	1.072284	6.707178	2.48424
25968	-10426.31	-10925.53	499.2115	0.630907	0.116918	0.147659	0.104516	1.965148	1.074043	6.932911	3.165274
25974	-10405.41	-10906.21	500.8021	0.577602	0.105961	0.221717	0.0947205	1.318548	1.087805	6.355598	3.165274
25980	-10400.07	-10900.48	500.4069	0.444718	0.319832	0.162522	0.0729289	1.469275	1.038654	6.73554	2.531901
25986	-10402.34	-10903.15	500.8153	0.416505	0.299542	0.152212	0.131741	1.17731	1.015023	6.691349	2.475519
25992	-10388.13	-10889.88	501.7502	0.44035	0.31669	0.160926	0.0820344	1.146956	1.081279	6.542631	1.548911
25998	-10396.44	-10897.4	500.9606	0.422509	0.30386	0.154406	0.119225	1.284609	1.147634	6.508654	2.41543
26004	-10389.55	-10891.28	501.7276	0.422509	0.30386	0.154406	0.119225	1.357029	1.144766	6.414879	1.54855
26010	-10406.8	-10909.97	503.1677	0.350767	0.345043	0.231963	0.0722272	0.8696927	1.119031	5.928316	1.491986
26016	-10404.59	-10906.31	501.7176	0.382432	0.376191	0.162629	0.0787474	1.176123	1.100812	6.412024	1.825597
26022	-10409.41	-10910.55	501.1386	0.42328	0.31692	0.156928	0.102872	1.30746	1.075569	6.672897	1.825597
26028	-10400.31	-10901.13	500.817	0.414616	0.310433	0.153716	0.121235	1.30746	1.090866	6.672897	2.236334
26034	-10406.12	-10907.29	501.1726	0.394061	0.295043	0.195671	0.115225	1.355232	1.077042	6.672897	1.726837
26040	-10409	-10910.88	501.8809	0.375565	0.281195	0.228392	0.114849	1.40861	1.125943	5.700379	3.171838
26046	-10382.56	-10883.13	500.5762	0.393026	0.294268	0.23901	0.0736966	1.218715	1.051559	6.923848	2.093703
26052	-10394.26	-10895.59	501.3349	0.367697	0.250189	0.345226	0.036887	1.14161	1.0502	6.822629	1.471428
26058	-10395.57	-10895.68	500.1082	0.421233	0.233152	0.296959	0.048655	1.144325	1.06339	7.270574	1.936176
26064	-10410.8	-10912.31	501.5107	0.41331	0.217865	0.277488	0.0913378	1.159593	1.128058	6.240127	2.537304
26070	-10411.74	-10911.41	499.6629	0.473398	0.279181	0.163334	0.084087	1.159593	1.044788	6.745565	4.329199
26076	-10391.83	-10891.9	500.0718	0.412606	0.262717	0.251388	0.0732887	1.328497	1.012286	6.821089	3.056841
26082	-10405.58	-10906.7	501.1231	0.416616	0.25439	0.253832	0.075162	1.327606	1.032507	6.89179	1.389269
26088	-10410.84	-10911.92	501.0847	0.444632	0.244908	0.246208	0.0642522	1.219096	1.097992	6.380051	2.757869
26094	-10384.28	-10883.53	499.2452	0.511136	0.253578	0.155905	0.0793815	1.264441	1.146801	6.291256	6.946842
26100	-10399.24	-10901.26	502.0216	0.431452	0.200267	0.268978	0.0993039	1.159176	1.209224	5.682301	3.2388
26106	-10387.58	-10889.92	502.3363	0.446479	0.194973	0.261869	0.0966793	1.161307	1.140954	6.079337	1.78435
26112	-10405.27	-10906.31	501.0375	0.527071	0.100864	0.321431	0.0506334	1.238202	1.122103	6.394898	2.722756
26118	-10413.55	-10914.08	500.5301	0.471454	0.0826475	0.391758	0.0541406	1.440078	1.131161	6.478434	2.984672
26124	-10417.79	-10920.28	502.4966	0.511069	0.23097	0.146562	0.111399	1.372239	1.175788	5.937607	1.624206
26130	-10409.57	-10912	502.4299	0.460711	0.298618	0.145809	0.0948627	1.372239	1.179077	5.662128	2.376527
26136	-10409.47	-10910.92	501.4498	0.446894	0.313698	0.133312	0.106096	1.067595	1.089742	6.402706	2.371958
26142	-10422.47	-10922.74	500.2621	0.52492	0.236011	0.117443	0.121627	1.241383	1.066267	6.577905	3.563244
26148	-10422.63	-10921.92	499.2916	0.534119	0.169643	0.17248	0.123758	1.454552	0.9882245	7.235383	2.927312
26154	-10402.75	-10903.89	501.1386	0.41995	0.281292	0.201453	0.0973048	1.302754	1.034103	6.719988	1.773339
26160	-10414.02	-10914.54	500.5171	0.509145	0.279219	0.0936643	0.117972	1.36122	1.094947	6.899612	1.999217
26166	-10411.08	-10912.31	501.2314	0.485346	0.266168	0.152062	0.0964249	1.36122	1.125669	6.173146	2.880118
26172	-10408.67	-10909.55	500.8857	0.434348	0.2382	0.241159	0.086293	1.159698	1.07034	6.584285	2.610683
26178	-10410.68	-10912.11	501.4315	0.462223	0.116098	0.327155	0.0945246	1.10639	1.07034	6.654943	1.743794
26184	-10402.57	-10903.01	500.443	0.548507	0.0447031	0.331577	0.075212	1.225783	1.079817	6.59467	3.185146
26190	-10406.94	-10907.63	500.6965	0.584201	0.036689	0.353155	0.0259553	1.510985	1.18064	6.002304	4.085555
26196	-10390.8	-10891.27	500.473	0.564422	0.0575568	0.309484	0.0685374	1.510985	1.183887	6.609209	2.511205
26202	-10378.47	-10878.27	499.7976	0.609665	0.063605	0.178594	0.148136	1.510985	1.13083	6.609209	3.753152
26208	-10373.59	-10873.64	500.042	0.604541	0.0892292	0.159339	0.146891	1.483772	1.050115	6.919818	2.530745
26214	-10379.1	-10879.7	500.5999	0.599571	0.0884957	0.16625	0.145684	1.465608	1.161833	6.566705	2.530745
26220	-10385.67	-10886.3	500.6313	0.561804	0.145911	0.155777	0.136507	1.382664	1.141366	6.566705	2.625945
26226	-10386.47	-10886.41	499.9415	0.552214	0.151614	0.17618	0.119992	1.688601	1.075674	6.697031	3.034218
26232	-10379.51	-10879.22	499.7161	0.497841	0.23515	0.158832	0.108177	1.478883	1.057937	7.272628	2.053691
26238	-10387.78	-10888.29	500.5066	0.450264	0.280959	0.146897	0.12188	1.279004	1.114063	6.895912	2.09763
26244	-10403.5	-10905.12	501.6165	0.436111	0.318465	0.0728334	0.172591	1.278688	1.105648	6.300169	2.09763
26250	-10399.19	-10900.74	501.5444	0.443414	0.26211	0.152426	0.142049	1.262495	1.11462	6.414699	1.920206
26256	-10410.96	-10910.98	500.0249	0.446166	0.263737	0.147166	0.142931	1.248463	0.9877672	7.309662	1.920206
26262	-10413.37	-10915.14	501.7749	0.398062	0.343119	0.131299	0.127521	1.169314	1.041646	6.498218	1.638981
26268	-10428.11	-10929.75	501.6402	0.390211	0.424944	0.05984	0.125005	1.155617	1.134641	6.498218	1.705697
26274	-10416.3	-10916.81	500.5158	0.364991	0.397479	0.120604	0.116926	1.156132	1.025962	7.050207	1.973732
26280	-10397.66	-10898.62	500.9587	0.455124	0.33638	0.109543	0.0989527	1.112104	1.061757	6.754524	2.124991
26286	-10391.87	-10891.63	499.7609	0.442173	0.33235	0.106425	0.119052	1.14024	1.095155	6.754524	4.028708
26292	-10412.64	-10913.76	501.1179	0.486644	0.245869	0.136461	0.131025	1.155149	1.203286	6.18819	3.21609
26298	-10411.6	-10912.47	500.8721	0.531911	0.268739	0.0561364	0.143213	1.333673	1.132979	6.18819	3.483695
26304	-10401.51	-10903.04	501.5237	0.53859	0.265438	0.0551853	0.140787	1.333673	1.132979	6.230392	2.298524
26310	-10402.05	-10901.79	499.7352	0.485996	0.326917	0.011875	0.175212	1.198395	1.093543	7.200472	2.530707
26316	-10383.72	-10885.06	501.3385	0.436197	0.318872	0.0896568	0.155274	1.276416	1.114569	6.524192	1.908539
26322	-10400.39	-10901.63	501.2379	0.416419	0.365175	0.0745004	0.143906	1.342216	1.160902	6.181689	2.814806
26328	-10396.2	-10897.62	501.4192	0.40837	0.358117	0.0923889	0.141124	1.342216	1.160902	6.596975	1.512837
26334	-10389.06	-10891.05	501.9864	0.396979	0.357558	0.169043	0.0764202	1.16959	1.172569	6.457014	1.33136
26340	-10388.18	-10889.11	500.9256	0.447603	0.313692	0.15254	0.0861656	1.378016	1.132177	6.457014	2.506297
26346	-10400.42	-10902.02	501.6037	0.46881	0.307169	0.144345	0.079676	1.050081	1.032733	6.171142	2.908693
26352	-10413.26	-10914.69	501.4354	0.435167	0.316862	0.165781	0.0821903	1.401433	1.204015	6.171142	2.393482
26358	-10413.26	-10915.48	502.214	0.40738	0.360483	0.155195	0.0769422	1.131119	1.152243	6.171142	1.748462
26364	-10390.65	-10891.08	500.4335	0.345258	0.477081	0.0550363	0.122624	1.131119	1.086292	7.188647	1.704039
26370	-10385.69	-10886.1	500.4127	0.351017	0.477404	0.0469091	0.12467	1.318717	1.071138	6.937686	2.129095
26376	-10395.89	-10897.09	501.2031	0.415697	0.355183	0.0626406	0.166479	1.139528	1.044672	6.70553	1.906974
26382	-10398.22	-10897.86	499.6465	0.433227	0.370161	0.0811455	0.115467	1.132324	1.013817	7.651082	1.698894
26388	-10410	-10910.02	500.0234	0.496753	0.328672	0.0720505	0.102525	1.334721	1.04516	7.061316	2.371537
26394	-10410.89	-10911.6	500.7111	0.481825	0.352751	0.0682736	0.0971504	1.334721	1.056781	6.646922	2.473375
26400	-10386.43	-10887.47	501.0406	0.43512	0.384546	0.0744274	0.105907	1.125382	1.183301	6.436564	2.669298
26406	-10407.42	-10908.44	501.0219	0.565455	0.216316	0.0886648	0.129564	1.315724	1.188557	5.663555	5.08405
26412	-10425.16	-10925.84	500.6821	0.491084	0.0760334	0.392899	0.0399839	1.402358	1.181599	6.299713	3.258894
26418	-10414.39	-10915.69	501.296	0.451582	0.0981999	0.433003	0.017215	1.362141	1.066608	6.299713	2.505324
26424	-10397.42	-10898.74	501.3162	0.466287	0.228914	0.287168	0.0176307	1.319901	1.084616	6.299713	2.505324
26430	-10393.16	-10894.42	501.2587	0.466688	0.229111	0.252013	0.0521885	1.179004	1.107213	6.389735	2.505324
26436	-10394.7	-10895.33	500.6261	0.554112	0.154597	0.19205	0.0992404	1.158362	1.049181	6.633819	2.913599
26442	-10422.33	-10923.45	501.1186	0.520749	0.227975	0.104932	0.146344	1.717659	1.123416	6.146494	2.656893
26448	-10411.66	-10912.62	500.9623	0.460916	0.261981	0.115717	0.161386	1.430925	1.137752	6.226386	3.041167
26454	-10406.45	-10907.45	500.9951	0.552183	0.178218	0.162045	0.107554	1.247901	1.074984	5.937953	4.418119
26460	-10395.29	-10897.87	502.5786	0.564196	0.0793096	0.265445	0.0910496	1.527121	1.199984	5.55389	2.221529
26466	-10401.35	-10903.54	502.1868	0.546936	0.0768833	0.257324	0.118857	1.426321	1.218463	5.239807	3.954878
26472	-10393.3	-10894.31	501.0152	0.589995	0.0829362	0.183798	0.143271	1.742513	1.170693	5.948402	3.32178
26478	-10392.65	-10894.32	501.6653	0.637316	0.0299414	0.186986	0.145756	1.742513	1.156723	5.857869	2.547901
26484	-10394.02	-10892.46	498.4388	0.546573	0.168062	0.160363	0.125003	1.45871	1.093377	7.196081	4.469054
26490	-10389.49	-10889.55	500.0577	0.520587	0.257732	0.155412	0.066269	1.428833	1.119203	6.759731	2.941807
26496	-10406.23	-10906.27	500.0361	0.401852	0.33609	0.129754	0.132304	1.277986	1.077205	6.759731	3.282443
26502	-10426.4	-10928.95	502.5538	0.380549	0.378214	0.103628	0.137609	1.107064	1.149863	5.827671	2.163322
26508	-10419.19	-10919.81	500.6274	0.428559	0.322735	0.0937354	0.15497	1.186814	1.174824	6.172096	4.19948
26514	-10412.47	-10914.31	501.8376	0.41606	0.313323	0.120168	0.15045	1.186814	1.182922	6.063368	2.413544
26520	-10395.82	-10897.34	501.5134	0.430706	0.324352	0.124398	0.120543	1.186814	1.11541	6.063368	3.030416
26526	-10408.54	-10908.9	500.3625	0.448596	0.299998	0.129565	0.121842	1.316241	1.081992	6.935705	2.19181
26532	-10402.76	-10903.59	500.8257	0.397205	0.327958	0.14164	0.133197	1.150388	1.044063	6.935705	1.831172
26538	-10382.95	-10883.82	500.8713	0.475272	0.249659	0.169478	0.10559	1.156242	1.093369	6.935705	1.705434
26544	-10403.55	-10902.97	499.4268	0.463972	0.243723	0.189225	0.10308	1.172817	0.9887218	6.935705	4.177784
26550	-10411.21	-10911.73	500.5206	0.433448	0.227689	0.275019	0.0638444	1.168255	1.054799	6.870761	2.373906
26556	-10408.54	-10908.44	499.8973	0.518	0.193708	0.233975	0.0543162	1.174185	1.022861	7.229785	2.348406
26562	-10414.31	-10914.35	500.0427	0.476516	0.211247	0.267269	0.044968	1.174185	1.008084	7.229785	2.162987
26568	-10414.45	-10914.58	500.1301	0.49369	0.168512	0.297025	0.0407722	1.048809	0.9964084	7.229785	2.226922
26574	-10395.74	-10896.5	500.7619	0.466668	0.150018	0.322259	0.0610548	1.242666	1.134274	6.34898	3.2977
26580	-10395.88	-10896.83	500.9504	0.452808	0.224045	0.272429	0.0507178	1.034435	1.048095	6.682096	2.457024
26586	-10395.48	-10895.86	500.3778	0.447263	0.191437	0.303693	0.0576062	1.312094	1.044493	6.494963	3.552268
26592	-10401.57	-10904.09	502.5186	0.491181	0.192432	0.224019	0.0923681	1.278338	1.191681	5.786075	2.036975
26598	-10391.39	-10892.17	500.7776	0.584163	0.0626706	0.266427	0.0867398	1.308952	1.131175	5.851057	5.003783
26604	-10398.72	-10899.24	500.5113	0.407936	0.279407	0.2815	0.0311573	1.018773	1.004359	6.772665	2.97756
26610	-10402.74	-10903.79	501.0462	0.443572	0.284612	0.250774	0.0210417	1.18966	1.12089	6.772665	1.790147
26616	-10385.27	-10886.83	501.5556	0.384064	0.246429	0.344747	0.02476	0.9909817	1.048852	6.873127	1.286744
26622	-10380.89	-10882.46	501.5689	0.271144	0.428939	0.243386	0.056531	0.7844163	1.132223	6.754787	1.672608
26628	-10380.8	-10882.39	501.5917	0.339983	0.388427	0.220399	0.0511917	0.9619018	1.060099	6.754787	1.513187
26634	-10392.34	-10893.94	501.6058	0.350579	0.375674	0.227268	0.0464791	0.8989149	1.043768	6.561386	2.044619
26640	-10404.89	-10907.37	502.4835	0.358265	0.383911	0.232251	0.0255739	0.9644597	1.156772	6.013318	1.979819
26646	-10398.33	-10899.58	501.2496	0.34181	0.366278	0.221584	0.070328	0.9902501	1.061122	6.747678	1.914257
26652	-10389.82	-10892.9	503.0717	0.332348	0.356139	0.271206	0.0403069	0.9714102	1.090248	6.040314	1.285332
26658	-10392.39	-10892.96	500.5684	0.354668	0.407556	0.16043	0.0773465	1.148484	1.01465	6.93412	2.22147
26664	-10378.37	-10880.31	501.9327	0.436819	0.267475	0.206178	0.0895278	1.216867	1.145302	5.872063	2.821511
26670	-10391.31	-10892.46	501.1499	0.466446	0.315151	0.122803	0.0956	1.383775	1.14824	6.462507	2.137939
26676	-10397.15	-10897.74	500.5902	0.579866	0.128648	0.17264	0.118846	1.417652	0.9812228	6.654004	2.639487
26682	-10407.43	-10907	499.5708	0.586616	0.126581	0.169866	0.116937	1.508942	1.069636	6.682097	4.057657
26688	-10408.64	-10908.93	500.2863	0.585957	0.0820226	0.196647	0.135373	1.508942	1.079477	6.682097	2.755827
26694	-10411.81	-10911.83	500.0224	0.56506	0.136885	0.153832	0.144224	1.508942	1.089571	6.685497	3.165779
26700	-10394.21	-10894.18	499.9628	0.465043	0.22184	0.194421	0.118696	1.042195	1.134208	6.685497	3.993362
26706	-10395.42	-10895.04	499.6172	0.555262	0.169409	0.170957	0.104371	1.490053	1.081206	7.229409	2.256408
26712	-10412.29	-10911.61	499.3221	0.534094	0.201074	0.16444	0.100392	1.552396	1.098082	7.100988	2.969359
26718	-10417.07	-10918.93	501.8612	0.485524	0.20734	0.149486	0.15765	1.263895	1.216234	6.038124	2.293273
26724	-10426.37	-10925.32	498.9524	0.373028	0.390999	0.11485	0.121122	1.092835	1.110802	6.931213	5.140163
26730	-10406.57	-10906.17	499.6041	0.488424	0.264572	0.129799	0.117206	1.357201	1.047914	6.782667	3.929558
26736	-10416.21	-10916.67	500.4517	0.466689	0.252798	0.124023	0.156489	1.290765	0.963561	6.782667	2.689757
26742	-10410.45	-10911.18	500.7362	0.426479	0.347406	0.0558621	0.170253	1.471803	1.022412	6.671784	2.243082
26748	-10405.07	-10907.73	502.6571	0.357573	0.443424	0.0491637	0.149839	1.105452	1.114459	5.76083	2.241591
26754	-10409.45	-10911.7	502.2512	0.459473	0.392458	0.015453	0.132616	1.382978	1.102905	6.023392	1.811031
26760	-10404.52	-10905.39	500.8655	0.541342	0.278048	0.0503296	0.130281	1.66377	1.147947	6.023392	3.500614
26766	-10414.09	-10915.82	501.7379	0.486904	0.250087	0.127134	0.135875	1.299013	1.143632	6.048304	2.506072
26772	-10386.79	-10889.04	502.254	0.460063	0.2363	0.233182	0.0704547	1.106513	1.231024	5.702893	2.833459
26778	-10398.34	-10899.88	501.5375	0.513276	0.206504	0.203779	0.0764406	1.174463	1.079599	6.141271	2.833459
26784	-10398.31	-10900.86	502.5476	0.484201	0.21884	0.215952	0.081007	1.124676	1.132065	6.172271	1.383273
26790	-10396.87	-10900.34	503.4776	0.263811	0.555811	0.128482	0.0518968	0.7497045	1.222151	5.823389	1.383273
26796	-10403.42	-10905.27	501.8475	0.329595	0.436523	0.16052	0.0733624	0.9967839	1.074431	6.303285	2.187922
26802	-10405.02	-10907.44	502.4274	0.341231	0.369562	0.169624	0.119583	0.914655	1.109523	6.303285	1.509399
26808	-10399.62	-10902.17	502.5503	0.278973	0.513258	0.13856	0.069209	0.8317548	1.11487	6.303285	1.460151
26814	-10401.72	-10904.39	502.6653	0.295743	0.518339	0.116024	0.069894	0.9741924	1.127073	6.303285	1.160868
26820	-10395.86	-10898.25	502.384	0.355446	0.442696	0.139446	0.0624117	1.186715	1.085959	6.303285	1.283271
26826	-10405.93	-10907.21	501.2744	0.315185	0.365387	0.257732	0.0616968	0.9656063	1.031265	6.87246	1.661068
26832	-10394.51	-10895.66	501.1475	0.303506	0.405436	0.248182	0.0428764	0.9222878	1.044235	6.875598	1.850691
26838	-10412.66	-10914.34	501.6764	0.410919	0.333048	0.20387	0.0521626	0.8482327	1.049618	6.662594	1.770297
26844	-10388.33	-10890.22	501.8951	0.380883	0.308704	0.262063	0.0483498	1.245845	1.080538	6.369404	1.646798
26850	-10398.57	-10899.89	501.3163	0.408326	0.215382	0.337436	0.0388553	1.157782	1.120456	6.173187	3.060765
26856	-10393.1	-10894.72	501.6236	0.403429	0.214167	0.33339	0.0490142	1.157782	1.088716	6.398645	2.019007
26862	-10405.44	-10905.63	500.1891	0.497524	0.264118	0.177912	0.060446	1.33985	0.9940396	6.984498	2.40597
26868	-10403.06	-10904.06	501.0016	0.472976	0.251086	0.169134	0.106804	1.33985	1.005655	6.550005	2.377551
26874	-10398.17	-10899.04	500.8627	0.469012	0.236209	0.188871	0.105909	1.43772	1.090783	6.693777	1.962043
26880	-10387.94	-10888.94	500.9937	0.565698	0.181413	0.128623	0.124266	1.43772	1.123498	6.508918	2.204014
26886	-10402.34	-10902.93	500.596	0.52096	0.197586	0.196666	0.084788	1.206053	1.098	6.901785	2.075548
26892	-10408.06	-10909.12	501.058	0.471648	0.20404	0.203398	0.120914	1.257975	1.026036	6.393889	2.816781
26898	-10397.37	-10898.52	501.1514	0.482355	0.243204	0.172888	0.101553	1.36292	1.082021	6.550852	2.029603
26904	-10396.84	-10898.82	501.9778	0.454394	0.223938	0.228159	0.0935087	1.288782	1.133132	6.090455	2.080587
26910	-10394.86	-10896.6	501.736	0.35087	0.315094	0.208423	0.125613	1.097674	1.162351	6.304308	2.080587
26916	-10397.5	-10896.98	499.4787	0.434036	0.389779	0.0207971	0.155387	1.140793	1.013516	7.350303	2.703958
26922	-10412.64	-10911.65	499.002	0.44379	0.371971	0.0253593	0.158879	1.312773	0.9937868	7.467878	2.89003
26928	-10405.78	-10905.9	500.1182	0.557949	0.176437	0.100143	0.165471	1.350049	1.069399	6.685089	3.279248
26934	-10400.81	-10900.64	499.8248	0.602132	0.140907	0.0850752	0.171886	1.839478	1.139892	6.653613	3.05466
26904	-10401.28	-10901.37	500.0903	0.478872	0.268953	0.194889	0.0572859	1.16315	1.040239	7.119065	2.357358
26910	-10398.65	-10900.66	502.0092	0.415215	0.303651	0.249368	0.0317656	0.9950126	1.096471	6.176877	2.259095
26916	-10404.89	-10908.37	503.4806	0.318106	0.385233	0.278099	0.0185617	0.9234931	1.199617	5.373816	2.209119
26922	-10404.4	-10906.7	502.3039	0.399985	0.253244	0.3314	0.0153718	0.8472779	1.193937	6.336668	1.564507
26928	-10410.43	-10912.88	502.4438	0.308073	0.430575	0.255248	0.00610383	0.8938405	1.159478	6.387355	1.284647
26934	-10405.95	-10909.47	503.5253	0.295515	0.445613	0.244843	0.014029	0.8003963	1.208285	5.824599	1.284647
26940	-10417.99	-10921.32	503.3338	0.237611	0.573733	0.178433	0.0102238	0.6167211	1.099082	6.125567	1.223381
26946	-10405.65	-10908.04	502.3898	0.215486	0.52031	0.221543	0.0426616	0.633099	1.050936	6.654444	1.223381
26952	-10402.33	-10903.34	501.0119	0.209888	0.534471	0.22496	0.0306804	0.5678318	0.9895483	7.399634	1.357887
26958	-10401.43	-10902.64	501.2151	0.231345	0.503968	0.245929	0.0187571	0.5678318	1.114822	7.399634	1.011385
26964	-10410.99	-10913	502.013	0.167522	0.551855	0.236226	0.0443966	0.5025102	1.135279	6.99698	1.009019
26970	-10386.47	-10888.19	501.7211	0.151635	0.595057	0.213823	0.0394856	0.5000243	1.103498	7.099304	1.148157
26976	-10396.64	-10900.02	503.3793	0.1497	0.587463	0.199671	0.0631662	0.4860664	1.160828	6.325908	0.8767783
26982	-10392.7	-10894.96	502.2666	0.183108	0.591751	0.171034	0.0541069	0.5364794	1.140998	6.562796	1.563936
26988	-10411.72	-10914.14	502.4182	0.176254	0.561192	0.162202	0.100352	0.7315372	1.17576	6.562796	1.130673
26994	-10392.19	-10895.66	503.4655	0.204404	0.619197	0.140849	0.0355493	0.6560417	1.219681	6.013456	1.130673
27000	-10398.93	-10902.07	503.1337	0.200624	0.607744	0.15674	0.0348918	0.6156155	1.124603	6.346424	0.9858513
27006	-10382.51	-10885.85	503.3345	0.181952	0.617372	0.165231	0.0354445	0.6236014	1.165292	5.981433	1.432981
27012	-10390.42	-10892.05	501.622	0.279379	0.521434	0.164006	0.0351816	0.7546505	1.086754	6.786653	1.62985
27018	-10402.62	-10904.07	501.4408	0.264718	0.494071	0.222001	0.0192102	0.932789	1.011765	6.964388	1.332062
27024	-10390.45	-10891.98	501.5214	0.322725	0.431006	0.20815	0.0381189	0.8527392	1.117824	6.639379	1.930223
27030	-10388.32	-10890.3	501.9834	0.322725	0.431006	0.20815	0.0381189	0.9486887	1.089098	6.393335	1.830495
27036	-10387.61	-10889.18	501.5707	0.368789	0.401692	0.193993	0.0355263	1.025349	1.162392	6.675041	1.516376
27042	-10382.27	-10883.84	501.5741	0.360413	0.372605	0.232263	0.0347194	0.9138583	1.124936	6.514263	2.074744
27048	-10378.44	-10879.49	501.0475	0.415207	0.285581	0.267574	0.0316376	1.165278	1.038169	6.640496	2.257227
27054	-10380.86	-10881.94	501.0863	0.519943	0.15367	0.272305	0.0540823	1.022198	1.138756	6.640496	2.257227
27060	-10387.46	-10887.83	500.3686	0.517321	0.152895	0.236254	0.0935295	1.323551	1.145941	6.260302	4.19663
27066	-10390.46	-10891.22	500.7665	0.546807	0.174669	0.188827	0.0896973	1.515472	1.145941	6.161997	3.447945
27072	-10403.27	-10904.94	501.6757	0.616432	0.0719851	0.210464	0.101119	1.506252	1.196109	6.067948	2.200643
27078	-10390.55	-10892.66	502.1095	0.373453	0.431142	0.103881	0.0915241	1.096827	1.181539	6.043778	2.200643
27084	-10381.18	-10883.87	502.6848	0.231399	0.522817	0.153127	0.092658	0.8315125	1.197126	6.049833	1.75843
27090	-10401.38	-10904.26	502.8805	0.332911	0.458353	0.135865	0.0728714	1.211531	1.19045	5.740376	1.75843
27096	-10392.06	-10894.63	502.5646	0.33809	0.465484	0.120641	0.0757858	1.074989	1.179414	6.25167	1.206462
27102	-10397.83	-10899.23	501.4047	0.420999	0.188338	0.293676	0.0969869	1.507193	1.192486	6.25167	2.112198
27108	-10400.89	-10902.55	501.6613	0.394568	0.467483	0.0470506	0.090898	1.320609	1.212422	6.223181	2.032219
27114	-10393.88	-10895.98	502.1004	0.278126	0.491226	0.112757	0.117891	0.9325432	1.121505	6.546662	1.337026
27120	-10385	-10887.54	502.5424	0.278126	0.491226	0.112757	0.117891	1.052847	1.193795	6.157409	1.429264
27126	-10397.41	-10898.6	501.1861	0.302307	0.484414	0.0851377	0.128141	1.052847	1.054159	6.902716	1.567891
27132	-10395.16	-10896.81	501.6515	0.372374	0.41461	0.10334	0.109676	1.052847	1.107802	6.631651	1.547862
27138	-10393.56	-10893.97	500.4039	0.330224	0.442454	0.11028	0.117041	1.189892	1.070415	7.334957	1.372383
27144	-10387.85	-10887.41	499.5529	0.334936	0.448768	0.0774453	0.138851	1.189892	1.050536	7.512694	2.033363
27150	-10387.76	-10888.86	501.0905	0.386072	0.286857	0.155853	0.171218	1.182183	1.133252	6.551798	2.271184
27156	-10385.16	-10885.59	500.4292	0.445059	0.330685	0.156444	0.0678124	1.182183	1.126865	6.663119	2.983611
27162	-10391.27	-10892.2	500.9214	0.459221	0.322246	0.152451	0.0660818	1.013248	1.126865	6.760139	2.206819
27168	-10402.66	-10903.81	501.145	0.403996	0.29806	0.186029	0.111915	1.119756	1.186271	6.323255	2.839012
27174	-10401.56	-10902.44	500.879	0.445085	0.307724	0.131648	0.115544	1.351101	1.157719	6.587803	2.220634
27180	-10396.07	-10896.97	500.9033	0.514881	0.312484	0.0235934	0.149041	1.351101	1.098097	6.352953	2.935737
27186	-10406.44	-10906.73	500.2827	0.472256	0.286614	0.0972551	0.143875	1.325638	1.055114	6.886285	2.465882
27192	-10417.02	-10917.6	500.585	0.389652	0.296768	0.194871	0.118709	1.039565	0.9510542	6.886285	2.576306
27198	-10425.02	-10923.99	498.9651	0.389602	0.257425	0.22546	0.127513	1.311325	0.9514074	7.762809	2.179162
27204	-10421.57	-10920.62	499.0427	0.368681	0.317915	0.192738	0.120666	1.276946	1.001007	7.762809	2.048171
27210	-10383.95	-10884.67	500.723	0.502141	0.297448	0.0794807	0.12093	1.156442	1.106976	6.670642	2.563918
27216	-10381.93	-10882.55	500.621	0.503464	0.277124	0.111795	0.107618	1.269696	1.102523	6.670642	2.563918
27222	-10400.66	-10902.43	501.7792	0.45542	0.304456	0.142775	0.0973485	1.154498	1.244443	6.023717	2.563918
27228	-10398.6	-10899.48	500.8764	0.436178	0.27264	0.173134	0.118049	1.154498	1.15275	6.545646	2.615573
27234	-10407.98	-10907.47	499.4966	0.43963	0.243082	0.188656	0.128632	1.154498	1.105455	7.054903	3.424538
27240	-10400.96	-10901.31	500.3529	0.495951	0.274223	0.108072	0.121754	1.654192	1.127102	6.64563	2.494629
27246	-10397.42	-10899.35	501.9243	0.424025	0.283542	0.179363	0.113071	1.197107	1.123787	6.188349	2.037766
27252	-10393.89	-10894.1	500.2081	0.421018	0.281531	0.185182	0.112269	1.190473	1.127087	6.447003	4.112237
27258	-10406.95	-10907.08	500.1337	0.490006	0.319151	0.0731986	0.117644	1.342722	1.11679	6.412504	4.127535
27264	-10405.82	-10907.34	501.521	0.376093	0.340251	0.165796	0.11786	1.258091	1.137421	6.339682	2.111243
27270	-10406.07	-10907.84	501.7654	0.433312	0.32392	0.19039	0.052377	1.258091	1.200395	6.339682	1.711781
27276	-10404.11	-10905.68	501.5741	0.395056	0.428475	0.0923085	0.0841603	1.184239	1.155036	6.44237	1.858288
27282	-10388.72	-10890.27	501.5453	0.441217	0.339531	0.103094	0.116157	1.235352	1.115609	6.453284	1.858288
27288	-10399.75	-10901.67	501.9176	0.386935	0.372514	0.11311	0.127441	1.220279	1.115609	6.453284	1.426157
27294	-10415.76	-10917.04	501.2764	0.371467	0.478884	0.0645572	0.0850914	1.226126	1.086374	6.543562	2.042373
27300	-10406.38	-10908.09	501.7077	0.347012	0.487163	0.0603071	0.105519	1.130258	1.112514	6.543562	1.579134
27306	-10403.04	-10904.9	501.8532	0.336144	0.485925	0.0679582	0.109973	1.130258	1.089221	6.543562	1.437114
27312	-10411.13	-10911.79	500.6623	0.380016	0.478363	0.05409	0.0875308	1.300183	1.086302	6.490927	3.009744
27318	-10418.25	-10920.38	502.1341	0.382741	0.4419	0.0263764	0.148983	1.229335	1.196901	6.000182	2.081371
27324	-10423.59	-10924.96	501.374	0.383085	0.442297	0.0441497	0.130468	1.182353	1.107368	6.665126	1.656335
27330	-10403.87	-10905.13	501.2598	0.42185	0.291015	0.208286	0.0788484	1.122382	1.108161	6.344432	2.714267
27336	-10401.9	-10902.52	500.6246	0.46108	0.225248	0.227491	0.0861809	1.154734	1.067423	6.344432	3.846303
27342	-10390.63	-10891.55	500.9253	0.388692	0.336684	0.191775	0.0828496	1.223068	1.067423	6.832492	1.830652
27348	-10383.29	-10882.81	499.5267	0.395604	0.332876	0.189607	0.0819127	1.29581	1.139013	6.899	3.59636
27354	-10385.52	-10886.46	500.942	0.381902	0.321347	0.217675	0.0790756	1.139891	1.051452	6.769225	2.087993
27360	-10396.39	-10898.14	501.7503	0.456354	0.292782	0.156373	0.0944912	1.111046	1.152007	6.350599	1.9441
27366	-10391.73	-10892.37	500.6466	0.449687	0.288505	0.154089	0.107719	1.25556	1.243856	6.247978	3.624932
27372	-10387.01	-10888.03	501.0273	0.479013	0.242105	0.164138	0.114744	1.328463	1.128948	6.175226	3.263805
27378	-10399.56	-10898.46	498.898	0.543372	0.169166	0.186191	0.10127	1.443808	1.129603	7.025191	4.125082
27384	-10378.98	-10879.12	500.1426	0.497481	0.192588	0.19464	0.115292	1.248029	1.049485	6.510007	4.057221
27390	-10384.58	-10884.29	499.7183	0.620819	0.0781344	0.206696	0.0943506	1.400358	1.094527	6.994949	2.864868
27396	-10396.95	-10896.62	499.6675	0.638395	0.0803465	0.184236	0.0970218	1.484312	1.083172	6.438832	4.826436
27402	-10405.02	-10904.69	499.6732	0.569026	0.101896	0.219691	0.109387	1.609621	1.099412	6.683827	3.628385
27408	-10404.39	-10905.62	501.2252	0.521329	0.0876413	0.235883	0.155147	1.521465	1.120684	6.168992	2.685577
27414	-10396.64	-10896.52	499.8889	0.575114	0.0583553	0.260219	0.106312	1.44891	1.114278	6.607368	3.719728
27420	-10393.77	-10894.1	500.3322	0.494058	0.180041	0.222455	0.103447	1.317597	1.101497	6.782537	2.623412
27426	-10401.07	-10901.06	499.9924	0.481909	0.200203	0.216985	0.100903	1.297671	1.036046	6.87332	3.034759
27432	-10408.94	-10908.91	499.9696	0.521993	0.209754	0.171587	0.0966666	1.199756	0.9644975	6.97325	3.034759
27438	-10414.89	-10914.28	499.3854	0.521993	0.209754	0.171587	0.0966666	1.207566	0.9644975	7.25277	3.131729
27444	-10391.77	-10892.57	500.7959	0.417384	0.359293	0.124977	0.0983466	1.034796	1.162321	6.712508	2.432674
27450	-10392.53	-10893.47	500.9373	0.417384	0.359293	0.124977	0.0983466	0.986468	1.069155	6.712508	2.432674
27456	-10390.82	-10892.06	501.2401	0.417384	0.359293	0.124977	0.0983466	1.274302	1.119397	6.602979	1.844048
27462	-10395	-10895.72	500.7285	0.48388	0.360194	0.0325978	0.123328	1.304188	1.08742	6.780754	2.091024
27468	-10407.9	-10908.42	500.5253	0.48388	0.360194	0.0325978	0.123328	1.314535	1.021534	7.012721	1.865178
27474	-10403.77	-10904.76	500.9823	0.350504	0.401162	0.0869997	0.161334	1.273	0.942895	6.95558	1.576076
27480	-10392.69	-10893.75	501.0597	0.384143	0.343689	0.0953494	0.176818	1.263719	1.05621	6.715735	1.901726
27486	-10397.16	-10897.21	500.0491	0.396089	0.328425	0.0935244	0.181961	1.295936	1.084177	6.951584	2.633774
27492	-10415.23	-10916.21	500.9721	0.369817	0.466799	0.087321	0.0760632	1.2281	1.081059	6.874969	1.652015
27498	-10412.27	-10912.83	500.558	0.351955	0.443774	0.130105	0.0741662	0.99598	1.049233	7.221338	1.684915
27504	-10404.79	-10905.28	500.4917	0.423591	0.358285	0.13522	0.0829045	1.367759	1.065819	6.968869	1.894322
27510	-10389.15	-10892.26	503.1137	0.423068	0.359077	0.135053	0.0828021	1.086843	1.080676	5.831115	1.552523
27516	-10384.61	-10888.12	503.5048	0.42225	0.358383	0.134792	0.0845752	1.284915	1.218896	5.541249	1.337846
27522	-10386.98	-10888.3	501.3145	0.496044	0.169458	0.188827	0.145671	1.274714	1.207496	6.183918	2.710388
27528	-10401.13	-10900.47	499.3424	0.521881	0.12945	0.195411	0.153258	1.309828	1.115254	6.99282	3.635823
27534	-10388.9	-10889.29	500.3898	0.586975	0.0714915	0.16916	0.172374	1.461402	1.093874	6.27709	3.948662
27540	-10393.25	-10893.89	500.6409	0.499298	0.140974	0.183927	0.1758	1.264498	1.094414	6.707434	2.450915
27546	-10395.84	-10896.3	500.46	0.586932	0.0902685	0.21621	0.106589	1.426519	1.092733	6.707434	2.50517
27552	-10395.64	-10896.66	501.0202	0.535657	0.0823825	0.284683	0.0972776	1.571658	1.122171	6.48028	2.082898
27558	-10393.06	-10891.4	498.3379	0.546512	0.139228	0.215011	0.0992489	1.498994	1.013431	7.677998	3.033897
27564	-10408.06	-10908.37	500.3084	0.545774	0.104819	0.250293	0.0991148	1.45435	1.14049	6.581111	3.001746
27570	-10423.61	-10924.24	500.6311	0.55213	0.12431	0.136608	0.186952	1.475611	1.120055	6.613122	2.405592
27576	-10399.03	-10901.38	502.3549	0.416562	0.2576	0.160969	0.164868	1.381557	1.175801	5.807323	2.100756
27582	-10391.01	-10890.45	499.4393	0.545937	0.158714	0.170316	0.125033	1.363572	1.05594	6.931367	3.688454
27588	-10407.75	-10907.75	500.0009	0.581628	0.16909	0.116075	0.133207	1.447595	1.020809	6.931367	2.654172
27594	-10380.3	-10880.89	500.5857	0.572366	0.0813212	0.246553	0.0997592	1.256423	1.210896	6.534981	2.862944
27600	-10393.37	-10893.82	500.4516	0.572366	0.0813212	0.246553	0.0997592	1.442736	1.194611	6.157994	4.094615
27606	-10406.1	-10907.65	501.5487	0.588904	0.0633449	0.247577	0.100174	1.442736	1.238792	5.744499	3.36312
27612	-10398.44	-10898.53	500.086	0.513173	0.159475	0.225652	0.1017	1.27434	1.169579	6.949512	2.483615
27618	-10390.95	-10890.64	499.6959	0.514886	0.160007	0.280591	0.0445164	1.344269	1.169812	6.758885	3.625569
27624	-10403.88	-10904.56	500.6845	0.389691	0.268789	0.315511	0.0260094	1.142039	1.16985	6.971132	1.777571
27630	-10398.91	-10900.51	501.5975	0.416682	0.216266	0.339241	0.0278109	1.142039	1.164192	6.284096	2.262754
27636	-10419.42	-10920.4	500.9725	0.551537	0.0760237	0.269921	0.102518	1.63963	1.093807	6.284096	2.636174
27642	-10422.79	-10923.44	500.6437	0.523627	0.0621225	0.28478	0.12947	1.936075	1.133013	6.078963	3.353831
27648	-10412.26	-10913.34	501.085	0.610495	0.0724285	0.166127	0.150949	1.740819	1.176663	6.078963	2.792098
27654	-10387.52	-10888.29	500.7692	0.498995	0.250358	0.135786	0.114861	1.44225	1.140171	6.084623	3.840553
27660	-10400.19	-10901.3	501.104	0.50356	0.273958	0.106571	0.115911	1.577562	1.109144	6.233466	2.633425
27666	-10390.46	-10891.26	500.8019	0.516354	0.246791	0.113456	0.1234	1.298586	1.109144	6.618845	2.387245
27672	-10387.73	-10888.39	500.6628	0.537377	0.256838	0.0773609	0.128424	1.308692	1.220582	6.399678	3.053145
27678	-10392.91	-10893.75	500.838	0.445713	0.266076	0.177892	0.110319	1.304311	1.116417	6.764348	1.946192
27684	-10403.43	-10905.26	501.8245	0.440357	0.255533	0.181944	0.122165	1.164647	1.173444	5.762952	3.381392
27690	-10414.72	-10915.3	500.5844	0.474021	0.323285	0.102214	0.10048	1.125484	1.173444	6.459466	3.379173
27696	-10390.56	-10892.04	501.4773	0.409338	0.415627	0.0882666	0.0867686	1.16638	1.126166	6.426515	2.085467
27702	-10399.47	-10900.38	500.9093	0.389149	0.368625	0.16527	0.0769563	1.077832	1.108823	6.756076	2.170255
27708	-10405.4	-10907.77	502.3686	0.383461	0.456576	0.0841311	0.0758316	1.077832	1.130383	6.096935	1.818036
27714	-10390.42	-10893.34	502.9124	0.342276	0.415928	0.168657	0.073139	0.9893492	1.258149	5.778124	1.818036
27720	-10386.77	-10888.88	502.1052	0.333427	0.417182	0.164296	0.0850957	1.101187	1.212319	6.335397	1.479555
27726	-10405.63	-10907.25	501.6143	0.24747	0.567431	0.121941	0.0631582	0.6943952	1.090123	6.843995	1.584139
27732	-10401.98	-10903.65	501.667	0.289718	0.471439	0.160583	0.0782606	0.8855798	1.128403	6.843995	1.254501
27738	-10384.44	-10886.33	501.8823	0.297718	0.484456	0.137405	0.0804214	0.8272513	1.104298	6.864504	1.07738
27744	-10383.83	-10885.5	501.6699	0.247476	0.617823	0.032139	0.102561	0.9483932	1.103575	6.864504	1.169044
27750	-10392.68	-10895.81	503.1281	0.236627	0.570199	0.115664	0.0775094	1.011599	1.157798	6.010085	1.169044
27756	-10382.89	-10885.86	502.9671	0.25067	0.466706	0.164878	0.117746	0.8719132	1.200188	6.137348	1.197391
27762	-10393.93	-10894.43	500.4966	0.35313	0.39004	0.158426	0.098404	0.9040527	1.09126	7.160051	1.973193
27768	-10397.88	-10898.53	500.645	0.332154	0.366872	0.208415	0.0925589	1.013268	1.013711	6.8942	2.409447
27774	-10393.66	-10894.08	500.4176	0.332154	0.366872	0.208415	0.0925589	1.002957	1.058286	6.874234	2.761675
27780	-10404.33	-10904.69	500.3517	0.185916	0.568732	0.15612	0.0892328	0.6752439	1.053213	7.675175	1.323525
27786	-10401.92	-10904.36	502.44	0.149038	0.589814	0.189615	0.0715329	0.62134	1.090228	6.60857	1.231657
27792	-10404.33	-10906.04	501.7014	0.206053	0.621916	0.0731326	0.0988982	0.8843186	1.090228	6.816804	1.314785
27798	-10399.14	-10901.17	502.0284	0.205963	0.621645	0.0735371	0.098855	0.8305202	1.071605	6.816804	1.048507
27804	-10406.92	-10908.68	501.7636	0.30502	0.40163	0.219265	0.0740844	0.9902141	1.067965	6.873489	1.048507
27810	-10389.96	-10891.16	501.2046	0.339653	0.381616	0.208338	0.0703926	0.9300508	1.109033	6.994064	1.429036
27816	-10382.34	-10884.68	502.3427	0.382237	0.36012	0.196603	0.0610409	0.9300508	1.187064	6.33664	1.429036
27822	-10389.27	-10892.25	502.9882	0.406745	0.319091	0.209209	0.0649547	1.037458	1.177233	5.98565	1.318889
27828	-10390.9	-10893.62	502.7233	0.278535	0.456163	0.211638	0.0536646	0.9863145	1.195272	6.200128	1.215189
27834	-10391.77	-10894.23	502.4661	0.300338	0.49187	0.149927	0.0578653	0.81888	1.135699	6.465277	1.215189
27840	-10392.86	-10894.72	501.8592	0.268124	0.497983	0.182234	0.0516588	0.7964524	1.124049	6.613441	1.632395
27846	-10385.2	-10886.99	501.7916	0.366078	0.287186	0.303421	0.0433148	0.981118	1.046632	6.613441	1.578762
27852	-10398.3	-10900.71	502.4082	0.416704	0.300146	0.214735	0.0684153	1.199192	1.12977	6.118361	1.578762
27858	-10406.32	-10908.04	501.7255	0.329673	0.379637	0.236563	0.0541264	0.8493843	1.246987	6.238319	2.50599
27864	-10407.03	-10909.25	502.222	0.371452	0.392944	0.17411	0.0614934	1.163947	1.059691	6.536781	1.051562
27870	-10409.61	-10911.13	501.5184	0.410299	0.375998	0.179543	0.0341602	0.9941079	1.139498	6.543462	1.949101
27876	-10387.06	-10889.33	502.2689	0.37437	0.389036	0.163821	0.0727729	0.8978112	1.125036	6.55689	1.16968
27882	-10376.81	-10879.17	502.3604	0.292814	0.466889	0.196604	0.0436925	0.8943366	1.132394	6.459377	1.259863
27888	-10389.68	-10892.34	502.666	0.285295	0.454899	0.217236	0.0425704	0.97557	1.152021	6.459377	0.8456343
27894	-10393.08	-10894.76	501.6719	0.349749	0.381261	0.188349	0.0806415	1.102626	1.071742	6.40615	2.029613
27900	-10413.7	-10914.54	500.8326	0.350166	0.376391	0.192706	0.0807376	1.024812	1.016714	7.128999	1.565899
27906	-10399.79	-10901.87	502.0838	0.401488	0.427125	0.0999774	0.0714099	1.27893	1.12817	6.128668	1.866271
27912	-10394.07	-10895.61	501.5428	0.443442	0.260923	0.216763	0.0788721	1.153012	1.170949	6.303887	2.264175
27918	-10383.33	-10884.46	501.1254	0.408454	0.324822	0.203772	0.0629529	1.284024	1.02667	6.522199	2.3159
27924	-10397.62	-10899	501.384	0.561735	0.216643	0.160984	0.0606378	1.271277	1.156048	5.879838	3.64648
27930	-10391.63	-10893.66	502.0295	0.382512	0.269468	0.315787	0.0322334	1.359266	1.122751	6.201968	1.680587
27936	-10395.04	-10896.71	501.6748	0.44695	0.147386	0.368001	0.0376634	1.289519	1.030301	6.479109	1.680587
27942	-10393.14	-10893.22	500.0823	0.474577	0.0549993	0.390748	0.0796764	1.370131	1.015684	6.812203	2.998014
27948	-10394.93	-10897.47	502.5396	0.499586	0.159331	0.257208	0.0838752	1.200804	1.183917	5.750698	2.206744
27954	-10395.72	-10898.45	502.7282	0.463746	0.219641	0.238756	0.077858	1.130919	1.250467	5.740135	1.976148
27960	-10406.46	-10907.52	501.0637	0.516537	0.241118	0.146813	0.0955316	1.158943	1.109111	6.295939	3.123697
27966	-10391.75	-10892.62	500.8617	0.487662	0.22337	0.136006	0.152962	1.330487	1.109111	6.394189	2.89177
27972	-10403.71	-10905.07	501.3604	0.493374	0.214273	0.137599	0.154754	1.266719	1.116987	6.150857	2.891191
27978	-10393.72	-10894.08	500.3622	0.430005	0.315192	0.119926	0.134877	1.266719	1.146715	7.00154	1.999287
27984	-10393.34	-10894.1	500.7667	0.526363	0.161735	0.1468	0.165101	1.69326	1.199434	5.873765	4.072965
27990	-10383.24	-10884.34	501.0953	0.534184	0.136176	0.162054	0.167586	1.299241	1.177422	6.210309	2.999333
27996	-10389.89	-10890.8	500.9112	0.495388	0.178375	0.170822	0.155415	1.245468	1.112939	6.272786	3.314889
28002	-10387.58	-10888.61	501.0281	0.570489	0.168589	0.179419	0.0815032	1.36519	1.098888	6.272786	2.951204
28008	-10386.13	-10887.63	501.5013	0.525044	0.170348	0.222254	0.0823537	1.29495	1.098888	6.272786	2.318326
28014	-10408.13	-10908.8	500.6659	0.534156	0.173305	0.208757	0.0837829	1.23028	1.093979	6.527803	2.985242
28020	-10398.84	-10899.73	500.8877	0.469519	0.197717	0.238163	0.0946005	1.158245	1.129947	6.42501	2.985242
28026	-10401.79	-10903.24	501.4537	0.391517	0.323313	0.198597	0.0865726	1.193509	1.071377	6.707714	1.498502
28032	-10401.58	-10902.35	500.7779	0.410206	0.304482	0.1666	0.118712	1.084487	1.071377	7.0809	1.602375
28038	-10388.5	-10890.36	501.86	0.464892	0.229941	0.202946	0.102221	1.177732	1.098911	6.379006	1.723894
28044	-10387.14	-10888.31	501.1722	0.44885	0.257849	0.195943	0.0973578	1.310266	1.098911	6.476652	2.231897
28050	-10403.97	-10906.27	502.3044	0.432474	0.241935	0.258574	0.0670162	1.14976	1.142605	5.918689	2.231897
28056	-10393.3	-10895.63	502.332	0.523172	0.105977	0.312802	0.0580496	1.14976	1.059161	6.187978	1.657863
28062	-10386.29	-10886.7	500.4103	0.506608	0.149011	0.278787	0.0655941	1.26266	1.094037	6.705908	2.815157
28068	-10405.68	-10906.28	500.5964	0.495295	0.145684	0.272561	0.0864611	1.482406	1.075823	6.353785	3.297093
28074	-10399.96	-10902.49	502.5353	0.407658	0.198839	0.3115	0.0820022	1.033346	1.109764	6.173443	1.522489
28080	-10405.63	-10907.03	501.3941	0.329471	0.278769	0.332569	0.0591915	1.194203	1.076633	6.458707	2.149787
28086	-10399.05	-10900.99	501.9358	0.447637	0.300399	0.208144	0.04382	1.024787	1.129065	6.633685	1.23206
28092	-10393.81	-10895.48	501.6655	0.416871	0.222577	0.320088	0.0404634	0.9942252	1.040376	6.633685	1.677128
28098	-10405.59	-10905.9	500.3114	0.414666	0.335563	0.225723	0.0240476	1.144423	1.089514	6.876043	2.656422
28104	-10402.28	-10903.63	501.3473	0.52203	0.121537	0.340755	0.0156786	1.222286	1.056412	6.388977	2.390666
28110	-10411.27	-10910.02	498.7519	0.482661	0.129751	0.371589	0.0159989	1.467176	1.078444	7.56651	2.641241
28116	-10408.94	-10908.22	499.288	0.528726	0.178484	0.232873	0.0599165	1.408203	1.090245	7.300568	2.641241
28122	-10409.46	-10910.49	501.0284	0.506585	0.171009	0.223754	0.0986522	1.475179	1.225059	6.419998	2.197154
28128	-10418.69	-10918.38	499.6849	0.566204	0.104714	0.159426	0.169656	1.317054	1.161571	6.720782	3.844387
28134	-10423.74	-10923.93	500.1869	0.579226	0.107813	0.138283	0.174678	1.469652	1.075354	6.720782	2.861724
28140	-10401.52	-10901.72	500.1995	0.642976	0.0883397	0.118719	0.149965	1.566678	1.044805	6.359992	3.94131
28146	-10403.94	-10904.22	500.2795	0.614818	0.100756	0.141094	0.143332	1.577114	1.113208	5.814903	5.848646
28152	-10409.14	-10911.34	502.2004	0.428702	0.222032	0.224787	0.124478	1.174414	1.103285	6.005231	2.177545
28158	-10419	-10921.4	502.3932	0.527646	0.273277	0.0458689	0.153208	1.33901	1.186844	5.422269	3.163697
28164	-10417.67	-10918.06	500.3928	0.50222	0.260946	0.0508954	0.185939	1.348052	1.104408	6.49561	3.354505
28170	-10413.39	-10915.89	502.5007	0.409471	0.41022	0.0266359	0.153673	1.180679	1.209916	5.673326	2.456853
28176	-10400.95	-10902.61	501.6553	0.399506	0.400237	0.0503236	0.149933	1.150688	1.11532	6.249675	2.32884
28182	-10413.62	-10915.75	502.1308	0.392751	0.39347	0.121072	0.0927072	1.154114	1.109577	6.125395	1.990083
28188	-10413.17	-10913.95	500.7768	0.558639	0.148898	0.0878078	0.204655	1.54666	1.198441	6.162774	3.2852
28194	-10410.35	-10913.25	502.8985	0.473433	0.278712	0.074415	0.17344	1.494607	1.187791	5.09671	3.070405
28200	-10399.03	-10900.35	501.316	0.498013	0.293182	0.040595	0.16821	1.428584	1.164097	6.135508	2.698111
28206	-10419.95	-10920.9	500.9524	0.462041	0.272005	0.185526	0.0804278	1.225772	1.050434	6.848808	1.776538
28212	-10400.01	-10900.94	500.9318	0.417629	0.24586	0.221462	0.11505	1.268194	1.031542	6.848808	1.776538
28218	-10404.16	-10904.85	500.6964	0.494043	0.157669	0.261983	0.0863049	1.174263	1.041098	7.017957	1.776538
28224	-10408.04	-10908.08	500.0395	0.494043	0.157669	0.261983	0.0863049	1.333396	1.040931	7.379274	1.577626
28230	-10406.73	-10907.86	501.1308	0.404768	0.252158	0.214642	0.128431	1.221915	1.052874	6.746098	1.79289
28236	-10409.48	-10911.19	501.7139	0.447394	0.222455	0.237246	0.0929041	1.221915	1.052874	6.430639	1.79289
28242	-10408.09	-10908.81	500.7131	0.5054	0.208349	0.222202	0.064049	1.233788	0.9767653	6.789884	2.335576
28248	-10403.68	-10904.44	500.7645	0.420386	0.340048	0.186291	0.0532752	1.046728	1.063721	6.963178	1.949333
28254	-10390	-10890.5	500.4993	0.556055	0.0891639	0.271401	0.0833803	1.333827	0.9754116	6.714311	2.733705
28260	-10389.06	-10888.98	499.9202	0.532799	0.0956053	0.291008	0.0805875	1.301031	1.021713	7.225792	2.160194
28266	-10387.32	-10887.08	499.7613	0.508571	0.153988	0.308274	0.0291671	1.405614	1.076265	7.16873	2.324774
28272	-10400.93	-10901.26	500.3326	0.531095	0.121623	0.26427	0.0830116	1.301401	1.074738	6.520731	3.510149
28278	-10392.67	-10893.31	500.6438	0.399629	0.263667	0.262479	0.0742248	1.011152	1.070042	7.267528	1.439718
28284	-10388.94	-10890.53	501.5874	0.394486	0.315531	0.216714	0.0732696	1.011152	1.063642	6.76295	1.439718
28290	-10414.36	-10916.58	502.2172	0.346443	0.315361	0.274571	0.0636247	0.9548292	1.110358	6.427547	1.439718
28296	-10421.66	-10923.85	502.1839	0.305124	0.417296	0.228074	0.0495067	0.9796139	1.053271	6.463009	1.439718
28302	-10408.15	-10908.22	500.0767	0.420998	0.419188	0.0239969	0.135818	1.423484	1.084677	7.045085	2.169341
28308	-10399.76	-10899.06	499.2938	0.462356	0.389245	0.0222828	0.126116	1.405452	1.084677	6.642947	4.973019
28314	-10398.18	-10899.81	501.6343	0.369007	0.45982	0.0278077	0.143366	1.233158	1.079836	6.471675	1.750719
28320	-10394.68	-10897.1	502.4134	0.396005	0.444309	0.0246231	0.135063	1.251043	1.13288	6.120964	1.506439
28326	-10391.84	-10893.83	501.9862	0.432154	0.439851	0.0187373	0.109257	1.070359	1.230861	5.937188	2.635643
28332	-10396.01	-10898.05	502.0342	0.368115	0.487327	0.0235073	0.12105	1.035644	1.182892	5.985119	2.55332
28338	-10421.19	-10921.76	500.565	0.369477	0.48913	0.0198946	0.121498	1.196909	1.151355	6.242105	4.092465
28344	-10415.22	-10916.19	500.9785	0.315662	0.458043	0.112519	0.113776	1.104756	1.11082	6.087154	4.092465
28350	-10408.86	-10911.36	502.5013	0.390312	0.415037	0.101954	0.0926963	1.089789	1.11082	6.1472	1.552535
28356	-10412.62	-10916.31	503.6863	0.406447	0.343337	0.140996	0.109219	1.216003	1.229282	5.229602	1.859058
28362	-10414.95	-10916.45	501.4998	0.414333	0.330596	0.143732	0.111338	1.385974	1.193689	5.983392	2.863427
28368	-10405.82	-10905.82	500.0022	0.414706	0.3928	0.0846746	0.107819	1.275978	1.064723	6.974364	2.699871
28374	-10396.11	-10897.12	501.0079	0.392897	0.409849	0.0867684	0.110485	1.298212	1.050142	6.867876	1.584025
28380	-10407.96	-10908.64	500.6781	0.342661	0.449428	0.11295	0.0949617	0.8397274	1.028065	6.765609	2.985661
28386	-10390.03	-10891.7	501.6697	0.353863	0.413673	0.103964	0.1285	1.122819	1.108451	6.616006	1.480189
28392	-10417.68	-10919.2	501.5183	0.311507	0.469233	0.0735016	0.145759	0.9965297	1.148206	6.616006	1.763245
28398	-10416.55	-10918.72	502.1691	0.319155	0.480755	0.0753064	0.124784	1.063122	1.050656	6.263492	1.80213
28404	-10407.88	-10909.09	501.2045	0.309703	0.43464	0.185291	0.0703661	0.9428021	1.071882	6.698488	2.146688
28410	-10403.63	-10904.76	501.1333	0.326528	0.353084	0.269857	0.0505308	1.106679	1.094982	6.915741	1.492076
28416	-10395.21	-10895.31	500.0969	0.546542	0.105527	0.293056	0.0548749	1.3079	1.060093	6.915741	2.683258
28422	-10408.71	-10908.72	500.0178	0.463636	0.260052	0.144451	0.131862	1.381457	1.006713	6.629841	3.713588
28428	-10418.9	-10919.99	501.0877	0.454347	0.255363	0.166669	0.123621	1.254324	1.074356	6.336861	2.866204
28434	-10396.68	-10897.77	501.0884	0.509582	0.195809	0.206051	0.0885582	1.325042	1.074261	6.555658	2.16064
28440	-10412.22	-10913.15	500.9289	0.506863	0.2001	0.204951	0.0880856	1.20328	1.060739	6.288577	3.395342
28446	-10408.48	-10908.89	500.4077	0.505439	0.199538	0.204375	0.0906481	1.149228	1.177681	6.653441	3.016874
28452	-10396.74	-10898.09	501.3542	0.452185	0.269676	0.197042	0.0810972	0.9998751	1.114299	6.584943	2.092323
28458	-10400.13	-10902.4	502.269	0.38938	0.394796	0.14599	0.0698334	1.008296	1.163233	6.057119	2.092323
28464	-10406.39	-10910.2	503.8126	0.348899	0.357383	0.232498	0.0612197	0.9875966	1.163233	5.719225	1.031306
28470	-10407.58	-10910.68	503.0963	0.338455	0.417189	0.167814	0.0765416	1.01863	1.222146	5.803405	1.545242
28476	-10408.33	-10910.47	502.1357	0.364966	0.31564	0.252317	0.0670771	1.12739	1.038859	6.368572	1.545242
28482	-10419.82	-10922.04	502.222	0.302887	0.432047	0.209399	0.0556676	1.131508	1.096745	6.368572	1.375492
28488	-10411.52	-10913.32	501.7916	0.303853	0.433424	0.206878	0.0558451	1.002352	0.9488575	6.883772	1.109668
28494	-10405.09	-10906.81	501.7141	0.289911	0.577265	0.0584455	0.0743784	1.036	0.9802394	6.751709	1.386451
28500	-10400.16	-10901.76	501.5971	0.316286	0.521588	0.0528084	0.109318	1.085541	1.048593	6.751709	1.386451
28506	-10399.99	-10901.24	501.2484	0.366654	0.445401	0.0612182	0.126727	1.136972	1.113198	6.523794	2.210448
28512	-10398.85	-10900.23	501.3872	0.376185	0.407591	0.10329	0.112934	1.268364	1.089954	6.379865	2.24728
28518	-10396.54	-10898.52	501.9789	0.465408	0.267084	0.127788	0.13972	1.271928	1.080331	6.230115	1.831305
28524	-10402.78	-10904.09	501.3072	0.43542	0.225481	0.231189	0.10791	1.5133	1.153677	5.903938	3.316365
28530	-10411.87	-10912.85	500.977	0.465565	0.296235	0.0921323	0.146067	1.171409	1.114447	6.510348	2.595225
28536	-10415.14	-10916.14	500.996	0.449629	0.331555	0.103117	0.115699	1.14598	0.979492	6.776883	2.08522
28542	-10394.4	-10894.97	500.5628	0.436321	0.360902	0.0608985	0.141879	1.429415	1.047536	6.894805	1.933104
28548	-10401.81	-10902.24	500.4302	0.404328	0.345567	0.101484	0.148621	1.09183	1.022062	6.66815	3.294792
28554	-10406.18	-10907.61	501.4353	0.457075	0.334336	0.0405785	0.16801	1.282925	1.074978	6.584283	1.688744
28560	-10420.02	-10921.36	501.3363	0.412175	0.301493	0.134826	0.151506	1.290153	1.021997	6.068642	3.314462
28566	-10402.57	-10904.53	501.9566	0.417896	0.305677	0.136697	0.139731	1.290153	1.148369	6.068642	2.141822
28572	-10395.81	-10896.23	500.425	0.467077	0.281477	0.0952711	0.156175	1.217539	1.063672	6.980508	2.141822
28578	-10396.39	-10898.29	501.8986	0.407221	0.275444	0.263615	0.0537208	1.217539	1.067524	6.18092	2.141822
28584	-10403.61	-10905.53	501.9158	0.423695	0.266862	0.224955	0.0844877	1.429047	1.047702	6.33354	1.542321
28590	-10395.54	-10897.24	501.6979	0.402265	0.224933	0.292587	0.0802144	1.049586	1.096051	6.33354	2.21559
28596	-10412.75	-10914.37	501.6232	0.417493	0.275867	0.215502	0.0911379	1.147227	1.075807	6.33354	2.21559
28602	-10408.7	-10909.35	500.6452	0.502239	0.128877	0.259246	0.109638	1.334456	1.017572	6.667541	2.574954
28608	-10414.91	-10915.56	500.6516	0.493237	0.10357	0.2546	0.148594	1.334456	1.07628	6.488089	3.000895
28614	-10413.3	-10913.76	500.457	0.531587	0.0642845	0.243982	0.160147	1.200611	1.12155	6.53659	3.317026
28620	-10408.04	-10908	499.9619	0.575902	0.0878792	0.273909	0.0623097	1.188581	1.127055	6.53659	4.282283
28626	-10414.11	-10913.85	499.74	0.591031	0.100251	0.240758	0.0679601	1.627091	1.117561	6.451189	4.282283
28632	-10418.67	-10920.59	501.918	0.52109	0.161961	0.247579	0.06937	1.188364	1.137514	6.027688	2.456388
28638	-10401.48	-10902.43	500.9542	0.496585	0.154344	0.235936	0.113135	1.498538	1.077071	6.486065	2.310793
28644	-10385.67	-10887.81	502.1408	0.481805	0.212483	0.228914	0.0767979	1.403368	1.235226	5.725751	2.508633
28650	-10384.57	-10886.3	501.7249	0.443237	0.309244	0.149512	0.0980073	1.223204	1.170607	6.13216	2.361489
28656	-10386.3	-10887.13	500.8316	0.521083	0.180267	0.17577	0.12288	1.265882	1.050246	6.411146	3.086523
28662	-10399.29	-10900.13	500.8377	0.417504	0.278828	0.205214	0.0984544	1.28104	1.050246	6.597515	2.50395
28668	-10387.08	-10888.16	501.0781	0.42723	0.285323	0.209995	0.0774516	1.304958	1.062841	6.612895	2.070483
28674	-10389.24	-10889.92	500.6844	0.469077	0.280177	0.123309	0.127437	1.321286	1.057056	6.744764	2.265738
28680	-10397.05	-10898.09	501.0439	0.45409	0.274742	0.146203	0.124965	1.2345	1.150474	6.411518	2.626007
28686	-10406.15	-10907.4	501.2553	0.496481	0.242718	0.159851	0.100951	1.276647	1.079493	6.41163	2.356537
28692	-10389.8	-10891.68	501.8754	0.565993	0.186589	0.169812	0.0776061	1.138439	1.174005	5.874248	2.983763
28698	-10405.31	-10906.49	501.1744	0.461249	0.337121	0.138386	0.0632441	1.249718	1.079296	6.683821	1.817389
28704	-10390.83	-10892.65	501.8207	0.437646	0.287023	0.180746	0.0945854	1.107061	1.114191	6.327367	1.962692
28710	-10402.68	-10905.33	502.6495	0.426864	0.298746	0.176293	0.0980978	1.387315	1.299812	5.489076	2.320289
28716	-10401.95	-10904.75	502.7966	0.53889	0.171874	0.159939	0.129297	1.458448	1.274377	5.496577	2.044253
28722	-10396.28	-10899.36	503.0842	0.53096	0.169344	0.157586	0.14211	1.35436	1.190545	5.565056	1.738918
28728	-10387.35	-10888.71	501.3563	0.490238	0.213189	0.174557	0.122016	1.382892	1.119704	6.109694	2.844778
28734	-10385.84	-10886.37	500.5284	0.486873	0.229663	0.173358	0.110105	1.382892	1.095731	6.728488	2.398698
28740	-10404.58	-10904.85	500.2648	0.582131	0.133608	0.207276	0.0769851	1.410126	1.092196	6.56298	3.283991
28746	-10418.85	-10919.45	500.6001	0.572195	0.114037	0.238098	0.075671	1.410126	1.092196	6.634523	2.51992
28752	-10420.19	-10919.73	499.5347	0.580541	0.194645	0.0842034	0.14061	1.884952	1.060602	6.916642	2.802257
28758	-10411.13	-10911.04	499.9018	0.586402	0.136724	0.134843	0.14203	1.417959	1.07963	6.916642	2.802257
28764	-10410.28	-10910.67	500.3951	0.539852	0.165989	0.146536	0.147623	1.525204	1.075828	6.341535	3.638069
28770	-10401.79	-10902.48	500.6959	0.522443	0.205706	0.17038	0.101471	1.240401	1.103299	6.446688	3.156271
28776	-10405.86	-10906.32	500.4608	0.494239	0.217884	0.110535	0.177343	1.543048	1.096666	6.446688	3.108256
28782	-10407.23	-10908.66	501.4362	0.571943	0.0846112	0.264584	0.0788622	1.196101	1.046445	5.98954	3.510016
28788	-10392.13	-10892.52	500.3954	0.488591	0.216191	0.179678	0.11554	1.319802	1.076773	6.924191	2.178549
28794	-10405.55	-10904.12	498.5719	0.46499	0.240486	0.160999	0.133524	1.319802	1.012189	7.665444	2.949717
28800	-10414.12	-10916.4	502.2719	0.491338	0.241556	0.120388	0.146718	1.228747	1.064155	6.010106	2.050662
28806	-10401	-10903.1	502.1006	0.451836	0.264383	0.164014	0.119767	1.228747	1.158671	5.832274	2.632708
28812	-10412.94	-10915.41	502.4752	0.478398	0.239847	0.130269	0.151487	1.164462	1.13137	5.840519	2.188921
28818	-10413.73	-10914.79	501.066	0.349041	0.34452	0.195913	0.110526	1.066064	1.063568	6.853159	1.799532
28824	-10413.57	-10914.97	501.404	0.342357	0.337922	0.20387	0.115851	1.073593	1.022727	6.639312	1.916849
28830	-10408.73	-10910.13	501.4002	0.400732	0.323694	0.118785	0.15679	1.079766	1.030759	6.639312	1.9034
28836	-10392.3	-10895.34	503.0433	0.410064	0.331232	0.121551	0.137153	1.079766	1.18022	5.631065	1.981123
28842	-10398.24	-10900.25	502.0138	0.44533	0.364864	0.0408576	0.148948	1.094377	1.184333	5.631065	3.579103
28848	-10401.18	-10902.1	500.9168	0.351495	0.416882	0.0614392	0.170184	1.303519	1.105618	6.778126	1.826306
28854	-10409.2	-10909.86	500.6642	0.346615	0.437473	0.152589	0.0633229	1.327849	1.098763	6.630397	2.536206
28860	-10410.25	-10912.16	501.9081	0.35578	0.44904	0.10003	0.0951511	1.146665	1.125791	6.487244	1.433432
28866	-10394.79	-10896.23	501.4433	0.481745	0.372773	0.0664919	0.0789902	1.161835	1.125791	6.391618	2.228103
28872	-10393.25	-10894.31	501.0558	0.466779	0.281838	0.121492	0.129892	1.161201	1.08364	6.252341	3.318115
28878	-10399.8	-10900.23	500.4227	0.460713	0.278175	0.140601	0.120511	1.158965	1.191741	6.723194	2.744
28884	-10379.42	-10879.38	499.961	0.495419	0.239235	0.190039	0.0753067	1.42652	1.082254	7.031674	2.36923
28890	-10398.64	-10900.06	501.4143	0.52906	0.15195	0.205312	0.113678	1.405182	1.165599	6.115931	2.630862
28896	-10395.5	-10897	501.4998	0.592832	0.131912	0.207431	0.0678252	1.405182	1.080095	6.115931	2.630862
28902	-10394.23	-10895.65	501.427	0.511645	0.135823	0.208971	0.14356	1.425927	1.097379	6.11546	2.689989
28908	-10382.07	-10882.44	500.3729	0.474154	0.197396	0.258189	0.0702611	1.347803	1.082226	6.698054	2.792605
28914	-10384.16	-10884.6	500.4417	0.565968	0.0613788	0.308184	0.0644696	1.472033	1.082226	6.397609	3.434158
28920	-10398.1	-10898.17	500.0758	0.551434	0.0598026	0.285726	0.103038	1.146275	1.127009	6.494213	4.292105
28926	-10407.96	-10908.38	500.4179	0.547444	0.0593698	0.305727	0.087459	1.161601	1.112133	6.602053	3.254538
28932	-10395.73	-10896.14	500.4159	0.522125	0.162763	0.231698	0.0834141	1.438531	1.075259	6.602053	2.89088
28938	-10402.26	-10902.68	500.4209	0.500161	0.149382	0.270552	0.0799051	1.518436	1.131559	6.58932	2.719005
28944	-10402.95	-10902.63	499.682	0.531585	0.142009	0.241481	0.0849254	1.27187	1.077927	6.905175	3.442477
28950	-10415.08	-10914.27	499.1948	0.402669	0.215175	0.305137	0.07702	1.093712	0.9664343	7.044596	4.446298
28956	-10404.8	-10904.29	499.4841	0.405274	0.216567	0.31564	0.0625184	1.035184	0.9256224	7.482869	2.607804
28962	-10398.98	-10898.26	499.2785	0.510877	0.109879	0.284518	0.0947263	1.569645	1.050534	7.482869	2.020537
28968	-10403.07	-10902.48	499.411	0.543317	0.0933174	0.213384	0.149982	1.448816	1.089064	6.998481	3.312396
28974	-10408.14	-10908.32	500.1786	0.441811	0.297811	0.173519	0.0868588	1.121889	1.174186	6.998481	2.417947
28980	-10398.09	-10900.21	502.1178	0.430692	0.290316	0.169152	0.10984	1.166056	1.133508	6.185665	1.817337
28986	-10394.61	-10895.98	501.3679	0.440385	0.29685	0.172959	0.0898063	1.008905	1.155933	6.291565	2.798306
28992	-10393.75	-10896.14	502.3917	0.363238	0.375167	0.163473	0.0981223	1.052605	1.07724	6.234864	1.574341
28998	-10405	-10905.61	500.6115	0.394668	0.305486	0.193234	0.106613	1.087941	1.062841	6.822301	2.47481
29004	-10408.77	-10909.02	500.2509	0.438267	0.30468	0.192724	0.0643293	1.167458	0.9206043	7.093736	2.360194
29010	-10415.17	-10915	499.8325	0.409623	0.233287	0.260255	0.0968358	0.9176529	1.010774	7.402583	2.360194
29016	-10412.87	-10913.2	500.3279	0.442511	0.373679	0.0723763	0.111434	1.249674	1.085929	6.939071	2.31341
29022	-10409.83	-10911.9	502.0691	0.418584	0.310868	0.165139	0.105409	1.052257	1.101531	6.555869	1.243735
29028	-10401.94	-10904.96	503.0235	0.371259	0.351185	0.146469	0.131086	1.037508	1.175656	5.563122	2.240736
29034	-10396.55	-10899.07	502.5171	0.380285	0.369219	0.15003	0.100467	1.218912	1.206403	5.746523	2.193664
29040	-10401.6	-10901.87	500.27	0.481675	0.327236	0.0765318	0.114557	1.191707	0.9655102	7.237817	1.873824
29046	-10402.76	-10902.66	499.9067	0.437868	0.297475	0.198579	0.0660771	1.225929	1.020789	7.140731	2.510346
29052	-10399.07	-10899.79	500.7253	0.40196	0.283488	0.237091	0.0774609	1.11458	1.0821	7.140731	1.486562
29058	-10407.12	-10907.02	499.8982	0.445777	0.205382	0.262936	0.0859048	1.232387	1.12466	6.847834	3.228819
29064	-10411.22	-10911.56	500.343	0.498912	0.193959	0.210984	0.0961443	1.186695	1.126331	6.768065	2.80086
29070	-10403.07	-10904.42	501.3478	0.543355	0.104785	0.241712	0.110147	1.33602	1.140744	5.937998	3.435418
29076	-10400.57	-10901.37	500.7988	0.475494	0.191973	0.236143	0.0963904	1.147299	1.159115	6.702596	2.30021
29082	-10394.07	-10896.46	502.3927	0.387409	0.341659	0.192398	0.0785342	0.9680522	1.095517	6.14103	1.867592
29088	-10379.14	-10881.03	501.8855	0.427847	0.284462	0.219579	0.0681122	0.9379727	1.045718	6.435877	1.925537
29094	-10388.29	-10889.16	500.8751	0.400453	0.371225	0.20552	0.0228025	0.9335745	1.03515	6.80372	2.404312
29100	-10386.06	-10887.26	501.2015	0.298951	0.437524	0.153519	0.110005	1.111083	1.057122	6.883537	1.52125
29106	-10412.78	-10916.11	503.3233	0.34873	0.422585	0.139601	0.0890838	0.8506936	1.148208	5.812894	1.545785
29112	-10420.37	-10922.03	501.6576	0.353598	0.446973	0.134906	0.0645225	0.990117	1.189582	6.435416	1.967789
29118	-10405.86	-10908.53	502.6691	0.315988	0.399431	0.172468	0.112112	0.9657544	1.231065	6.11451	1.431244
29124	-10409.16	-10910.5	501.3446	0.251157	0.559241	0.0706247	0.118977	0.8682921	1.031548	6.63722	2.272931
29130	-10406.57	-10906.62	500.0508	0.281036	0.506805	0.0790268	0.133132	1.056056	0.9858462	7.565883	1.527691
29136	-10411.55	-10912.52	500.9739	0.267909	0.483133	0.167217	0.0817404	0.9478087	1.065854	6.923816	1.89774
29142	-10413.67	-10914.22	500.5577	0.367274	0.390201	0.138906	0.103619	1.048112	1.037691	7.109018	1.89774
29148	-10410.38	-10911.13	500.7469	0.363197	0.385869	0.183854	0.0670805	1.056441	1.024526	6.838047	2.334556
29154	-10409.86	-10910.16	500.3021	0.41972	0.303288	0.202946	0.0740463	1.198315	1.097497	6.95555	2.359284
29160	-10400.39	-10900.64	500.2418	0.343416	0.398417	0.119736	0.13843	1.249475	1.133745	6.95555	2.324769
29166	-10406.46	-10909.19	502.7258	0.323982	0.48347	0.0642935	0.128254	1.026663	1.168598	6.266911	1.070385
29172	-10404.76	-10906.88	502.1164	0.379058	0.443203	0.0964592	0.0812799	1.026663	1.168598	6.20538	1.901596
29178	-10412.87	-10915.93	503.0618	0.291163	0.491372	0.157823	0.0596414	0.8583474	1.101911	6.20538	1.08544
29184	-10403.91	-10905.65	501.7379	0.28702	0.447673	0.22711	0.0381975	0.7961068	1.012635	6.980763	1.131912
29190	-10405.02	-10909.19	504.1709	0.245758	0.55343	0.13125	0.0695618	0.7653888	1.174745	5.710791	0.9069665
29196	-10405.74	-10908.14	502.405	0.209289	0.601452	0.142939	0.0463194	0.6834075	1.027283	6.797727	0.9074314
29202	-10402.48	-10905.88	503.3932	0.171797	0.493706	0.296476	0.0380215	0.4880291	1.105474	6.26567	1.025362
29208	-10407.76	-10911.74	503.9799	0.140277	0.574231	0.254446	0.0310458	0.5057829	1.087314	6.005896	0.9171898
29214	-10389.37	-10893.08	503.7065	0.161167	0.633617	0.181604	0.0236121	0.5976605	1.104192	6.094195	0.9171898
29220	-10411.43	-10914.85	503.4141	0.214681	0.498962	0.25638	0.0299775	0.6322215	1.104192	6.096915	1.171348
29226	-10408.97	-10912.12	503.1563	0.235731	0.49506	0.241027	0.0281823	0.7208821	1.129173	6.048431	1.419955
29232	-10406.66	-10908.96	502.2937	0.282464	0.385207	0.297539	0.03479	0.8530698	1.139441	6.512469	1.26445
29238	-10403.95	-10906.04	502.0825	0.334416	0.379613	0.271988	0.0139829	0.8583752	1.035301	6.606684	1.414511
29244	-10396.1	-10900.24	504.1421	0.325241	0.384824	0.275722	0.014212	0.8477728	1.149527	5.615524	1.047652
29250	-10387.53	-10891.34	503.8144	0.266113	0.512069	0.204488	0.0173307	0.7488084	1.16088	5.684115	1.360716
29256	-10383.83	-10887.58	503.7428	0.243525	0.468605	0.244679	0.0431913	0.6251984	1.139139	5.776998	1.421936
29262	-10379	-10882.83	503.8243	0.289635	0.462345	0.205405	0.0426143	0.9054144	1.21956	5.776998	0.9415373
29268	-10389.17	-10890.41	501.2397	0.403813	0.210796	0.355489	0.0299022	1.079176	1.132143	6.552774	2.199681
29274	-10408.45	-10909.01	500.5613	0.508515	0.17931	0.216868	0.0953066	1.26488	1.094515	6.534159	3.086428
29280	-10408.3	-10909.2	500.8943	0.514004	0.181246	0.208415	0.0963354	1.26488	1.103033	6.349038	3.086428
29286	-10398.91	-10899.79	500.8781	0.532552	0.22006	0.175833	0.0715549	1.218159	1.166695	6.607805	2.330789
29292	-10393.28	-10893.74	500.4589	0.507366	0.225663	0.167518	0.0994534	1.542029	1.070375	6.582947	2.742363
29298	-10401.54	-10902.21	500.672	0.535369	0.15722	0.192893	0.114518	1.451314	1.070375	6.347568	3.241451
29304	-10393.71	-10895.07	501.3674	0.321942	0.498867	0.0738532	0.105338	1.021637	1.079305	6.41435	2.545747
29310	-10383.15	-10884.33	501.1819	0.611011	0.0428368	0.206045	0.140108	1.451314	1.199824	5.879447	3.641122
29316	-10383.97	-10885.59	501.6164	0.549149	0.0773657	0.221991	0.151494	1.543787	1.179336	5.712974	3.295423
29322	-10400.77	-10901.4	500.6352	0.549149	0.0773657	0.221991	0.151494	1.561227	1.08689	6.464951	2.756232
29328	-10407.36	-10908.54	501.1838	0.428875	0.27944	0.173371	0.118314	1.090049	1.108205	6.667044	2.005593
29334	-10426.3	-10926.18	499.8819	0.426601	0.277958	0.242395	0.0530465	1.159805	1.04297	6.737882	3.916033
29340	-10401.86	-10902.61	500.7475	0.466437	0.145201	0.26503	0.123332	1.263832	1.067425	6.742395	2.242559
29346	-10393.85	-10894.86	501.0111	0.481201	0.149797	0.273419	0.0955821	1.263832	1.074547	6.742395	1.876779
29352	-10407.37	-10907.84	500.4673	0.427815	0.170366	0.316842	0.0849778	1.263832	1.043811	6.896071	2.269499
29358	-10397.86	-10898.71	500.8477	0.336423	0.371765	0.223709	0.0681037	1.216479	1.079976	6.896071	1.771704
29364	-10402.26	-10903.72	501.4663	0.34071	0.376502	0.226559	0.0562289	1.018867	1.123315	6.499258	2.117291
29370	-10413.54	-10914.84	501.2914	0.385963	0.331555	0.22318	0.0593012	1.018867	1.164002	6.499258	2.305681
29376	-10405.35	-10908.5	503.1489	0.385963	0.331555	0.22318	0.0593012	1.184642	1.246988	5.649564	1.595131
29382	-10388.75	-10892.37	503.6159	0.385963	0.331555	0.22318	0.0593012	1.136334	1.272577	5.404128	1.595131
29388	-10398.7	-10900.38	501.6744	0.428294	0.308699	0.207795	0.0552131	1.081507	1.062899	6.446799	1.965688
29394	-10394.84	-10895.41	500.5705	0.359275	0.387331	0.174309	0.0790859	1.081507	1.082268	6.753954	2.711629
29400	-10408.08	-10909.02	500.9351	0.434418	0.210914	0.203203	0.151465	1.443102	1.079327	6.236829	3.13579
29406	-10407.97	-10910.05	502.0758	0.249103	0.463031	0.201013	0.0868525	1.178678	1.084973	6.236829	1.797661
29412	-10390.35	-10890.99	500.6327	0.443669	0.283331	0.202489	0.0705117	1.130852	1.124046	6.712507	2.594896
29418	-10406.53	-10907.54	501.0146	0.393863	0.272704	0.273068	0.0603654	1.098817	1.163718	6.729813	1.990903
29424	-10413.43	-10915.51	502.0881	0.462054	0.248561	0.233266	0.056119	1.091757	1.149706	6.1877	1.921913
29430	-10400.72	-10901.81	501.0904	0.41174	0.307663	0.226182	0.0544147	1.104483	1.059244	6.648718	2.228057
29436	-10393.32	-10894.34	501.0167	0.523478	0.223918	0.183422	0.0691817	1.377614	1.078894	6.514324	2.29598
29442	-10393.95	-10894.59	500.6395	0.560096	0.16963	0.196253	0.0740211	1.035734	1.052732	6.706778	2.860221
29448	-10386.89	-10888.26	501.3743	0.439942	0.215962	0.249857	0.0942391	1.308631	1.137389	6.245677	2.503644
29454	-10386	-10887.84	501.8439	0.455938	0.2463	0.227711	0.07005	1.003025	1.112918	6.52979	1.595418
29460	-10404.74	-10905.52	500.7862	0.402555	0.35052	0.20105	0.0458746	1.016515	1.182029	6.818043	2.164239
29466	-10393.86	-10893.69	499.827	0.424394	0.236126	0.225525	0.113956	1.378289	1.012258	7.301445	2.013077
29472	-10382.3	-10882.52	500.2177	0.431227	0.239928	0.213055	0.115791	1.263998	1.053991	7.354518	1.48226
29478	-10390.56	-10889.61	499.0521	0.446385	0.257932	0.191569	0.104114	1.065376	1.04511	7.434445	3.219367
29484	-10404.95	-10905.3	500.344	0.427099	0.246788	0.226498	0.0996157	1.122792	1.087425	7.28296	1.607944
29490	-10405.61	-10907.3	501.6916	0.371116	0.312757	0.251803	0.0643237	1.1756	1.054296	6.660313	1.366552
29496	-10385.7	-10886.17	500.4669	0.384151	0.323741	0.225525	0.0665829	1.1756	1.034712	7.024273	2.067149
29502	-10382.7	-10884.17	501.4625	0.415254	0.33065	0.0713555	0.18274	1.44876	1.12566	6.350445	1.948441
29508	-10392.97	-10895.39	502.4144	0.290506	0.516271	0.0568706	0.136353	1.044717	1.077801	6.008077	2.083915
29514	-10392.42	-10895.05	502.6287	0.362639	0.431749	0.060517	0.145095	1.211201	1.135153	5.91121	1.752306
29520	-10401.68	-10902.11	500.4329	0.382723	0.454774	0.00967005	0.152833	1.400292	1.135153	6.636136	2.720563
29526	-10391.86	-10892.73	500.8707	0.366954	0.473397	0.021664	0.137986	1.10694	1.123535	6.834079	1.968384
29532	-10384.99	-10885.91	500.9231	0.36448	0.438515	0.0599497	0.137056	0.9228375	1.123535	6.834079	2.145275
29538	-10395.99	-10896.5	500.5054	0.361253	0.434632	0.0682724	0.135842	1.312078	1.184322	6.810679	2.178559
29544	-10415.98	-10916.51	500.5302	0.404192	0.367432	0.0763873	0.151988	1.240025	1.090838	6.810679	2.3711
29550	-10413.56	-10915.8	502.2433	0.366568	0.467716	0.0278755	0.137841	1.027803	1.217944	6.2579	1.562335
29556	-10395.94	-10897.37	501.4289	0.360792	0.47845	0.0270415	0.133717	1.216887	1.117315	6.741839	1.377442
29562	-10399.54	-10900.87	501.3266	0.329837	0.4374	0.110518	0.122244	0.9685326	1.122086	6.482037	2.435402
29568	-10406.33	-10907.05	500.7135	0.35603	0.424274	0.119294	0.100401	1.235685	1.122595	6.671072	2.440926
29574	-10407.45	-10907.88	500.4327	0.446129	0.327257	0.101402	0.125211	1.299842	1.073046	6.817485	2.440926
29580	-10385.54	-10885.97	500.4207	0.451093	0.309967	0.106918	0.132022	1.389989	1.1291	6.747406	2.44726
29586	-10394.82	-10895.47	500.6477	0.452808	0.307343	0.107325	0.132524	1.12259	1.150274	6.747406	2.44726
29592	-10381.23	-10881.69	500.4567	0.410058	0.278327	0.207069	0.104546	1.131086	1.102953	6.871592	2.44726
29598	-10370.71	-10871.67	500.9631	0.490431	0.190493	0.247656	0.0714193	1.131086	1.073748	6.613834	2.44726
29604	-10390.59	-10892.5	501.9082	0.467158	0.212438	0.251082	0.069322	1.193857	1.073748	6.308152	1.839686
29610	-10396.69	-10897.26	500.5739	0.472388	0.217209	0.235744	0.0746579	1.102984	1.186518	6.816238	2.343078
29616	-10396.02	-10898.17	502.1488	0.472388	0.217209	0.235744	0.0746579	1.055371	1.131791	5.904811	2.651843
29622	-10396.89	-10897	500.1071	0.52723	0.221629	0.146206	0.104936	1.273244	1.071302	6.932238	2.651843
29628	-10392.49	-10893.04	500.5518	0.499047	0.209782	0.151212	0.139959	1.273244	1.043377	6.672522	2.753031
29634	-10375.69	-10875.9	500.206	0.405601	0.302513	0.16984	0.122047	1.307008	1.128611	6.857208	2.577737
29640	-10384	-10884.8	500.7987	0.399214	0.297749	0.189357	0.11368	1.050192	1.063457	6.487903	3.231549
29646	-10390.53	-10890.8	500.2711	0.434019	0.360701	0.0816888	0.123591	1.321724	0.993202	7.177153	1.827127
29652	-10407.16	-10909.7	502.5383	0.430687	0.357932	0.143055	0.0683262	1.179472	1.107566	6.190004	1.326411
29658	-10418.52	-10920.28	501.7571	0.402155	0.284417	0.23726	0.0761682	1.140969	1.004196	6.689435	1.326411
29664	-10410.78	-10912.77	501.9981	0.564299	0.0844798	0.295142	0.0560798	1.376177	1.092672	6.07003	2.051262
29670	-10414.59	-10915.01	500.4176	0.453853	0.253616	0.237376	0.0551555	1.351459	1.114766	6.612347	2.919098
29676	-10397.96	-10898.41	500.4533	0.43621	0.289322	0.221457	0.0530114	1.155623	1.123977	6.68638	2.919098
29682	-10397.67	-10898.44	500.7679	0.421694	0.279694	0.247365	0.0512473	1.078721	1.030607	7.002351	1.852645
29688	-10386.3	-10888.17	501.8619	0.381409	0.360288	0.203493	0.0548107	0.9845649	1.143993	6.400387	1.852645
29694	-10393	-10893.91	500.919	0.471329	0.263976	0.190891	0.073804	1.085621	1.104476	6.420066	3.109109
29700	-10381.59	-10882.57	500.9821	0.398991	0.299008	0.232484	0.0695175	1.128037	1.152734	6.750616	1.960079
29706	-10374.06	-10875.11	501.0501	0.391623	0.300267	0.226629	0.0814819	1.19042	1.137744	6.827368	1.638635
29712	-10411.44	-10913.65	502.2145	0.468684	0.285107	0.148693	0.0975156	1.316728	1.132225	6.108059	1.700925
29718	-10391.97	-10892.67	500.7072	0.473258	0.287889	0.150144	0.088709	1.551383	1.074595	6.512132	2.541331
29724	-10396.98	-10898.49	501.5031	0.500112	0.286201	0.119945	0.0937426	1.478463	1.202664	6.195208	2.13987
29730	-10404.68	-10905.55	500.872	0.501432	0.254909	0.122334	0.121325	1.373254	1.095302	6.434246	2.716952
29736	-10400.06	-10900.21	500.1546	0.501014	0.254696	0.123066	0.121224	1.517306	1.098918	6.752102	2.716952
29742	-10395.17	-10895.36	500.1912	0.550289	0.156437	0.160129	0.133146	1.480725	1.093887	6.752102	2.716952
29748	-10412.6	-10913.18	500.5832	0.530816	0.111529	0.168699	0.188956	1.4202	1.037765	6.411472	3.295996
29754	-10419.67	-10917.99	498.3209	0.577097	0.104391	0.188008	0.130504	1.518677	1.000505	7.369015	4.127974
29760	-10410.44	-10910.44	499.9985	0.529959	0.0524417	0.259611	0.157988	1.518677	1.046953	6.844102	2.774706
29766	-10411.67	-10911.78	500.1104	0.529749	0.131753	0.250238	0.0882597	1.378703	1.115293	6.710731	3.086578
29772	-10401.89	-10901.44	499.5521	0.575083	0.0698266	0.271562	0.0835287	1.409313	1.040462	6.793798	3.914298
29778	-10393.54	-10894.75	501.2101	0.455592	0.161134	0.309713	0.0735612	1.555291	1.062064	6.188063	2.700896
29784	-10389.07	-10888.8	499.7225	0.480191	0.0784154	0.326436	0.114958	1.341321	1.080883	6.750301	3.779365
29790	-10394.34	-10895.32	500.9823	0.581818	0.0903688	0.267586	0.0602266	1.341321	1.040022	6.325655	2.99904
29796	-10400.49	-10900.18	499.6948	0.527325	0.175565	0.242524	0.0545857	1.239115	1.042907	7.361035	2.173308
29802	-10394.72	-10894.46	499.7471	0.573789	0.191035	0.153217	0.0819587	1.298984	1.05077	7.259483	2.277173
29808	-10401.56	-10902.93	501.3722	0.453562	0.171856	0.31976	0.0548216	1.298984	1.190848	6.306555	2.277173
29814	-10403.37	-10904.69	501.3173	0.543045	0.0888614	0.302456	0.0656373	1.228319	1.145687	6.396371	2.277173
29820	-10398.5	-10899.13	500.6312	0.462051	0.224755	0.257346	0.0558477	1.240471	1.08429	6.786293	2.299261
29826	-10413.37	-10914.26	500.8967	0.422622	0.270302	0.253707	0.0533686	1.237187	1.039196	6.786293	1.99893
29832	-10395.2	-10895.81	500.6069	0.566176	0.0635801	0.289753	0.080491	1.510935	1.115255	6.517041	2.672255
29838	-10397.24	-10897.55	500.3046	0.550545	0.134211	0.214104	0.10114	1.510935	1.124153	6.840048	2.221119
29844	-10428.77	-10931.67	502.9062	0.312113	0.435002	0.171752	0.0811333	0.9658346	1.205602	5.658045	2.221119
29850	-10412.15	-10914.65	502.5043	0.435276	0.32317	0.111583	0.129971	1.072429	1.205602	5.820305	2.220661
29856	-10408.53	-10910.03	501.5057	0.525673	0.106758	0.252783	0.114787	1.294859	1.143843	6.283275	2.220661
29862	-10412.21	-10912.9	500.6919	0.548311	0.141431	0.190528	0.11973	1.64017	1.073053	6.508883	2.463709
29868	-10409.06	-10910.91	501.851	0.540823	0.0675486	0.240497	0.151131	1.526499	1.143887	5.964546	2.2701
29874	-10421.84	-10922.17	500.3346	0.586132	0.0697397	0.250202	0.0939265	1.307311	1.099259	6.960231	2.154683
29880	-10397.07	-10896.85	499.7757	0.504564	0.081941	0.341962	0.0715331	1.324074	1.037097	7.19134	2.406262
29886	-10396.49	-10896.87	500.3837	0.472574	0.0949242	0.396144	0.0363577	1.217141	1.000937	7.19134	1.763937
29892	-10405.83	-10906.45	500.6229	0.566051	0.113701	0.21886	0.101389	1.217141	1.020406	6.304208	3.97159
29898	-10395.11	-10896.39	501.2802	0.517254	0.0701875	0.355951	0.0566073	1.297724	1.089527	6.1577	3.001229
29904	-10391.74	-10893.75	502.0144	0.496157	0.0929847	0.332788	0.0780703	1.146942	1.105845	5.995616	2.506678
29910	-10402.54	-10903.96	501.4133	0.596982	0.0461448	0.274741	0.0821316	1.448246	1.079012	6.046463	2.913125
29916	-10400.95	-10901.64	500.6843	0.603472	0.0466464	0.277728	0.0721536	1.533296	1.11424	6.028799	4.10766
29922	-10405.14	-10907.11	501.9725	0.541898	0.0540063	0.320762	0.0833339	1.440297	1.177818	5.909026	2.300024
29928	-10405.15	-10907.91	502.7553	0.545901	0.0470179	0.323132	0.0839495	1.602862	1.23367	5.037797	3.262689
29934	-10392.67	-10893.08	500.4066	0.539539	0.0744686	0.303542	0.0824504	1.684959	1.157374	6.450843	2.886986
29940	-10408.69	-10908.57	499.8777	0.582493	0.0355235	0.287316	0.094668	1.661857	1.121343	6.450843	3.937913
29946	-10392.12	-10891.82	499.6943	0.660314	0.0106438	0.247495	0.0815474	1.661857	1.06063	6.469451	4.366519
29952	-10390.06	-10889.28	499.2232	0.637889	0.0232358	0.23909	0.0997846	1.624607	1.03291	6.734428	4.451148
29958	-10384.8	-10883.45	498.6525	0.721207	0.0161901	0.149785	0.112818	2.048928	1.118159	6.722163	4.835783
29964	-10383.96	-10884.47	500.5042	0.707447	0.0687072	0.0513036	0.172542	2.078888	1.201563	5.657323	4.835783
29970	-10390	-10889.81	499.804	0.599294	0.0439094	0.210633	0.146164	1.745592	1.102208	6.39408	4.198998
29976	-10416.04	-10916.01	499.9734	0.705919	0.0517217	0.0701902	0.172169	1.495764	1.091571	6.39408	4.301538
29982	-10398.03	-10898.19	500.157	0.635153	0.0502631	0.0912388	0.223345	1.582801	1.052105	6.48252	3.550202
29988	-10413.58	-10912.36	498.7837	0.614112	0.117133	0.168719	0.100036	1.582801	1.138553	6.445832	6.672811
29994	-10419.93	-10920.51	500.5808	0.541642	0.123978	0.228497	0.105882	1.321182	1.01039	6.501963	3.21089
30000	-10405.04	-10905.83	500.7919	0.541499	0.128065	0.225803	0.104634	1.72388	1.091044	6.501963	2.212231
30006	-10389.43	-10890.1	500.6693	0.620256	0.146691	0.113201	0.119852	1.325358	1.122569	6.501963	2.866825
30012	-10406.31	-10906.77	500.4549	0.549585	0.0485381	0.295681	0.106196	1.433245	1.104409	6.634025	2.694618
30018	-10404.43	-10905.03	500.604	0.468336	0.151753	0.27952	0.100392	1.32663	1.136717	6.699689	2.380167
30024	-10388.38	-10888	499.6155	0.530142	0.137314	0.244669	0.087875	1.509521	1.067343	6.675179	3.997373
30030	-10389.64	-10888.67	499.0315	0.617087	0.0574094	0.236735	0.0887685	1.509521	1.039348	7.005331	3.997373
30036	-10388.47	-10888.04	499.5661	0.591621	0.0875439	0.226965	0.0938697	1.938236	1.037056	6.642625	3.59717
30042	-10403.02	-10903.15	500.1228	0.608294	0.0336985	0.257728	0.10028	1.904301	0.9958524	6.65095	2.728866
30048	-10396.22	-10896.11	499.8869	0.635982	0.0352324	0.223941	0.104845	1.904301	1.054693	6.596927	3.187254
30054	-10398.45	-10899.76	501.3045	0.602478	0.125143	0.130517	0.141861	1.685924	1.102794	6.126693	2.499338
30060	-10429.83	-10930.29	500.4593	0.556726	0.0790026	0.256043	0.108228	1.376007	1.136634	6.564351	2.924175
30066	-10418.49	-10920.15	501.6596	0.444987	0.251075	0.256804	0.0471335	1.359609	1.21201	6.02304	2.507971
30072	-10426.68	-10927.21	500.5299	0.561061	0.0955526	0.32379	0.0195964	1.432536	1.077884	6.572119	2.800136
30078	-10394.53	-10894.65	500.1226	0.539525	0.14291	0.229191	0.0883734	1.432536	1.001057	6.945489	2.478896
30084	-10413.78	-10914.18	500.396	0.539525	0.14291	0.229191	0.0883734	1.529937	1.023846	6.764415	2.412328
30090	-10418.26	-10919.57	501.3079	0.568838	0.0739698	0.295441	0.0617509	1.497084	1.157878	6.176085	2.51346
30096	-10399.83	-10900.97	501.1428	0.466168	0.190374	0.242117	0.101341	1.380766	1.142364	6.410836	2.293923
30102	-10392.13	-10892.25	500.118	0.533757	0.239461	0.0966093	0.130172	1.422291	1.142364	6.474388	3.742353
30108	-10401.13	-10901.33	500.2008	0.451522	0.281697	0.113649	0.153132	1.264963	1.063882	6.981512	2.395027
30114	-10418.88	-10918.76	499.8833	0.402024	0.360857	0.0791779	0.157941	1.190576	1.058164	6.981512	3.011231
30120	-10425.04	-10926.04	501.0008	0.393687	0.37414	0.0830405	0.149132	1.426726	1.081993	6.519751	2.237847
30126	-10402.58	-10903.78	501.1954	0.430784	0.362285	0.0515326	0.155398	1.425765	1.137078	6.27715	2.528084
30132	-10399.6	-10899.17	499.5753	0.436662	0.367228	0.0385909	0.157518	1.425765	1.027306	6.811879	3.801139
30138	-10402.63	-10902.87	500.2428	0.454868	0.382539	0.0401998	0.122394	1.189803	1.102682	6.801241	2.897191
30144	-10391.35	-10892.09	500.7443	0.453334	0.390638	0.0340469	0.121981	1.241905	1.049169	6.647023	2.563217
30150	-10408.75	-10909.99	501.2487	0.565456	0.0507913	0.335703	0.0480498	1.380327	1.05245	5.982305	3.557115
30156	-10428.47	-10930.09	501.6246	0.538191	0.080266	0.329344	0.0521995	1.296205	1.108674	6.059633	2.706066
30162	-10409.86	-10911.71	501.851	0.522804	0.219654	0.20768	0.0498608	1.288611	1.129258	6.053604	2.35968
30168	-10418.41	-10920.64	502.2375	0.515147	0.216437	0.204639	0.063777	1.149796	1.059336	6.035934	2.141512
30174	-10409.47	-10911.77	502.2964	0.444185	0.265282	0.176449	0.114084	1.274846	1.1088	6.035934	1.841557
30180	-10405.6	-10907.86	502.2612	0.454187	0.205263	0.276706	0.0638437	1.191771	1.079454	6.035934	2.027573
30186	-10388.05	-10889.35	501.3002	0.449331	0.203068	0.284439	0.0631611	1.228131	1.12333	6.535064	1.979725
30192	-10403.92	-10905.12	501.1964	0.476229	0.219657	0.231385	0.0727282	1.056181	1.095764	6.535064	2.393022
30198	-10410.72	-10911.81	501.0899	0.44618	0.244778	0.240902	0.0681392	1.036681	0.9638087	6.573982	2.674186
30204	-10409.09	-10908.71	499.6201	0.503077	0.231504	0.211352	0.0540662	1.370625	1.034373	6.974549	3.2407
30210	-10412.16	-10913.5	501.344	0.465392	0.145588	0.316502	0.0725185	1.264575	1.15409	6.155104	2.848078
30216	-10403.79	-10906.05	502.2634	0.474352	0.129139	0.322595	0.0739146	1.221414	1.146125	5.864764	2.329355
30222	-10405.49	-10905.88	500.3935	0.474352	0.129139	0.322595	0.0739146	1.438002	1.117548	6.286037	3.902778
30228	-10399.73	-10899.92	500.1884	0.480029	0.153839	0.326456	0.0396765	1.39523	1.111753	6.078181	5.273437
30234	-10400.76	-10903.7	502.9314	0.488898	0.156682	0.332488	0.0219321	1.597249	1.111753	5.372912	2.228345
30240	-10412.24	-10915.36	503.1149	0.469327	0.15056	0.319178	0.0609349	1.267661	1.197172	5.3208	2.394911
30246	-10412.84	-10915.7	502.8608	0.526724	0.0769486	0.358212	0.0381152	1.428697	1.22361	5.3208	2.517344
30252	-10413.64	-10915.63	501.9912	0.515166	0.129066	0.321553	0.0342146	1.274435	1.131398	5.752216	3.02032
30258	-10424.11	-10926.27	502.1551	0.491601	0.123163	0.342588	0.0426488	1.072228	1.088371	5.851039	2.840425
30264	-10410.89	-10911.07	500.1824	0.547659	0.0953623	0.309467	0.0475121	1.265459	1.086317	6.194229	5.121731
30270	-10392.33	-10893.79	501.4584	0.581548	0.111739	0.272976	0.0337365	1.265459	1.149054	5.990297	3.169805
30276	-10409	-10909.32	500.3198	0.520434	0.135264	0.287832	0.0564701	1.513455	1.096068	6.298931	3.914357
30282	-10409.22	-10909.99	500.7672	0.546949	0.0666489	0.282559	0.103843	1.406703	1.180272	6.17037	3.52951
30288	-10420.14	-10921.81	501.6733	0.525764	0.110506	0.271615	0.0921147	1.369296	1.109474	6.124833	2.350176
30294	-10421.39	-10923.02	501.6303	0.413329	0.364127	0.0521057	0.170438	1.167086	1.103593	6.066951	2.876745
30300	-10407.69	-10908.93	501.2409	0.432523	0.327667	0.0614569	0.178353	1.136051	1.065296	6.520002	2.300302
30306	-10416.63	-10917.66	501.0274	0.378095	0.445483	0.0205127	0.155909	1.346767	1.110701	6.525747	2.244846
30312	-10414.97	-10916.72	501.7511	0.29872	0.580338	0.0147871	0.106155	1.003693	1.055074	6.734377	1.333497
30318	-10408.72	-10910.17	501.4483	0.254564	0.609114	0.0126014	0.12372	0.9767963	1.103545	6.798505	1.517794
30324	-10407.7	-10909.45	501.7547	0.296025	0.415533	0.0651082	0.223334	1.145181	1.130423	6.16704	2.391052
30330	-10402.65	-10903.33	500.6846	0.433433	0.387852	0.0403402	0.138375	1.225145	1.139202	6.340812	3.484437
30336	-10404.99	-10904.14	499.1484	0.488092	0.247657	0.128323	0.135928	1.391486	1.036855	6.687298	5.262713
30342	-10407.65	-10906.48	498.8313	0.642166	0.0728629	0.102943	0.182028	1.617994	1.057084	6.687298	5.509333
30348	-10420.36	-10919.05	498.688	0.623762	0.0265639	0.16818	0.181494	2.432054	1.102788	6.114356	6.964518
30354	-10404.07	-10903.61	499.5407	0.652019	0.0375828	0.120682	0.189716	2.034718	1.06759	6.44956	4.141519
30360	-10417.2	-10916.09	498.8911	0.529694	0.111498	0.227436	0.131371	1.339987	1.153746	7.143815	3.836198
30366	-10410.59	-10910.92	500.3245	0.521651	0.101881	0.321689	0.0547795	1.480493	1.1628	6.490436	3.182486
30372	-10400.45	-10900.7	500.2471	0.569054	0.0891349	0.281442	0.0603695	1.480493	1.065987	6.567426	3.23834
30378	-10403.29	-10904.45	501.1616	0.554454	0.0411776	0.33295	0.0714181	1.268114	1.049442	6.419233	2.531093
30384	-10402.04	-10902.49	500.4499	0.635133	0.00615159	0.276906	0.0818101	1.420216	1.132962	6.461395	3.201282
30390	-10390.64	-10890.23	499.5983	0.661213	0.00935615	0.234684	0.0947462	1.457899	1.041446	6.461395	5.037473
30396	-10399.11	-10897.88	498.7669	0.607107	0.00859055	0.215481	0.168822	1.457899	1.049214	7.181027	3.943401
30402	-10420.79	-10921.32	500.5323	0.642437	0.0114674	0.22802	0.118076	1.375769	1.049214	6.589131	2.873193
30408	-10407.71	-10907.51	499.8018	0.661054	0.00688778	0.218771	0.113287	1.669785	1.07334	6.834609	2.873193
30414	-10406.62	-10906.71	500.085	0.643594	0.033118	0.212993	0.110295	1.66569	1.119909	6.458602	3.512213
30420	-10408.64	-10908.53	499.8953	0.537076	0.0587022	0.264247	0.139975	1.517064	1.087815	7.163362	2.001948
30426	-10425.58	-10924.76	499.1796	0.585922	0.0640411	0.28828	0.0617566	1.724278	1.057103	6.663173	4.601536
30432	-10405.87	-10904.84	498.9689	0.635851	0.054305	0.196729	0.113115	1.724278	1.048099	6.928842	4.030795
30438	-10399.65	-10898.12	498.4674	0.634038	0.037753	0.196168	0.132042	1.821186	1.061316	6.928842	4.910605
30444	-10403.03	-10901.06	498.0309	0.662183	0.0420136	0.0956574	0.200146	1.741022	1.019796	7.038403	5.723755
30450	-10398.34	-10898.08	499.7433	0.56946	0.171544	0.0868752	0.17212	1.561492	1.048539	6.734573	3.493675
30456	-10404.43	-10902.79	498.3606	0.57404	0.172924	0.0875739	0.165462	1.80461	1.048539	7.371611	3.493675
30462	-10403.82	-10903.15	499.3252	0.584028	0.168869	0.0855205	0.161582	1.826238	0.9929044	7.048688	2.928813
30468	-10399.59	-10898.86	499.2732	0.609637	0.176274	0.0454215	0.168667	1.654744	1.053492	7.118369	2.928813
30474	-10400.44	-10901.33	500.8979	0.592647	0.146453	0.11707	0.14383	1.521541	1.100917	6.274733	2.930476
30480	-10416.28	-10917.78	501.5006	0.528785	0.218465	0.103375	0.149375	1.104301	1.049083	6.333755	2.492079
30486	-10402.61	-10903.28	500.6665	0.54307	0.243885	0.0596349	0.15341	1.490919	1.16818	6.589127	2.329209
30492	-10399.09	-10901.63	502.5349	0.403385	0.438367	0.0442961	0.113951	1.127528	1.124616	6.181222	1.384365
30498	-10409.07	-10910.82	501.7498	0.378585	0.411416	0.103053	0.106946	1.219419	1.124616	6.02148	2.706161
30504	-10406.82	-10909.07	502.2521	0.354214	0.374317	0.171408	0.100061	1.038596	1.124616	6.133388	1.939137
30510	-10426.63	-10927.71	501.0781	0.346689	0.366365	0.189011	0.0979352	1.038596	0.9817062	6.909638	1.789587
30516	-10409.96	-10910.28	500.3195	0.313415	0.388395	0.207774	0.0904167	1.038596	1.003494	7.320421	1.755691
30522	-10404.84	-10907.3	502.465	0.375769	0.3913	0.167632	0.0652985	0.973658	1.171882	6.162488	1.626707
30528	-10395.96	-10897.59	501.6315	0.385291	0.332639	0.189266	0.0928039	1.045328	1.109316	6.521472	1.828621
30534	-10403.18	-10904.78	501.6075	0.385291	0.332639	0.189266	0.0928039	1.079581	1.033628	6.448059	2.094115
30540	-10421.84	-10924.61	502.77	0.42179	0.305963	0.186619	0.0856278	1.110936	1.075466	5.915994	1.758916
30546	-10421.23	-10923.81	502.5816	0.312277	0.445978	0.165711	0.0760344	0.9201655	1.116286	6.243135	1.445011
30552	-10408.99	-10911.31	502.3119	0.401527	0.351379	0.12706	0.120035	1.094666	1.11212	6.243135	1.560775
30558	-10422.69	-10922.5	499.8176	0.409039	0.357953	0.110728	0.12228	1.200497	1.070288	6.41228	5.216256
30564	-10424.09	-10924.45	500.3576	0.674476	0.0829832	0.136076	0.106465	1.648645	1.269283	6.1031	3.983784
30570	-10415.65	-10915.52	499.8676	0.607543	0.0791009	0.217335	0.0960203	1.506689	1.117391	6.652574	3.503579
30576	-10421.9	-10922.33	500.4331	0.565141	0.102134	0.258095	0.07463	1.297748	1.084304	6.493059	3.408791
30582	-10408.88	-10909.58	500.7062	0.579469	0.0609586	0.264639	0.0949334	1.391783	1.065299	6.2656	3.555412
30588	-10401.29	-10902.11	500.8173	0.6587	0.00210593	0.261641	0.0775535	1.447195	1.123078	5.850644	4.655364
30594	-10396.05	-10897.32	501.2743	0.619506	0.00486405	0.30915	0.0664793	1.42769	1.150897	6.175719	2.669614
30600	-10403.25	-10903.5	500.2472	0.572762	0.00449704	0.285823	0.136918	1.502252	1.130375	6.329577	3.897606
30606	-10383.4	-10883.65	500.2472	0.651479	0.00256546	0.228163	0.117792	1.502252	1.130375	6.329577	3.897606
30612	-10400.3	-10899.66	499.3572	0.601426	0.00236836	0.314705	0.0815003	1.428491	0.9574936	7.101567	3.333186
30618	-10398.11	-10897.57	499.4555	0.618082	0.00243394	0.32342	0.0560639	1.428491	1.093068	6.730954	4.203259
30624	-10391.09	-10890.23	499.1401	0.62995	0.0022615	0.315696	0.0520918	1.26021	1.035551	6.946105	4.468244
30630	-10390.49	-10891.46	500.9673	0.572723	0.00205606	0.286717	0.138504	1.601183	1.087731	5.925055	3.861341
30636	-10398.9	-10899.49	500.586	0.612834	0.0050194	0.306797	0.0753487	1.544901	1.111276	6.465745	2.815707
30642	-10410.32	-10911.77	501.4542	0.628779	0.00158943	0.31478	0.0548521	1.537248	1.161646	5.805703	3.324015
30648	-10417.96	-10919.87	501.9074	0.598393	0.00151262	0.349578	0.0505163	1.550405	1.156187	5.724951	2.797976
30654	-10429.5	-10931.51	502.0116	0.60057	0.00151812	0.35085	0.0470625	1.407248	1.136312	5.724951	2.862434
30660	-10409.24	-10909.05	499.8096	0.538471	0.245488	0.0315337	0.184508	1.562142	1.025636	6.921688	2.821613
30666	-10400.75	-10900.71	499.958	0.467644	0.302716	0.05821	0.171429	1.679799	1.100332	7.024217	2.065042
30672	-10397.07	-10896.53	499.4612	0.499397	0.317355	0.0701056	0.113143	1.292751	1.08832	7.170116	2.92196
30678	-10386.08	-10886.16	500.0782	0.521046	0.22599	0.131669	0.121296	1.292751	1.122173	6.551594	3.807896
30684	-10389.48	-10890.25	500.7741	0.406551	0.311788	0.156591	0.12507	1.404548	1.122173	6.551594	2.451471
30690	-10391.11	-10893.48	502.3664	0.424534	0.317429	0.127434	0.130602	1.294764	1.086098	5.758453	2.451471
30696	-10416.91	-10916.9	499.991	0.477899	0.25675	0.108768	0.156583	1.823204	1.173749	6.450882	3.380786
30702	-10403.58	-10904.05	500.4642	0.529817	0.284642	0.0517404	0.1338	1.800799	1.187144	6.196309	3.380786
30708	-10392.33	-10891.62	499.2909	0.465644	0.251452	0.0592805	0.223623	1.502164	1.159269	6.875094	3.740879
30714	-10402.28	-10901.93	499.6545	0.478566	0.251456	0.0642557	0.205723	1.232542	1.152648	6.663228	4.295768
30720	-10388.42	-10889.48	501.0608	0.391816	0.384203	0.0531962	0.170785	1.222724	1.173711	6.545583	2.218182
30726	-10398.63	-10899.6	500.9691	0.459676	0.277551	0.0624094	0.200364	1.581694	1.169812	6.03226	3.367475
30732	-10406.71	-10908.97	502.2677	0.509263	0.307492	0.117756	0.0654894	1.413237	1.192206	5.861211	2.025162
30738	-10401.98	-10903.81	501.8323	0.523146	0.181101	0.151756	0.143997	1.649826	1.199628	5.627757	3.003537
30744	-10397.46	-10897.57	500.1087	0.507285	0.205929	0.147155	0.139631	1.427388	1.128311	6.643895	3.205476
30750	-10399.38	-10900.48	501.0961	0.461727	0.25517	0.110084	0.173019	1.427388	1.121578	6.394226	2.376041
30756	-10400.38	-10902.09	501.7056	0.468654	0.243996	0.111735	0.175615	1.378342	1.211395	5.761658	3.180359
30762	-10407.98	-10910.05	502.0758	0.510374	0.270535	0.0727942	0.146297	1.371135	1.242705	5.51167	3.286107
30768	-10403.56	-10903.57	500.0125	0.485454	0.306152	0.06924	0.139154	1.376155	1.190561	6.324906	4.502186
30774	-10411.4	-10912.85	501.4497	0.458537	0.352377	0.0571626	0.131923	1.339403	1.135956	6.179844	2.532476
30780	-10403.4	-10905.16	501.7669	0.421192	0.371241	0.0602228	0.147344	1.266881	1.169454	6.076447	2.391786
30786	-10418.44	-10920.25	501.8189	0.504546	0.279449	0.0728133	0.143192	1.497071	1.08987	5.979342	2.391786
30792	-10416.05	-10917.73	501.6845	0.458778	0.353723	0.0630395	0.124459	1.181636	1.122609	6.190291	2.391786
30798	-10401.21	-10903.36	502.1479	0.481973	0.28011	0.101042	0.136875	1.319374	1.097646	5.993244	2.102011
30804	-10405.66	-10907.24	501.5752	0.577858	0.19783	0.113059	0.111254	1.319374	1.067	6.033524	2.894939
30810	-10400.28	-10902.26	501.9767	0.458393	0.394709	0.0449312	0.101967	1.382218	1.148756	5.878573	2.493754
30816	-10398.03	-10899.75	501.7175	0.509317	0.264916	0.15733	0.0684372	1.169833	1.165792	6.29528	2.029608
30822	-10392.88	-10895.04	502.1523	0.469038	0.295827	0.177885	0.0572501	1.229049	1.153184	5.9517	2.240314
30828	-10394.63	-10895.87	501.242	0.388223	0.248998	0.314592	0.0481874	1.081539	1.126791	6.695103	1.848351
30834	-10389.75	-10890.68	500.9374	0.305909	0.403522	0.238293	0.0522761	0.8664282	1.055774	6.695103	2.688276
30840	-10410.33	-10911.78	501.4507	0.346853	0.359264	0.256312	0.0375707	1.035215	1.057061	6.842037	1.408921
30846	-10400.04	-10900.92	500.8804	0.416589	0.402469	0.0700935	0.110848	1.035215	1.057061	6.510211	3.056832
30852	-10383.44	-10885.73	502.2904	0.303187	0.498385	0.0886634	0.109764	0.9501376	1.088487	6.33909	1.575127
30858	-10393.36	-10894.89	501.5249	0.400898	0.366151	0.0916965	0.141254	1.225583	1.086973	6.398377	2.068592
30864	-10404.44	-10904.46	500.0247	0.400898	0.366151	0.0916965	0.141254	1.592919	1.082348	7.035355	2.068592
30870	-10415.43	-10916.76	501.329	0.455178	0.378295	0.020588	0.145939	1.566137	1.162205	6.29935	2.068592
30876	-10418.12	-10919.75	501.6284	0.422699	0.400396	0.0335938	0.143311	1.283348	1.162205	6.29935	2.001565
30882	-10427.3	-10928.86	501.5613	0.412564	0.409827	0.0377347	0.139875	1.156776	1.161577	6.229183	2.445409
30888	-10418.59	-10919.85	501.263	0.513548	0.25908	0.123576	0.103796	1.359267	1.128134	6.229183	2.664357
30894	-10409.13	-10909.47	500.3461	0.545796	0.240238	0.114588	0.0993777	1.582402	1.052718	6.544922	3.013637
30900	-10426.4	-10928.23	501.8265	0.58039	0.192082	0.121851	0.105677	1.58437	1.19709	5.614962	3.149811
30906	-10417.52	-10919.5	501.9865	0.367183	0.458125	0.0764379	0.0982538	1.189356	1.245138	5.614962	3.404375
30912	-10404.6	-10904.48	499.8832	0.376562	0.431041	0.0999516	0.0924451	1.309529	1.077195	7.012808	2.706714
30918	-10402.02	-10903.31	501.2855	0.358803	0.335954	0.176494	0.12875	1.111869	1.09147	6.647361	1.913726
30924	-10399.69	-10899.72	500.0274	0.380604	0.356368	0.187218	0.0758099	1.140424	1.061965	7.325968	1.913726
30930	-10400.15	-10900.94	500.7931	0.518063	0.254141	0.174466	0.0533305	1.33908	0.9980425	6.696383	2.299739
30936	-10392.09	-10893.07	500.98	0.408083	0.315391	0.216513	0.0600128	0.8870802	1.04096	6.872158	2.133812
30942	-10406.32	-10908.36	502.044	0.354903	0.363086	0.228833	0.0531775	0.9144592	1.111365	6.442784	1.657469
30948	-10383.78	-10885.87	502.0928	0.352871	0.294398	0.286218	0.0665129	1.108212	1.066357	6.4432	1.425594
30954	-10388.19	-10890.73	502.5323	0.341529	0.284936	0.277019	0.0965165	1.076812	1.103738	6.140725	1.553342
30960	-10383.45	-10884.3	500.8521	0.390604	0.376557	0.122454	0.110385	1.167164	1.148151	6.577592	2.551041
30966	-10377.8	-10877.89	500.0968	0.501866	0.276491	0.049998	0.171645	1.492528	1.084632	6.94663	2.314321
30972	-10397.51	-10898.17	500.6599	0.479669	0.292549	0.102326	0.125456	1.268181	1.09097	6.141955	4.262881
30978	-10403.4	-10904.52	501.1124	0.478682	0.291947	0.0758354	0.153536	1.234164	1.02676	6.622492	2.13805
30984	-10411.88	-10914.83	502.9509	0.532567	0.232308	0.0852731	0.149852	1.234164	1.111984	5.594834	2.087377
30990	-10378.5	-10879.79	501.2866	0.457719	0.262741	0.174522	0.105018	1.271058	1.120203	6.263043	2.66817
30996	-10381.75	-10884.88	503.1327	0.405625	0.232838	0.268258	0.093278	1.124651	1.19672	5.439888	2.252966
31002	-10376.01	-10877.86	501.8512	0.301477	0.431999	0.175449	0.091074	0.9671736	1.040008	6.732178	1.284969
31008	-10412.51	-10912.47	499.9562	0.344659	0.493877	0.0614662	0.099998	1.255776	1.040838	7.408775	1.697671
31014	-10399.45	-10899.52	500.0683	0.32124	0.426379	0.117032	0.135349	1.118525	1.084358	7.161258	2.274193
31020	-10381.05	-10882.08	501.0223	0.355901	0.408052	0.0885301	0.147517	1.368738	1.091775	6.696726	1.826327
31026	-10395.57	-10896.87	501.302	0.391872	0.348223	0.0974779	0.162427	1.173178	1.125311	6.400273	2.393552
31032	-10415.01	-10915.95	500.9436	0.401708	0.38767	0.0999245	0.110698	1.177752	1.062063	6.320447	3.304936
31038	-10402.35	-10903.61	501.2539	0.394834	0.381037	0.148811	0.0753174	0.8890659	1.148214	6.203527	3.493521
31044	-10404.74	-10907.2	502.4589	0.378168	0.394473	0.147171	0.0801883	0.9793474	1.214635	5.762928	2.562865
31050	-10417.1	-10920.46	503.3587	0.379631	0.392131	0.14774	0.0804984	0.955757	1.134552	6.017774	0.9996643
31056	-10409.27	-10910.41	501.1413	0.452876	0.30903	0.128119	0.109975	1.216013	1.144336	6.378715	2.60527
31062	-10420.24	-10921.41	501.1632	0.51013	0.232275	0.0962976	0.161297	1.372327	1.143869	6.289228	2.60527
31068	-10416.14	-10916.81	500.6686	0.398762	0.394097	0.0810567	0.126084	1.143641	1.047256	6.393031	3.649514
31074	-10404.8	-10907.15	502.3558	0.37599	0.38568	0.0904612	0.147869	1.112691	1.151096	6.016807	1.953882
31080	-10426.31	-10927.06	500.7547	0.469188	0.360325	0.0501507	0.120336	1.360287	1.119322	6.733682	2.06145
31086	-10400.51	-10901.65	501.145	0.458088	0.346334	0.0780889	0.11749	1.169147	1.115823	6.352548	2.789328
31092	-10413.44	-10915.12	501.6848	0.401372	0.384896	0.0831598	0.130571	1.320483	1.093686	6.20591	2.206681
31098	-10426.7	-10928.3	501.6068	0.409534	0.372388	0.0848509	0.133227	1.320483	1.061329	6.135906	2.55589
31104	-10432.42	-10934.08	501.652	0.409534	0.372388	0.0848509	0.133227	1.2286	1.181007	6.128182	2.456776
31110	-10396.44	-10898.06	501.6268	0.479854	0.297482	0.0665615	0.156103	1.41683	1.16775	6.133482	2.249895
31116	-10384.84	-10886.1	501.2597	0.479854	0.297482	0.0665615	0.156103	1.334589	1.155567	6.213433	2.706796
31122	-10387.88	-10889.39	501.5109	0.443383	0.303415	0.0846575	0.168545	1.222125	1.188675	6.1258	2.676102
31128	-10400.55	-10900.98	500.4295	0.452333	0.357867	0.0178532	0.171947	1.125938	1.031918	6.998908	2.254014
31134	-10403.86	-10904.24	500.3833	0.302701	0.548291	0.024102	0.124907	0.8772146	0.9937212	7.191708	2.217955
31140	-10397.91	-10898.46	500.5448	0.307162	0.556372	0.0275753	0.108891	1.150945	1.020876	7.163568	1.681662
31146	-10385.73	-10887.38	501.6432	0.480806	0.26724	0.117602	0.134352	1.39659	1.077631	6.319739	1.909101
31152	-10390.95	-10892.18	501.2372	0.415678	0.285355	0.103429	0.195539	1.550331	1.121717	6.319739	2.217795
31158	-10404.71	-10906.39	501.6846	0.359206	0.434292	0.037528	0.168974	1.334789	1.082544	6.397519	1.738616
31164	-10406.34	-10909.32	502.9851	0.367766	0.447431	0.0107159	0.174086	1.132197	1.141634	5.759884	1.738616
31170	-10397.62	-10900.57	502.9505	0.366311	0.44566	0.0146311	0.173398	1.157379	1.165611	5.759884	1.721883
31176	-10403.24	-10905.14	501.8972	0.398317	0.450647	0.0416757	0.10936	1.136993	1.059725	6.521247	1.460185
31182	-10414.5	-10916.43	501.9371	0.339456	0.460274	0.0552611	0.14501	1.138769	1.080089	6.48483	1.466282
31188	-10413.42	-10915.24	501.8224	0.409622	0.457171	0.0202793	0.112927	1.43776	1.135211	6.102486	2.077042
31194	-10403.3	-10906.02	502.7245	0.401981	0.431211	0.0382775	0.128531	1.610319	1.189411	5.49827	2.077042
31200	-10395.5	-10897.26	501.7598	0.450911	0.319254	0.0864332	0.143402	1.095601	1.114155	6.133117	2.572663
31206	-10398.64	-10901.28	502.6402	0.454814	0.322017	0.078525	0.144644	1.217997	1.21088	5.424352	2.889543
31212	-10405.46	-10907.47	502.0059	0.402295	0.364705	0.128132	0.104868	1.217997	1.233967	5.799324	2.773525
31218	-10398.45	-10900.52	502.0682	0.37872	0.366756	0.142681	0.111843	1.141694	1.116382	6.306782	1.652636
31224	-10394.78	-10897.34	502.5607	0.335496	0.43903	0.126397	0.0990777	1.211734	1.180693	6.180158	1.209675
31230	-10394.9	-10898.03	503.1288	0.332522	0.440995	0.126962	0.0995212	1.01143	1.166567	5.966918	1.243212
31236	-10408.7	-10910.64	501.9368	0.36707	0.382915	0.140154	0.109861	1.033806	1.082474	6.477256	1.600104
31242	-10390.93	-10892.64	501.7077	0.399181	0.377454	0.103893	0.119472	1.01506	1.082474	6.633799	1.550916
31248	-10379.39	-10882.52	503.1315	0.300428	0.508102	0.0643682	0.127102	1.036399	1.176309	5.856917	1.424314
31254	-10373.88	-10876.48	502.5983	0.279937	0.563645	0.0714046	0.0850132	1.036399	1.176309	6.326605	1.070681
31260	-10380.95	-10884.19	503.2414	0.310916	0.507328	0.0262654	0.155491	1.121734	1.151344	5.716042	1.526717
31266	-10376.18	-10879.34	503.1561	0.362081	0.469658	0.0243151	0.143946	1.170228	1.191965	5.497672	2.022354
31272	-10395.88	-10898.47	502.5859	0.419953	0.422255	0.0283752	0.129417	1.230782	1.245821	5.548802	2.5449
31278	-10396.89	-10898.32	501.4213	0.419953	0.422255	0.0283752	0.129417	1.230782	1.152282	6.330021	2.290505
31284	-10417.96	-10919.53	501.5723	0.352397	0.465166	0.0398685	0.142569	1.31322	1.102579	6.280693	2.168469
31290	-10402.17	-10904.46	502.2835	0.319444	0.473539	0.104923	0.102094	0.9027624	1.165514	6.428577	1.360671
31296	-10395.74	-10899.12	503.3831	0.312878	0.484361	0.102766	0.0999953	0.9661089	1.191266	5.725063	1.475249
31302	-10391.91	-10895.19	503.2772	0.345078	0.393101	0.132699	0.129121	1.068882	1.194889	5.725063	1.475249
31308	-10412.43	-10914.88	502.448	0.354249	0.403548	0.136226	0.105978	0.8679812	1.194889	6.136563	1.811159
31314	-10429.53	-10932.87	503.3479	0.283167	0.384637	0.186842	0.145354	0.9135658	1.194889	5.77282	1.47272
31320	-10415.04	-10915.42	500.3837	0.501698	0.129538	0.254627	0.114137	1.476827	1.094407	6.768113	2.383819
31326	-10403.36	-10903.26	499.8953	0.587389	0.114316	0.19757	0.100725	1.404386	1.082445	6.768113	3.292551
31332	-10396.58	-10895.98	499.4005	0.591103	0.0470093	0.260526	0.101361	1.505821	1.034771	6.977201	3.410458
31338	-10404.78	-10905.53	500.7525	0.614224	0.0324574	0.244615	0.108704	1.40805	1.108591	6.252128	3.410458
31344	-10404.52	-10905.2	500.6817	0.537136	0.191167	0.176635	0.0950615	1.438741	1.139466	6.252128	3.433772
31350	-10392.45	-10892.56	500.1075	0.566864	0.116572	0.186411	0.130153	1.598663	1.153835	6.619426	2.990493
31356	-10400.86	-10903.1	502.2333	0.4782	0.29076	0.157254	0.0737862	1.080424	1.168752	5.897272	2.450827
31362	-10388.5	-10889.65	501.1457	0.398202	0.304182	0.253337	0.0442791	0.8949626	1.035319	6.977692	1.66263
31368	-10394.53	-10895.59	501.0528	0.412039	0.280002	0.262141	0.0458178	0.9390541	1.084226	6.617145	2.573508
31374	-10396.81	-10898.75	501.9434	0.296632	0.456453	0.166566	0.0803492	0.8446913	1.035794	6.668804	1.457713
31380	-10416.03	-10918.31	502.2882	0.336987	0.382507	0.189226	0.0912802	0.9526623	1.060455	6.54976	1.17227
31386	-10397.89	-10899.44	501.5557	0.443771	0.361662	0.10609	0.0884768	1.179212	1.064425	6.534176	1.787546
31392	-10395.32	-10895.98	500.656	0.439245	0.357973	0.105008	0.0977744	1.26559	1.053192	6.709334	2.483161
31398	-10409.06	-10909.84	500.7729	0.38972	0.466924	0.0566058	0.0867503	1.26559	1.107993	6.773533	2.069062
31404	-10387.91	-10889.43	501.5183	0.478766	0.20102	0.184304	0.13591	1.30936	1.127324	6.324641	2.102071
31410	-10404.31	-10906	501.6993	0.496144	0.160946	0.197367	0.145543	1.465552	1.206958	6.067602	2.202629
31416	-10409.93	-10911.3	501.3654	0.485631	0.203601	0.126652	0.184116	1.349666	1.216189	5.928629	3.277842
31422	-10398.45	-10900.19	501.7386	0.378409	0.36956	0.145703	0.106328	1.06707	1.169094	6.298136	2.124247
31428	-10414.74	-10915.44	500.7036	0.376482	0.367677	0.144961	0.11088	1.130888	1.092469	6.932339	1.958981
31434	-10418.76	-10919.29	500.5286	0.502499	0.15757	0.193483	0.146447	1.363777	1.080236	6.597708	2.820647
31440	-10404.35	-10904.37	500.0206	0.512833	0.16081	0.247219	0.0791376	1.310686	1.037204	6.897505	2.891989
31446	-10406.58	-10907.72	501.1381	0.424885	0.274256	0.204823	0.0960363	1.191778	1.04971	6.503034	2.441186
31452	-10395.12	-10896.39	501.263	0.455324	0.293903	0.163544	0.0872289	1.177263	1.04971	6.475997	2.351349
31458	-10408.86	-10909.67	500.8181	0.422943	0.256997	0.243784	0.0762752	1.29542	1.065942	6.581967	2.533157
31464	-10401.74	-10901.36	499.6271	0.43044	0.281029	0.217287	0.0712442	1.334003	1.07669	7.301276	2.255001
31470	-10399.07	-10899.85	500.7873	0.460632	0.254222	0.220698	0.0644484	1.378622	1.111848	6.512241	2.591694
31476	-10400.33	-10901.19	500.8516	0.450851	0.248824	0.213751	0.0865738	1.172301	1.141648	6.776461	2.028281
31482	-10396.36	-10898.08	501.7219	0.304812	0.484423	0.104804	0.105961	0.8780618	1.070943	6.957135	1.046087
31488	-10413.84	-10915.67	501.8289	0.310636	0.493679	0.0877003	0.107985	0.869004	1.148608	6.529183	1.737296
31494	-10393.15	-10894.98	501.8333	0.29904	0.47525	0.117564	0.108146	1.076527	1.163045	6.529183	1.46551
31500	-10396.36	-10898.17	501.8117	0.309213	0.491417	0.0875442	0.111825	1.312631	1.113431	6.469939	1.417015
31506	-10394.49	-10898.24	503.7473	0.274038	0.466913	0.157507	0.101542	0.9575085	1.197749	5.554492	1.417015
31512	-10426.77	-10928.53	501.7568	0.562937	0.128428	0.169216	0.139418	1.385591	1.223522	5.793904	2.962341
31518	-10401.39	-10902.34	500.9522	0.453714	0.297534	0.136384	0.112368	1.287576	1.100826	6.286607	3.152051
31524	-10405.46	-10905.95	500.4847	0.522721	0.141263	0.2719	0.0641156	1.337528	1.126325	6.785077	2.324504
31530	-10417.02	-10915.91	498.8887	0.50276	0.233557	0.154933	0.108751	1.375619	1.073301	6.857085	5.080679
31536	-10392.46	-10892.07	499.6119	0.497133	0.20191	0.202428	0.0985291	1.22857	1.087426	6.706956	4.359897
31542	-10403.24	-10904.04	500.7952	0.51696	0.134982	0.2456	0.102459	1.307296	1.051872	6.76879	2.074854
31548	-10398.93	-10899.1	500.1611	0.535554	0.105118	0.254434	0.104894	1.322221	1.019176	6.79534	2.98513
31554	-10426.15	-10927.27	501.1138	0.547769	0.128861	0.270647	0.052723	1.233719	1.035737	6.434126	2.632054
31560	-10417.27	-10918.68	501.4047	0.49284	0.219361	0.203785	0.0840138	1.25205	1.187532	6.301798	2.309869
31566	-10403.86	-10904.81	500.945	0.457913	0.266645	0.168577	0.106865	1.150504	1.118426	6.487212	2.736655
31572	-10400.31	-10900.16	499.845	0.478782	0.294917	0.108106	0.118195	1.366992	1.075369	6.789196	3.384669
31578	-10387.5	-10887.6	500.1043	0.530962	0.134971	0.20299	0.131077	1.400949	1.067822	6.484034	3.915883
31584	-10388.98	-10888.67	499.6864	0.478403	0.0901601	0.360977	0.07046	1.484675	1.073168	7.049351	2.670962
31590	-10390.92	-10891.09	500.1702	0.491355	0.0918818	0.36787	0.0488932	1.313816	1.128009	6.983754	2.275569
31596	-10393.86	-10893.95	500.0876	0.448098	0.279507	0.242092	0.0303023	1.318019	1.055191	6.983754	2.497393
31602	-10384.17	-10885.09	500.9143	0.459101	0.261816	0.248037	0.0310464	1.130482	1.117461	6.672559	2.297143
31608	-10385.7	-10887.18	501.4847	0.512412	0.223134	0.206143	0.0583107	1.317171	1.111702	6.306751	2.206028
31614	-10410.15	-10911.03	500.8842	0.4536	0.281028	0.213754	0.0516181	1.377347	1.068641	6.729131	1.947251
31620	-10394.02	-10895.78	501.7542	0.457508	0.199827	0.290602	0.0520628	1.300294	1.142364	6.313917	1.808895
31626	-10403.61	-10904.33	500.7161	0.500895	0.180271	0.262162	0.0566723	1.621883	1.118308	6.712078	1.867916
31632	-10399.27	-10901.35	502.0755	0.465166	0.182763	0.276555	0.0755167	1.212879	1.089075	6.17868	1.888049
31638	-10401.7	-10904.54	502.8469	0.450555	0.208432	0.267868	0.0731448	1.302767	1.205657	5.577656	2.057844
31644	-10394.88	-10896.6	501.7208	0.449438	0.209188	0.259729	0.0816455	1.146682	1.097333	6.242246	2.285708
31650	-10395.65	-10896.26	500.6145	0.546674	0.112823	0.179896	0.160606	1.704256	1.089864	6.368253	2.88067
31656	-10395.06	-10895.17	500.1101	0.640745	0.11157	0.0896339	0.15805	1.814558	1.083045	6.368253	3.620797
31662	-10403.19	-10902.46	499.269	0.480634	0.25942	0.0829552	0.176991	1.228113	1.056935	6.915509	4.333334
31668	-10417.46	-10917.5	500.0392	0.40642	0.37602	0.0678987	0.149662	1.384134	1.051637	7.000146	2.440583
31674	-10404.64	-10906.79	502.1545	0.415944	0.352606	0.0911069	0.140343	1.288575	1.051637	6.22701	1.637314
31680	-10377.35	-10879.74	502.3888	0.426383	0.367297	0.0949029	0.111417	1.054753	1.125721	5.810817	2.557441
31686	-10397.17	-10899.15	501.977	0.405486	0.345707	0.102629	0.146178	1.054753	1.104192	6.26949	1.977747
31692	-10398.7	-10899.77	501.0703	0.329658	0.425788	0.125712	0.118842	1.084392	1.006318	6.73317	2.13919
31698	-10406.75	-10908.86	502.1127	0.381025	0.424041	0.102329	0.0926047	1.295169	1.191358	6.113498	1.765915
31704	-10401.91	-10904.52	502.615	0.37457	0.288812	0.245582	0.0910358	0.9902488	1.180904	6.113498	1.525024
31710	-10406.68	-10908.6	501.9242	0.413309	0.302611	0.202478	0.0816014	0.9069223	1.161977	6.281961	2.140772
